村志代码 Gazetteer Code,村志书名 Gazetteer Title,Category,Division1,Subdivision,Start Year,End Year,Data
0001,太平店村志,小学在校生 Elementary School Students,,,1960,1968,250
0001,太平店村志,小学在校生 Elementary School Students,,,1969,1970,500
0001,太平店村志,小学在校生 Elementary School Students,,,1988,1991,350
0001,太平店村志,小学在校生 Elementary School Students,,,1991,1997,350
0001,太平店村志,小学在校生 Elementary School Students,,,1997,2003,300
0001,太平店村志,小学在校生 Elementary School Students,,,2003,2008,400
0001,太平店村志,小学老师 Elementary School Teachers,,,1969,1970,22
0001,太平店村志,小学老师 Elementary School Teachers,,,1988,1991,16
0001,太平店村志,小学老师 Elementary School Teachers,,,1991,1997,15
0001,太平店村志,小学老师 Elementary School Teachers,,,1997,2003,15
0001,太平店村志,小学老师 Elementary School Teachers,,,2003,2008,14
0004,万秀村志,小学在校生 Elementary School Students,,,1951,1952,80
0004,万秀村志,小学在校生 Elementary School Students,,,1952,1953,110
0004,万秀村志,小学在校生 Elementary School Students,,,1953,1954,125
0004,万秀村志,小学在校生 Elementary School Students,,,1954,1955,148
0004,万秀村志,小学在校生 Elementary School Students,,,1955,1956,150
0004,万秀村志,小学在校生 Elementary School Students,,,1956,1957,156
0004,万秀村志,小学在校生 Elementary School Students,,,1957,1958,199
0004,万秀村志,小学在校生 Elementary School Students,,,1958,1959,237
0004,万秀村志,小学在校生 Elementary School Students,,,1959,1960,244
0004,万秀村志,小学在校生 Elementary School Students,,,1960,1961,246
0004,万秀村志,小学在校生 Elementary School Students,,,1961,1962,240
0004,万秀村志,小学在校生 Elementary School Students,,,1962,1963,281
0004,万秀村志,小学在校生 Elementary School Students,,,1963,1964,286
0004,万秀村志,小学在校生 Elementary School Students,,,1964,1965,288
0004,万秀村志,小学在校生 Elementary School Students,,,1965,1966,321
0004,万秀村志,小学在校生 Elementary School Students,,,1966,1967,323
0004,万秀村志,小学在校生 Elementary School Students,,,1967,1968,357
0004,万秀村志,小学在校生 Elementary School Students,,,1968,1969,275
0004,万秀村志,小学在校生 Elementary School Students,,,1969,1970,310
0004,万秀村志,小学在校生 Elementary School Students,,,1970,1971,277
0004,万秀村志,小学在校生 Elementary School Students,,,1971,1972,309
0004,万秀村志,小学在校生 Elementary School Students,,,1973,1974,311
0004,万秀村志,小学在校生 Elementary School Students,,,1974,1975,279
0004,万秀村志,小学在校生 Elementary School Students,,,1975,1976,306
0004,万秀村志,小学在校生 Elementary School Students,,,1976,1977,315
0004,万秀村志,小学在校生 Elementary School Students,,,1977,1978,331
0004,万秀村志,小学在校生 Elementary School Students,,,1978,1979,339
0004,万秀村志,小学在校生 Elementary School Students,,,1979,1980,374
0004,万秀村志,小学在校生 Elementary School Students,,,1980,1981,354
0004,万秀村志,小学在校生 Elementary School Students,,,1981,1982,376
0004,万秀村志,小学在校生 Elementary School Students,,,1982,1983,379
0004,万秀村志,小学在校生 Elementary School Students,,,1983,1984,363
0004,万秀村志,小学在校生 Elementary School Students,,,1984,1985,348
0004,万秀村志,小学在校生 Elementary School Students,,,1985,1986,336
0004,万秀村志,小学在校生 Elementary School Students,,,1986,1987,330
0004,万秀村志,小学在校生 Elementary School Students,,,1987,1988,350
0004,万秀村志,小学在校生 Elementary School Students,,,1988,1989,361
0004,万秀村志,小学在校生 Elementary School Students,,,1989,1990,381
0004,万秀村志,小学在校生 Elementary School Students,,,1990,1991,402
0004,万秀村志,小学在校生 Elementary School Students,,,1991,1992,495
0004,万秀村志,小学在校生 Elementary School Students,,,1992,1993,646
0004,万秀村志,小学在校生 Elementary School Students,,,1993,1994,655
0004,万秀村志,小学在校生 Elementary School Students,,,1994,1995,741
0004,万秀村志,小学在校生 Elementary School Students,,,1995,1996,840
0004,万秀村志,小学在校生 Elementary School Students,,,1996,1997,892
0004,万秀村志,小学在校生 Elementary School Students,,,1997,1998,962
0004,万秀村志,小学在校生 Elementary School Students,,,1998,1999,958
0004,万秀村志,小学在校生 Elementary School Students,,,1999,2000,882
0004,万秀村志,小学在校生 Elementary School Students,,,2000,2001,879
0004,万秀村志,小学在校生 Elementary School Students,,,2001,2002,874
0004,万秀村志,小学在校生 Elementary School Students,,,2002,2003,823
0004,万秀村志,小学在校生 Elementary School Students,,,2003,2004,759
0004,万秀村志,小学在校生 Elementary School Students,,,2004,2005,772
0004,万秀村志,小学在校生 Elementary School Students,,,2005,2006,762
0004,万秀村志,小学在校生 Elementary School Students,,,2006,2007,812
0004,万秀村志,小学在校生 Elementary School Students,,,2007,2008,914
0004,万秀村志,小学老师 Elementary School Teachers,,,1952,1953,3
0004,万秀村志,小学老师 Elementary School Teachers,,,1953,1954,3
0004,万秀村志,小学老师 Elementary School Teachers,,,1954,1955,4
0004,万秀村志,小学老师 Elementary School Teachers,,,1955,1956,4
0004,万秀村志,小学老师 Elementary School Teachers,,,1956,1957,4
0004,万秀村志,小学老师 Elementary School Teachers,,,1957,1958,6
0004,万秀村志,小学老师 Elementary School Teachers,,,1958,1959,6
0004,万秀村志,小学老师 Elementary School Teachers,,,1959,1960,7
0004,万秀村志,小学老师 Elementary School Teachers,,,1960,1961,8
0004,万秀村志,小学老师 Elementary School Teachers,,,1961,1962,9
0004,万秀村志,小学老师 Elementary School Teachers,,,1962,1963,12
0004,万秀村志,小学老师 Elementary School Teachers,,,1963,1964,13
0004,万秀村志,小学老师 Elementary School Teachers,,,1964,1965,13
0004,万秀村志,小学老师 Elementary School Teachers,,,1965,1966,13
0004,万秀村志,小学老师 Elementary School Teachers,,,1966,1967,13
0004,万秀村志,小学老师 Elementary School Teachers,,,1967,1968,13
0004,万秀村志,小学老师 Elementary School Teachers,,,1968,1969,16
0004,万秀村志,小学老师 Elementary School Teachers,,,1969,1970,19
0004,万秀村志,小学老师 Elementary School Teachers,,,1970,1971,20
0004,万秀村志,小学老师 Elementary School Teachers,,,1971,1972,23
0004,万秀村志,小学老师 Elementary School Teachers,,,1972,1973,23
0004,万秀村志,小学老师 Elementary School Teachers,,,1973,1974,23
0004,万秀村志,小学老师 Elementary School Teachers,,,1974,1975,23
0004,万秀村志,小学老师 Elementary School Teachers,,,1975,1976,23
0004,万秀村志,小学老师 Elementary School Teachers,,,1976,1977,23
0004,万秀村志,小学老师 Elementary School Teachers,,,1977,1978,23
0004,万秀村志,小学老师 Elementary School Teachers,,,1978,1979,23
0004,万秀村志,小学老师 Elementary School Teachers,,,1979,1980,23
0004,万秀村志,小学老师 Elementary School Teachers,,,1980,1981,21
0004,万秀村志,小学老师 Elementary School Teachers,,,1981,1982,20
0004,万秀村志,小学老师 Elementary School Teachers,,,1982,1983,18
0004,万秀村志,小学老师 Elementary School Teachers,,,1983,1984,19
0004,万秀村志,小学老师 Elementary School Teachers,,,1984,1985,20
0004,万秀村志,小学老师 Elementary School Teachers,,,1985,1986,22
0004,万秀村志,小学老师 Elementary School Teachers,,,1986,1987,24
0004,万秀村志,小学老师 Elementary School Teachers,,,1987,1988,24
0004,万秀村志,小学老师 Elementary School Teachers,,,1988,1989,22
0004,万秀村志,小学老师 Elementary School Teachers,,,1989,1990,26
0004,万秀村志,小学老师 Elementary School Teachers,,,1990,1991,26
0004,万秀村志,小学老师 Elementary School Teachers,,,1991,1992,27
0004,万秀村志,小学老师 Elementary School Teachers,,,1992,1993,29
0004,万秀村志,小学老师 Elementary School Teachers,,,1993,1994,30
0004,万秀村志,小学老师 Elementary School Teachers,,,1994,1995,33
0004,万秀村志,小学老师 Elementary School Teachers,,,1995,1996,33
0004,万秀村志,小学老师 Elementary School Teachers,,,1998,1999,44
0004,万秀村志,小学老师 Elementary School Teachers,,,1999,2000,45
0004,万秀村志,小学老师 Elementary School Teachers,,,2000,2001,41
0004,万秀村志,小学老师 Elementary School Teachers,,,2001,2002,41
0004,万秀村志,小学老师 Elementary School Teachers,,,2002,2003,40
0004,万秀村志,小学老师 Elementary School Teachers,,,2003,2004,45
0004,万秀村志,小学老师 Elementary School Teachers,,,2004,2005,43
0004,万秀村志,小学老师 Elementary School Teachers,,,2005,2006,46
0004,万秀村志,小学老师 Elementary School Teachers,,,2006,2007,48
0004,万秀村志,小学在校生 Elementary School Students,,,1972,1973,281
0004,万秀村志,小学老师 Elementary School Teachers,,,1996,1997,37
0004,万秀村志,小学老师 Elementary School Teachers,,,1997,1998,38
0008,板板桥村志,小学在校生 Elementary School Students,,,1951,1954,60
0008,板板桥村志,小学在校生 Elementary School Students,,,1956,1961,67
0008,板板桥村志,小学在校生 Elementary School Students,,,1962,1967,84
0008,板板桥村志,小学在校生 Elementary School Students,,,1968,1977,210
0008,板板桥村志,小学在校生 Elementary School Students,,,1978,1980,410
0008,板板桥村志,小学在校生 Elementary School Students,,,1980,1981,357
0008,板板桥村志,小学在校生 Elementary School Students,,,1981,1992,388
0008,板板桥村志,小学在校生 Elementary School Students,,,1993,1994,368
0008,板板桥村志,小学在校生 Elementary School Students,,,1995,1997,290
0008,板板桥村志,小学在校生 Elementary School Students,,,1998,2000,302
0008,板板桥村志,小学在校生 Elementary School Students,,,2001,2005,297
0008,板板桥村志,小学老师 Elementary School Teachers,,,1951,1954,1
0008,板板桥村志,小学老师 Elementary School Teachers,,,1956,1961,1
0008,板板桥村志,小学老师 Elementary School Teachers,,,1962,1967,3
0008,板板桥村志,小学老师 Elementary School Teachers,,,1968,1977,18
0008,板板桥村志,小学老师 Elementary School Teachers,,,1978,1980,18
0008,板板桥村志,小学老师 Elementary School Teachers,,,1980,1981,18
0008,板板桥村志,小学老师 Elementary School Teachers,,,1981,1992,17
0008,板板桥村志,小学老师 Elementary School Teachers,,,1993,1994,19
0008,板板桥村志,小学老师 Elementary School Teachers,,,1995,1997,18
0008,板板桥村志,小学老师 Elementary School Teachers,,,1998,2000,19
0008,板板桥村志,小学老师 Elementary School Teachers,,,2001,2005,18
0014,桑耳庄村志,新入学生 - 大学 Initial Student Enrollment - College/University,,,1980,2000,42
0017,单家村村志,新入学生 - 大学 Initial Student Enrollment - College/University,,,1977,2010,53
0023,凤池村志,新入学生 - 大学 Initial Student Enrollment - College/University,,,1949,2005,71
0025,马头村志,新入学生 - 大学 Initial Student Enrollment - College/University,,,1978,2012,78
0028,莲塘村志,小学在校生 Elementary School Students,,,1949,1951,25
0028,莲塘村志,小学在校生 Elementary School Students,,,1951,1960,30
0028,莲塘村志,小学在校生 Elementary School Students,,,1960,1972,130
0028,莲塘村志,小学在校生 Elementary School Students,,,1973,1991,438
0028,莲塘村志,小学在校生 Elementary School Students,,,1991,2007,530
0028,莲塘村志,小学在校生 Elementary School Students,,,2007,2009,100
0028,莲塘村志,小学老师 Elementary School Teachers,,,1949,1951,4
0028,莲塘村志,小学老师 Elementary School Teachers,,,1951,1960,2
0028,莲塘村志,小学老师 Elementary School Teachers,,,1960,1972,6
0028,莲塘村志,小学老师 Elementary School Teachers,,,1991,2007,16
0028,莲塘村志,小学老师 Elementary School Teachers,,,2007,2009,18
0028,莲塘村志,受教育程度 Highest Level of Education,大专以上 College/University or Higher,人数 number of people,1949,1978,12
0028,莲塘村志,受教育程度 Highest Level of Education,大专以上 College/University or Higher,人数 number of people,1979,2009,155
0031,南凤山村志,新入学生 - 大学 Initial Student Enrollment - College/University,,,1977,2008,120
0031,南凤山村志,小学老师 Elementary School Teachers,,,1950,1968,14
0031,南凤山村志,小学老师 Elementary School Teachers,,,1969,2001,36
0031,南凤山村志,受教育程度 Highest Level of Education,大专以上 College/University or Higher,人数 number of people,1949,2008,121
0032,井亭村志,新入学生 - 大学 Initial Student Enrollment - College/University,,,1998,2006,137
0034,胡家村志,新入学生 - 大学 Initial Student Enrollment - College/University,,,2000,2008,45
0035,洪塘头村志,小学在校生 Elementary School Students,,,1949,1952,60
0035,洪塘头村志,小学在校生 Elementary School Students,,,1974,1978,400
0035,洪塘头村志,小学在校生 Elementary School Students,,,1997,2003,400
0035,洪塘头村志,小学老师 Elementary School Teachers,,,1949,1952,2
0035,洪塘头村志,小学老师 Elementary School Teachers,,,1974,1978,23
0035,洪塘头村志,受教育程度 Highest Level of Education,大专以上 College/University or Higher,人数 number of people,1977,2008,47
0036,周家巷村志,受教育程度 Highest Level of Education,初中 Junior High School,人数 number of people,1949,2008,599
0036,周家巷村志,受教育程度 Highest Level of Education,中专高中 High School,人数 number of people,1949,2008,240
0036,周家巷村志,受教育程度 Highest Level of Education,大专以上 College/University or Higher,人数 number of people,1949,2008,152
0038,梁口村志,新入学生 - 大学 Initial Student Enrollment - College/University,,,1950,2008,58
0041,博潭村志,新入学生 - 大学 Initial Student Enrollment - College/University,,,1949,1998,53
0042,新桥村志,新入学生 - 大学 Initial Student Enrollment - College/University,,,1990,2004,88
0045,定安村志,受教育程度 Highest Level of Education,初中 Junior High School,人数 number of people,1950,1960,40
0045,定安村志,受教育程度 Highest Level of Education,初中 Junior High School,人数 number of people,1960,1970,76
0045,定安村志,受教育程度 Highest Level of Education,初中 Junior High School,人数 number of people,1970,1980,250
0045,定安村志,受教育程度 Highest Level of Education,初中 Junior High School,人数 number of people,1980,1990,335
0045,定安村志,受教育程度 Highest Level of Education,初中 Junior High School,人数 number of people,1990,2000,220
0045,定安村志,受教育程度 Highest Level of Education,初中 Junior High School,人数 number of people,2000,2004,230
0045,定安村志,受教育程度 Highest Level of Education,中专高中 High School,人数 number of people,1950,1960,8
0045,定安村志,受教育程度 Highest Level of Education,中专高中 High School,人数 number of people,1960,1970,19
0045,定安村志,受教育程度 Highest Level of Education,中专高中 High School,人数 number of people,1970,1980,46
0045,定安村志,受教育程度 Highest Level of Education,中专高中 High School,人数 number of people,1980,1990,75
0045,定安村志,受教育程度 Highest Level of Education,中专高中 High School,人数 number of people,1990,2000,104
0045,定安村志,受教育程度 Highest Level of Education,中专高中 High School,人数 number of people,2000,2004,60
0045,定安村志,受教育程度 Highest Level of Education,大专以上 College/University or Higher,人数 number of people,1950,1960,3
0045,定安村志,受教育程度 Highest Level of Education,大专以上 College/University or Higher,人数 number of people,1960,1970,5
0045,定安村志,受教育程度 Highest Level of Education,大专以上 College/University or Higher,人数 number of people,1970,1980,9
0045,定安村志,受教育程度 Highest Level of Education,大专以上 College/University or Higher,人数 number of people,1980,1990,10
0045,定安村志,受教育程度 Highest Level of Education,大专以上 College/University or Higher,人数 number of people,1990,2000,22
0045,定安村志,受教育程度 Highest Level of Education,大专以上 College/University or Higher,人数 number of people,2000,2004,35
0047,冯桥村志,受教育程度 Highest Level of Education,初中 Junior High School,人数 number of people,1949,1966,11
0047,冯桥村志,受教育程度 Highest Level of Education,中专高中 High School,人数 number of people,1949,1966,5
0047,冯桥村志,受教育程度 Highest Level of Education,大专以上 College/University or Higher,人数 number of people,1949,1966,1
0051,潭前王村志,小学在校生 Elementary School Students,,,1960,1969,524
0051,潭前王村志,小学在校生 Elementary School Students,,,1993,2002,874
0051,潭前王村志,小学老师 Elementary School Teachers,,,1993,2002,30
0051,潭前王村志,受教育程度 Highest Level of Education,大专以上 College/University or Higher,人数 number of people,1949,2003,374
0053,牟家村志,受教育程度 Highest Level of Education,文盲 Illiterate,人数 number of people,1960,1962,207
0057,尧治河村志,小学老师 Elementary School Teachers,,,1951,2007,41
0058,袁家沟村志,受教育程度 Highest Level of Education,小学 Elementary School,人数 number of people,1978,2008,177
0058,袁家沟村志,受教育程度 Highest Level of Education,初中 Junior High School,人数 number of people,1978,2008,312
0058,袁家沟村志,受教育程度 Highest Level of Education,中专高中 High School,人数 number of people,1978,2008,57
0058,袁家沟村志,受教育程度 Highest Level of Education,大专以上 College/University or Higher,人数 number of people,1978,2008,35
0061,西高庄村志,新入学生 - 大学 Initial Student Enrollment - College/University,,,1995,2010,20
0063,盘山村志,受教育程度 Highest Level of Education,小学 Elementary School,人数 number of people,1949,2009,4400
0063,盘山村志,受教育程度 Highest Level of Education,初中 Junior High School,人数 number of people,1949,2009,150
0063,盘山村志,受教育程度 Highest Level of Education,大专以上 College/University or Higher,人数 number of people,1963,2010,99
0066,四马台村志,小学老师 Elementary School Teachers,,,1956,2001,59
0074,上东廓村志,小学在校生 Elementary School Students,,,1953,1956,70
0074,上东廓村志,受教育程度 Highest Level of Education,中专高中 High School,人数 number of people,1949,2007,148
0074,上东廓村志,受教育程度 Highest Level of Education,大专以上 College/University or Higher,人数 number of people,1949,2007,124
0076,沁水营村志,小学老师 Elementary School Teachers,,,1949,2008,15
0081,北仪仙村志,新入学生 - 大学 Initial Student Enrollment - College/University,,,1952,1995,43
0081,北仪仙村志,受教育程度 Highest Level of Education,小学 Elementary School,人数 number of people,1949,1967,870
0081,北仪仙村志,受教育程度 Highest Level of Education,小学 Elementary School,人数 number of people,1968,1977,1200
0081,北仪仙村志,受教育程度 Highest Level of Education,初中 Junior High School,人数 number of people,1949,1967,90
0081,北仪仙村志,受教育程度 Highest Level of Education,初中 Junior High School,人数 number of people,1968,1977,250
0081,北仪仙村志,受教育程度 Highest Level of Education,中专高中 High School,人数 number of people,1949,1967,2
0081,北仪仙村志,受教育程度 Highest Level of Education,中专高中 High School,人数 number of people,1968,1977,10
0084,三力村志,新入学生 - 大学 Initial Student Enrollment - College/University,,,1950,1959,2
0089,新立村志,小学老师 Elementary School Teachers,,,1949,2000,146
0090,高山村志,小学在校生 Elementary School Students,,,1950,1952,440
0090,高山村志,小学在校生 Elementary School Students,,,1952,1955,500
0090,高山村志,小学在校生 Elementary School Students,,,1956,1958,550
0090,高山村志,小学在校生 Elementary School Students,,,1959,1969,550
0090,高山村志,小学在校生 Elementary School Students,,,1969,1971,550
0090,高山村志,小学在校生 Elementary School Students,,,1971,1975,550
0090,高山村志,小学在校生 Elementary School Students,,,1975,1978,550
0090,高山村志,小学在校生 Elementary School Students,,,1978,1985,550
0090,高山村志,小学在校生 Elementary School Students,,,1985,1986,600
0090,高山村志,小学在校生 Elementary School Students,,,1986,1988,600
0090,高山村志,小学在校生 Elementary School Students,,,1988,1989,600
0090,高山村志,小学在校生 Elementary School Students,,,1989,1993,580
0090,高山村志,小学在校生 Elementary School Students,,,1993,1998,742
0090,高山村志,小学在校生 Elementary School Students,,,1998,2003,742
0094,长畛村志,小学老师 Elementary School Teachers,,,1950,2001,17
0097,插旗山村志,受教育程度 Highest Level of Education,大专以上 College/University or Higher,人数 number of people,1975,2014,79
0099,银桥村村志,受教育程度 Highest Level of Education,初中 Junior High School,人数 number of people,1949,2011,1318
0099,银桥村村志,受教育程度 Highest Level of Education,中专高中 High School,人数 number of people,1949,2011,227
0099,银桥村村志,受教育程度 Highest Level of Education,大专以上 College/University or Higher,人数 number of people,1949,2011,147
0100,崖堡村志,小学在校生 Elementary School Students,,,1978,1980,250
0117,正蓝前二村志,小学在校生 Elementary School Students,,,1958,1960,20
0117,正蓝前二村志,小学老师 Elementary School Teachers,,,1958,1960,10
0121,马村志,小学在校生 Elementary School Students,,,1957,1959,130
0121,马村志,小学在校生 Elementary School Students,,,1970,1979,300
0121,马村志,小学老师 Elementary School Teachers,,,1970,1979,10
0125,长见村志,小学在校生 Elementary School Students,,,1950,1953,35
0125,长见村志,小学在校生 Elementary School Students,,,1954,1962,40
0125,长见村志,小学在校生 Elementary School Students,,,1965,1971,45
0125,长见村志,小学在校生 Elementary School Students,,,1973,1975,55
0125,长见村志,小学在校生 Elementary School Students,,,1979,1981,180
0125,长见村志,小学在校生 Elementary School Students,,,1982,1983,150
0125,长见村志,小学老师 Elementary School Teachers,,,1956,1959,2
0125,长见村志,小学老师 Elementary School Teachers,,,1961,1962,2
0125,长见村志,小学老师 Elementary School Teachers,,,1963,1964,1
0125,长见村志,小学老师 Elementary School Teachers,,,1965,1971,3
0125,长见村志,小学老师 Elementary School Teachers,,,1972,1980,7
0125,长见村志,小学老师 Elementary School Teachers,,,1981,1985,6
0125,长见村志,小学老师 Elementary School Teachers,,,1981,1991,16
0126,文大村志,小学在校生 Elementary School Students,,,1960,1969,100
0126,文大村志,小学在校生 Elementary School Students,,,1979,1989,250
0126,文大村志,小学老师 Elementary School Teachers,,,1960,1969,11
0126,文大村志,小学老师 Elementary School Teachers,,,1979,1989,12
0132,毕家上流村志,受教育程度 Highest Level of Education,初中 Junior High School,人数 number of people,1951,2010,1684
0132,毕家上流村志,受教育程度 Highest Level of Education,大专以上 College/University or Higher,人数 number of people,1951,2010,60
0134,梁堡村志,受教育程度 Highest Level of Education,小学 Elementary School,人数 number of people,1949,1966,12
0134,梁堡村志,受教育程度 Highest Level of Education,中专高中 High School,人数 number of people,1949,1966,6
0134,梁堡村志,受教育程度 Highest Level of Education,大专以上 College/University or Higher,人数 number of people,1949,1966,1
0134,梁堡村志,受教育程度 Highest Level of Education,初中 Junior High School,人数 number of people,1967,1979,2
0134,梁堡村志,受教育程度 Highest Level of Education,中专高中 High School,人数 number of people,1967,1979,23
0134,梁堡村志,受教育程度 Highest Level of Education,大专以上 College/University or Higher,人数 number of people,1967,1979,3
0134,梁堡村志,受教育程度 Highest Level of Education,中专高中 High School,人数 number of people,1980,2000,7
0134,梁堡村志,受教育程度 Highest Level of Education,大专以上 College/University or Higher,人数 number of people,1980,2000,22
0134,梁堡村志,受教育程度 Highest Level of Education,大专以上 College/University or Higher,人数 number of people,2001,2016,143
0138,东颜村志,新入学生 - 大学 Initial Student Enrollment - College/University,,,1980,2000,40
0138,东颜村志,受教育程度 Highest Level of Education,大专以上 College/University or Higher,人数 number of people,1949,2008,125
0141,大三家村志,小学老师 Elementary School Teachers,,,1970,1980,8
0142,纳家户村志,小学在校生 Elementary School Students,,,1952,1957,300
0142,纳家户村志,小学在校生 Elementary School Students,,,1966,1976,400
0142,纳家户村志,小学老师 Elementary School Teachers,,,1952,1957,16
0144,上庄村志,小学在校生 Elementary School Students,,,1949,1950,240
0144,上庄村志,小学老师 Elementary School Teachers,,,1949,1950,7
0146,凤凰庙村志,受教育程度 Highest Level of Education,大专以上 College/University or Higher,人数 number of people,1986,2014,51
0146,凤凰庙村志,小学在校生 Elementary School Students,,,1982,1983,200
0146,凤凰庙村志,小学老师 Elementary School Teachers,,,1982,1983,11
0148,西厂圪洞村志,小学在校生 Elementary School Students,,,1974,1976,150
0148,西厂圪洞村志,小学老师 Elementary School Teachers,,,1974,1976,7
0149,严小村村志,小学在校生 Elementary School Students,,,1950,1953,35
0149,严小村村志,小学在校生 Elementary School Students,,,1962,1967,55
0149,严小村村志,小学在校生 Elementary School Students,,,1969,1971,70
0149,严小村村志,小学在校生 Elementary School Students,,,1972,1975,80
0149,严小村村志,小学在校生 Elementary School Students,,,1984,1987,180
0149,严小村村志,小学在校生 Elementary School Students,,,1988,1990,140
0149,严小村村志,小学在校生 Elementary School Students,,,1991,1995,140
0149,严小村村志,小学在校生 Elementary School Students,,,1995,1998,105
0149,严小村村志,小学老师 Elementary School Teachers,,,1950,1953,1
0149,严小村村志,小学老师 Elementary School Teachers,,,1957,1959,1
0149,严小村村志,小学老师 Elementary School Teachers,,,1962,1967,1
0149,严小村村志,小学老师 Elementary School Teachers,,,1969,1971,2
0149,严小村村志,小学老师 Elementary School Teachers,,,1972,1975,3
0149,严小村村志,小学老师 Elementary School Teachers,,,1977,1979,3
0149,严小村村志,小学老师 Elementary School Teachers,,,1984,1987,7
0149,严小村村志,小学老师 Elementary School Teachers,,,1988,1990,8
0149,严小村村志,小学老师 Elementary School Teachers,,,1991,1994,13
0149,严小村村志,小学老师 Elementary School Teachers,,,1994,1998,11
0149,严小村村志,受教育程度 Highest Level of Education,小学 Elementary School,人数 number of people,1952,2009,451
0149,严小村村志,受教育程度 Highest Level of Education,中专高中 High School,人数 number of people,1952,2009,89
0149,严小村村志,受教育程度 Highest Level of Education,大专以上 College/University or Higher,人数 number of people,1952,2009,58
0151,宜安村志,小学在校生 Elementary School Students,,,1959,1966,140
0151,宜安村志,小学老师 Elementary School Teachers,,,1959,1966,4
0151,宜安村志,受教育程度 Highest Level of Education,小学 Elementary School,人数 number of people,1949,2012,1600
0151,宜安村志,受教育程度 Highest Level of Education,中专高中 High School,人数 number of people,1949,2012,122
0151,宜安村志,受教育程度 Highest Level of Education,大专以上 College/University or Higher,人数 number of people,1949,2012,266
0151,宜安村志,受教育程度 Highest Level of Education,大专以上 College/University or Higher,人数 number of people,1961,2011,266
0154,马路村志,小学在校生 Elementary School Students,,,1971,1989,400
0154,马路村志,小学老师 Elementary School Teachers,,,1971,1989,40
0154,马路村志,小学在校生 Elementary School Students,,,1993,1996,300
0154,马路村志,小学老师 Elementary School Teachers,,,1993,1996,20
0154,马路村志,受教育程度 Highest Level of Education,文盲 Illiterate,百分比 (%) percentage,1970,1979,30
0154,马路村志,受教育程度 Highest Level of Education,大专以上 College/University or Higher,人数 number of people,1960,2011,116
0158,茅草村志,小学在校生 Elementary School Students,,,1949,1952,89
0158,茅草村志,小学老师 Elementary School Teachers,,,1949,1952,7
0158,茅草村志,受教育程度 Highest Level of Education,文盲 Illiterate,百分比 (%) percentage,1960,1962,39.3
0158,茅草村志,受教育程度 Highest Level of Education,文盲 Illiterate,百分比 (%) percentage,1997,1999,4.2
0158,茅草村志,受教育程度 Highest Level of Education,大专以上 College/University or Higher,人数 number of people,1949,2007,132
0160,逯家寨志,小学老师 Elementary School Teachers,,,1958,1962,2
0163,莲麻坑村志,小学在校生 Elementary School Students,,,1957,1959,100
0163,莲麻坑村志,小学在校生 Elementary School Students,,,1990,1999,100
0164,八卦营村志,受教育程度 Highest Level of Education,中专高中 High School,人数 number of people,1949,2005,7
0164,八卦营村志,受教育程度 Highest Level of Education,大专以上 College/University or Higher,人数 number of people,1949,2005,32
0172,定平村志,受教育程度 Highest Level of Education,大专以上 College/University or Higher,人数 number of people,1949,2006,80
0173,果山村志,新入学生 - 大学 Initial Student Enrollment - College/University,,,1950,2008,32
0176,汪家塬村志,新入学生 - 大学 Initial Student Enrollment - College/University,,,1969,1980,38
0181,弼唐村志,新入学生 - 大学 Initial Student Enrollment - College/University,,,1949,1993,6
0184,横西村志,小学老师 Elementary School Teachers,,,1957,1985,77
0184,横西村志,受教育程度 Highest Level of Education,大专以上 College/University or Higher,人数 number of people,1954,1999,83
0185,镇海村志,新入学生 - 大学 Initial Student Enrollment - College/University,,,1959,2005,60
0190,范家店村志,小学在校生 Elementary School Students,,,1970,1979,180
0190,范家店村志,小学老师 Elementary School Teachers,,,1970,1979,7
0190,范家店村志,受教育程度 Highest Level of Education,大专以上 College/University or Higher,人数 number of people,1953,2010,93
0193,唐美村志,小学在校生 Elementary School Students,,,1989,1990,391
0193,唐美村志,小学在校生 Elementary School Students,,,2000,2001,260
0193,唐美村志,受教育程度 Highest Level of Education,大专以上 College/University or Higher,人数 number of people,1949,2004,91
0195,珂里庄志,小学在校生 Elementary School Students,,,1949,1956,400
0196,吉镇村志,小学在校生 Elementary School Students,,,1950,1959,700
0196,吉镇村志,小学老师 Elementary School Teachers,,,1950,1959,20
0196,吉镇村志,受教育程度 Highest Level of Education,大专以上 College/University or Higher,人数 number of people,1949,2005,250
0197,贤友村志,新入学生 - 大学 Initial Student Enrollment - College/University,,,1949,2014,131
0197,贤友村志,小学在校生 Elementary School Students,,,1957,1959,20
0197,贤友村志,小学老师 Elementary School Teachers,,,1957,1959,1
0197,贤友村志,小学在校生 Elementary School Students,,,1962,1968,50
0197,贤友村志,小学老师 Elementary School Teachers,,,1962,1968,1
0197,贤友村志,小学在校生 Elementary School Students,,,1975,1977,50
0197,贤友村志,小学老师 Elementary School Teachers,,,1975,1977,5
0197,贤友村志,小学在校生 Elementary School Students,,,1977,1981,40
0197,贤友村志,小学老师 Elementary School Teachers,,,1977,1981,5
0197,贤友村志,小学在校生 Elementary School Students,,,1981,1986,80
0197,贤友村志,小学老师 Elementary School Teachers,,,1981,1986,9
0197,贤友村志,小学在校生 Elementary School Students,,,1986,1988,80
0197,贤友村志,小学老师 Elementary School Teachers,,,1986,1988,8
0197,贤友村志,小学在校生 Elementary School Students,,,1988,1991,90
0197,贤友村志,小学老师 Elementary School Teachers,,,1988,1991,8
0197,贤友村志,小学老师 Elementary School Teachers,,,1991,1996,9
0197,贤友村志,小学在校生 Elementary School Students,,,1996,1999,120
0197,贤友村志,小学老师 Elementary School Teachers,,,1996,1999,11
0197,贤友村志,小学在校生 Elementary School Students,,,1999,2003,120
0197,贤友村志,小学老师 Elementary School Teachers,,,1999,2003,11
0197,贤友村志,小学在校生 Elementary School Students,,,2003,2006,133
0197,贤友村志,小学老师 Elementary School Teachers,,,2003,2006,14
0197,贤友村志,小学在校生 Elementary School Students,,,2006,2007,110
0197,贤友村志,小学老师 Elementary School Teachers,,,2006,2007,8
0197,贤友村志,小学在校生 Elementary School Students,,,2007,2012,60
0197,贤友村志,小学老师 Elementary School Teachers,,,2007,2012,10
0197,贤友村志,小学在校生 Elementary School Students,,,2012,2014,30
0197,贤友村志,小学老师 Elementary School Teachers,,,2012,2014,13
0198,徐家河村志,新入学生 - 大学 Initial Student Enrollment - College/University,,,1949,2006,80
0198,徐家河村志,受教育程度 Highest Level of Education,文盲 Illiterate,人数 number of people,1949,2006,58
0198,徐家河村志,受教育程度 Highest Level of Education,小学 Elementary School,人数 number of people,1949,2006,257
0198,徐家河村志,受教育程度 Highest Level of Education,初中 Junior High School,人数 number of people,1949,2006,181
0198,徐家河村志,受教育程度 Highest Level of Education,中专高中 High School,人数 number of people,1949,2006,185
0198,徐家河村志,受教育程度 Highest Level of Education,大专以上 College/University or Higher,人数 number of people,1949,2006,165
0198,徐家河村志,受教育程度 Highest Level of Education,文盲 Illiterate,百分比 (%) percentage,1949,2006,6.87
0198,徐家河村志,受教育程度 Highest Level of Education,小学 Elementary School,百分比 (%) percentage,1949,2006,30.45
0198,徐家河村志,受教育程度 Highest Level of Education,初中 Junior High School,百分比 (%) percentage,1949,2006,21.45
0198,徐家河村志,受教育程度 Highest Level of Education,中专高中 High School,百分比 (%) percentage,1949,2006,21.92
0198,徐家河村志,受教育程度 Highest Level of Education,大专以上 College/University or Higher,百分比 (%) percentage,1949,2006,19.31
0201,永联村志,小学在校生 Elementary School Students,,,1974,1975,157
0201,永联村志,小学老师 Elementary School Teachers,,,1974,1975,7
0218,九星村志,新入学生 - 大学 Initial Student Enrollment - College/University,,,1977,2010,170
0221,南胜村志,新入学生 - 大学 Initial Student Enrollment - College/University,,,1959,2011,224
0226,天井村志,小学在校生 Elementary School Students,,,1950,1957,30
0233,棠东村志,新入学生 - 大学 Initial Student Enrollment - College/University,,,2002,2004,70
0234,小坑村志,新入学生 - 大学 Initial Student Enrollment - College/University,,,1956,2004,39
0241,龙爪树村志,新入学生 - 大学 Initial Student Enrollment - College/University,,,2010,2013,83
0242,横浦村志,新入学生 - 大学 Initial Student Enrollment - College/University,,,1980,1989,4
0242,横浦村志,新入学生 - 大学 Initial Student Enrollment - College/University,,,1990,2010,45
0249,北桥村志,新入学生 - 大学 Initial Student Enrollment - College/University,,,1990,2012,100
0251,双河村志,受教育程度 Highest Level of Education,大专以上 College/University or Higher,人数 number of people,1949,2010,117
0255,民主村志,新入学生 - 大学 Initial Student Enrollment - College/University,,,1990,2010,381
0257,华一村志,新入学生 - 大学 Initial Student Enrollment - College/University,,,1990,2001,45
0261,寒王村志,新入学生 - 大学 Initial Student Enrollment - College/University,,,1951,2014,206
0263,东张口村志,新入学生 - 大学 Initial Student Enrollment - College/University,,,1949,1959,5
0265,磁山村志,小学在校生 Elementary School Students,,,1951,1955,160
0265,磁山村志,小学在校生 Elementary School Students,,,1956,1960,200
0265,磁山村志,小学在校生 Elementary School Students,,,1961,1965,210
0265,磁山村志,小学在校生 Elementary School Students,,,1971,1975,275
0265,磁山村志,小学在校生 Elementary School Students,,,1976,1980,286
0265,磁山村志,小学在校生 Elementary School Students,,,1981,1986,300
0265,磁山村志,小学老师 Elementary School Teachers,,,1951,1955,4
0265,磁山村志,小学老师 Elementary School Teachers,,,1956,1960,5
0265,磁山村志,小学老师 Elementary School Teachers,,,1971,1975,7
0265,磁山村志,小学老师 Elementary School Teachers,,,1976,1980,8
0265,磁山村志,小学老师 Elementary School Teachers,,,1981,1986,10
0266,洞阳观村志,小学在校生 Elementary School Students,,,1957,1958,600
0267,晨钟村志,新入学生 - 大学 Initial Student Enrollment - College/University,,,1949,2014,598
0268,北陈村志,新入学生 - 大学 Initial Student Enrollment - College/University,,,1949,2009,225
0271,东街村志,新入学生 - 大学 Initial Student Enrollment - College/University,,,1949,2015,140
0271,东街村志,小学在校生 Elementary School Students,,,1970,1977,230
0271,东街村志,小学在校生 Elementary School Students,,,1983,2015,300
0271,东街村志,小学在校生 Elementary School Students,,,1990,1999,480
0271,东街村志,小学老师 Elementary School Teachers,,,1983,2015,16
0271,东街村志,小学老师 Elementary School Teachers,,,1990,1999,24
0277,东大寨村志,小学在校生 Elementary School Students,,,1950,1958,60
0277,东大寨村志,小学在校生 Elementary School Students,,,1958,1967,150
0277,东大寨村志,小学在校生 Elementary School Students,,,1968,1974,250
0277,东大寨村志,小学老师 Elementary School Teachers,,,1968,1974,7
0278,国际村志,新入学生 - 大学 Initial Student Enrollment - College/University,,,1974,2014,298
0278,百胜村志,受教育程度 Highest Level of Education,大专以上 College/University or Higher,人数 number of people,1949,2007,225
0283,固新村志,新入学生 - 大学 Initial Student Enrollment - College/University,,,1949,2008,297
0285,土塘村志,新入学生 - 大学 Initial Student Enrollment - College/University,,,1949,2013,464
0289,百胜村志,受教育程度 Highest Level of Education,大专以上 College/University or Higher,人数 number of people,1949,2007,223
0293,碟子沟村志,新入学生 - 大学 Initial Student Enrollment - College/University,,,1949,2015,122
0294,北沙坡村志,新入学生 - 大学 Initial Student Enrollment - College/University,,,1950,2010,43
0298,葛富村志,小学在校生 Elementary School Students,,,1964,1968,123
0298,葛富村志,小学在校生 Elementary School Students,,,1968,1971,146
0298,葛富村志,小学在校生 Elementary School Students,,,1971,1972,156
0300,斗门村志,小学在校生 Elementary School Students,,,1970,1979,200
0301,长山村志,新入学生 - 大学 Initial Student Enrollment - College/University,,,1949,1991,56
0309,开弦弓村志,小学在校生 Elementary School Students,,,1949,1950,95
0309,开弦弓村志,小学在校生 Elementary School Students,,,1950,1952,137
0309,开弦弓村志,小学在校生 Elementary School Students,,,1952,1953,135
0309,开弦弓村志,小学在校生 Elementary School Students,,,1953,1954,131
0309,开弦弓村志,小学在校生 Elementary School Students,,,1954,1955,132
0309,开弦弓村志,小学在校生 Elementary School Students,,,1955,1956,142
0309,开弦弓村志,小学在校生 Elementary School Students,,,1956,1958,150
0309,开弦弓村志,小学在校生 Elementary School Students,,,1958,1963,184
0309,开弦弓村志,小学在校生 Elementary School Students,,,1963,1976,178
0309,开弦弓村志,小学在校生 Elementary School Students,,,1985,1991,248
0309,开弦弓村志,小学在校生 Elementary School Students,,,1991,1995,235
0309,开弦弓村志,小学在校生 Elementary School Students,,,1995,1996,324
0309,开弦弓村志,小学在校生 Elementary School Students,,,1996,1999,432
0309,开弦弓村志,小学在校生 Elementary School Students,,,1999,2001,453
0309,开弦弓村志,小学在校生 Elementary School Students,,,2001,2002,508
0309,开弦弓村志,小学在校生 Elementary School Students,,,2002,2003,412
0309,开弦弓村志,小学在校生 Elementary School Students,,,2003,2004,292
0309,开弦弓村志,小学在校生 Elementary School Students,,,2004,2005,200
0309,开弦弓村志,小学在校生 Elementary School Students,,,2005,2006,159
0309,开弦弓村志,小学在校生 Elementary School Students,,,2006,2007,163
0309,开弦弓村志,小学在校生 Elementary School Students,,,2007,2008,143
0309,开弦弓村志,新入学生 - 大学 Initial Student Enrollment - College/University,,,2011,2014,73
0309,开弦弓村志,小学老师 Elementary School Teachers,,,1949,1950,4
0309,开弦弓村志,小学老师 Elementary School Teachers,,,1950,1952,4
0309,开弦弓村志,小学老师 Elementary School Teachers,,,1952,1953,4
0309,开弦弓村志,小学老师 Elementary School Teachers,,,1953,1954,4
0309,开弦弓村志,小学老师 Elementary School Teachers,,,1954,1955,4
0309,开弦弓村志,小学老师 Elementary School Teachers,,,1955,1956,4
0309,开弦弓村志,小学老师 Elementary School Teachers,,,1956,1958,5
0309,开弦弓村志,小学老师 Elementary School Teachers,,,1958,1963,8
0309,开弦弓村志,小学老师 Elementary School Teachers,,,1963,1976,8
0309,开弦弓村志,小学老师 Elementary School Teachers,,,1985,1991,13
0309,开弦弓村志,小学老师 Elementary School Teachers,,,1991,1995,13
0309,开弦弓村志,小学老师 Elementary School Teachers,,,1995,1996,18
0309,开弦弓村志,小学老师 Elementary School Teachers,,,1996,1999,20
0309,开弦弓村志,小学老师 Elementary School Teachers,,,1999,2001,23
0309,开弦弓村志,小学老师 Elementary School Teachers,,,2001,2002,24
0309,开弦弓村志,小学老师 Elementary School Teachers,,,2002,2003,23
0309,开弦弓村志,小学老师 Elementary School Teachers,,,2003,2004,21
0309,开弦弓村志,小学老师 Elementary School Teachers,,,2004,2005,12
0309,开弦弓村志,小学老师 Elementary School Teachers,,,2005,2006,13
0309,开弦弓村志,小学老师 Elementary School Teachers,,,2006,2007,13
0309,开弦弓村志,小学老师 Elementary School Teachers,,,2007,2008,13
0313,刘集村志,新入学生 - 大学 Initial Student Enrollment - College/University,,,1999,2009,69
0316,黄岗村志,小学在校生 Elementary School Students,,,1961,1972,242
0316,黄岗村志,小学在校生 Elementary School Students,,,1978,1983,262
0316,黄岗村志,小学老师 Elementary School Teachers,,,1961,1972,13
0316,黄岗村志,小学老师 Elementary School Teachers,,,1978,1983,16
0319,花园关村志,新入学生 - 大学 Initial Student Enrollment - College/University,,,1977,2014,174
0320,金沙村志,新入学生 - 大学 Initial Student Enrollment - College/University,,,1977,2015,145
0326,江桃村志,新入学生 - 大学 Initial Student Enrollment - College/University,,,1949,2010,205
0327,四台子村志,新入学生 - 大学 Initial Student Enrollment - College/University,,,1950,1965,9
0327,四台子村志,新入学生 - 大学 Initial Student Enrollment - College/University,,,1966,1976,3
0327,四台子村志,新入学生 - 大学 Initial Student Enrollment - College/University,,,1977,2014,252
0334,灵岩村志,新入学生 - 大学 Initial Student Enrollment - College/University,,,2006,2008,85
0341,旧尉屯村志,新入学生 - 大学 Initial Student Enrollment - College/University,,,1962,2008,95
0348,尖山下村志,受教育程度 Highest Level of Education,大专以上 College/University or Higher,人数 number of people,1949,1992,16
0351,雷家崄村志,新入学生 - 大学 Initial Student Enrollment - College/University,,,2000,2008,14
0354,花园岗村志,新入学生 - 大学 Initial Student Enrollment - College/University,,,1990,2006,18
0357,义东沟村志,新入学生 - 大学 Initial Student Enrollment - College/University,,,1956,2008,442
0358,丰盈村志,小学在校生 Elementary School Students,,,1981,1983,350
0358,丰盈村志,小学老师 Elementary School Teachers,,,1981,1983,12
0359,新塘村志,新入学生 - 大学 Initial Student Enrollment - College/University,,,1995,2002,54
0360,沙富村志,小学在校生 Elementary School Students,,,1950,1952,109
0360,沙富村志,小学在校生 Elementary School Students,,,1953,1956,161
0360,沙富村志,小学在校生 Elementary School Students,,,1959,1960,212
0360,沙富村志,小学在校生 Elementary School Students,,,1961,1964,171
0360,沙富村志,小学在校生 Elementary School Students,,,1965,1966,254
0360,沙富村志,小学在校生 Elementary School Students,,,1967,1968,234
0360,沙富村志,小学在校生 Elementary School Students,,,1969,1971,418
0360,沙富村志,小学老师 Elementary School Teachers,,,1950,1952,6
0360,沙富村志,小学老师 Elementary School Teachers,,,1953,1956,4
0360,沙富村志,小学老师 Elementary School Teachers,,,1959,1960,7
0360,沙富村志,小学老师 Elementary School Teachers,,,1961,1964,8
0360,沙富村志,小学老师 Elementary School Teachers,,,1965,1966,8
0360,沙富村志,小学老师 Elementary School Teachers,,,1967,1968,12
0360,沙富村志,小学老师 Elementary School Teachers,,,1969,1971,20
0370,关址村志,新入学生 - 大学 Initial Student Enrollment - College/University,,,1995,2010,40
0375,三勤村志,新入学生 - 大学 Initial Student Enrollment - College/University,,,1949,2011,351
0376,林城村志,新入学生 - 大学 Initial Student Enrollment - College/University,,,1949,2014,154
0380,桥北村志,新入学生 - 大学 Initial Student Enrollment - College/University,,,1953,2009,100
0385,七一村志,新入学生 - 大学 Initial Student Enrollment - College/University,,,1949,1966,9
0387,南山村志,新入学生 - 大学 Initial Student Enrollment - College/University,,,2000,2016,150
0391,卢家巷村志,新入学生 - 大学 Initial Student Enrollment - College/University,,,1949,2014,523
0392,沙河岸村志,新入学生 - 大学 Initial Student Enrollment - College/University,,,1973,2013,198
0408,龙门村志,新入学生 - 大学 Initial Student Enrollment - College/University,,,1949,1990,16
0412,牛头镇村志,新入学生 - 大学 Initial Student Enrollment - College/University,,,1978,1994,101
0418,平羌村志,受教育程度 Highest Level of Education,初中 Junior High School,百分比 (%) percentage,1949,2008,60.9
0418,平羌村志,受教育程度 Highest Level of Education,中专高中 High School,百分比 (%) percentage,1949,2008,8.4
0418,平羌村志,受教育程度 Highest Level of Education,大专以上 College/University or Higher,百分比 (%) percentage,1949,2008,3.4
0418,平羌村志,受教育程度 Highest Level of Education,小学 Elementary School,人数 number of people,1949,2008,1450
0418,平羌村志,受教育程度 Highest Level of Education,初中 Junior High School,人数 number of people,1949,2008,982
0418,平羌村志,受教育程度 Highest Level of Education,中专高中 High School,人数 number of people,1949,2008,167
0418,平羌村志,受教育程度 Highest Level of Education,大专以上 College/University or Higher,人数 number of people,1949,2008,68
0421,牛宅村志,小学在校生 Elementary School Students,,,1972,1976,520
0421,牛宅村志,小学老师 Elementary School Teachers,,,1972,1976,22
0430,石桥鲁道村志,新入学生 - 大学 Initial Student Enrollment - College/University,,,1949,2013,59
0433,吴家村志,小学老师 Elementary School Teachers,,,1949,1992,23
0433,吴家村志,受教育程度 Highest Level of Education,中专高中 High School,人数 number of people,1960,2013,60
0433,吴家村志,受教育程度 Highest Level of Education,大专以上 College/University or Higher,人数 number of people,1960,2013,11
0438,湾底村志,新入学生 - 大学 Initial Student Enrollment - College/University,,,1978,1992,6
0441,土山寺村志,小学在校生 Elementary School Students,,,1976,1982,360
0441,土山寺村志,小学在校生 Elementary School Students,,,1982,1989,450
0441,土山寺村志,小学在校生 Elementary School Students,,,1989,1995,500
0441,土山寺村志,小学在校生 Elementary School Students,,,1995,1997,520
0441,土山寺村志,小学在校生 Elementary School Students,,,1997,1999,490
0441,土山寺村志,小学老师 Elementary School Teachers,,,1976,1982,19
0441,土山寺村志,小学老师 Elementary School Teachers,,,1982,1989,24
0441,土山寺村志,小学老师 Elementary School Teachers,,,1989,1995,32
0441,土山寺村志,小学老师 Elementary School Teachers,,,1995,1997,32
0441,土山寺村志,小学老师 Elementary School Teachers,,,1997,1999,28
0446,王寮村志,小学在校生 Elementary School Students,,,1949,1952,200
0446,王寮村志,小学在校生 Elementary School Students,,,1953,1956,400
0446,王寮村志,小学在校生 Elementary School Students,,,1957,1966,500
0446,王寮村志,小学在校生 Elementary School Students,,,1967,1975,510
0446,王寮村志,小学在校生 Elementary School Students,,,1976,1979,500
0446,王寮村志,小学在校生 Elementary School Students,,,1980,1988,534
0446,王寮村志,小学老师 Elementary School Teachers,,,1949,1952,8
0446,王寮村志,小学老师 Elementary School Teachers,,,1953,1956,15
0446,王寮村志,小学老师 Elementary School Teachers,,,1957,1966,20
0446,王寮村志,小学老师 Elementary School Teachers,,,1967,1975,24
0446,王寮村志,小学老师 Elementary School Teachers,,,1976,1979,24
0446,王寮村志,小学老师 Elementary School Teachers,,,1980,1988,30
0454,水集二村志,新入学生 - 大学 Initial Student Enrollment - College/University,,,1979,2007,177
0457,太各庄村志,新入学生 - 大学 Initial Student Enrollment - College/University,,,1959,2010,73
0458,鹿窝村志,小学在校生 Elementary School Students,,,1950,1959,100
0458,鹿窝村志,小学在校生 Elementary School Students,,,1976,1978,300
0458,鹿窝村志,小学在校生 Elementary School Students,,,1981,1984,500
0458,鹿窝村志,小学老师 Elementary School Teachers,,,1950,1960,7
0459,孙家小庄村志,新入学生 - 大学 Initial Student Enrollment - College/University,,,1978,2006,121
0467,中曹村志,新入学生 - 大学 Initial Student Enrollment - College/University,,,1949,2007,79
0471,义安村志,新入学生 - 大学 Initial Student Enrollment - College/University,,,1980,1997,39
0476,园中村志,新入学生 - 大学 Initial Student Enrollment - College/University,,,1949,2000,41
0477,鱼山村志,新入学生 - 大学 Initial Student Enrollment - College/University,,,1949,2004,133
0483,雄龙村志,新入学生 - 大学 Initial Student Enrollment - College/University,,,1949,2015,18
0486,西跃村志,小学在校生 Elementary School Students,,,1949,1952,130
0486,西跃村志,小学在校生 Elementary School Students,,,1953,1979,260
0486,西跃村志,小学在校生 Elementary School Students,,,1980,1982,170
0486,西跃村志,小学在校生 Elementary School Students,,,1983,1984,175
0486,西跃村志,小学在校生 Elementary School Students,,,1985,1999,185
0486,西跃村志,小学在校生 Elementary School Students,,,1999,2002,225
0486,西跃村志,小学在校生 Elementary School Students,,,2002,2004,225
0486,西跃村志,小学在校生 Elementary School Students,,,2004,2006,154
0486,西跃村志,小学老师 Elementary School Teachers,,,1949,1952,7
0486,西跃村志,小学老师 Elementary School Teachers,,,1953,1979,13
0486,西跃村志,小学老师 Elementary School Teachers,,,1980,1982,9
0486,西跃村志,小学老师 Elementary School Teachers,,,1983,1984,9
0486,西跃村志,小学老师 Elementary School Teachers,,,1985,1999,11
0486,西跃村志,小学老师 Elementary School Teachers,,,1999,2002,14
0486,西跃村志,小学老师 Elementary School Teachers,,,2002,2004,14
0486,西跃村志,小学老师 Elementary School Teachers,,,2004,2006,11
0493,友好村志,新入学生 - 大学 Initial Student Enrollment - College/University,,,1983,2012,34
0494,枣牌刘村志,新入学生 - 大学 Initial Student Enrollment - College/University,,,1985,2010,17
0495,西齐永村志,新入学生 - 大学 Initial Student Enrollment - College/University,,,1977,2014,112
0496,龙塘村志,新入学生 - 大学 Initial Student Enrollment - College/University,,,1993,2010,78
0498,枣烟村志,新入学生 - 大学 Initial Student Enrollment - College/University,,,1949,2012,61
0499,走马塘村志,新入学生 - 大学 Initial Student Enrollment - College/University,,,1949,2014,72
0502,窑坡村志,小学老师 Elementary School Teachers,,,1952,1954,2
0505,新塘下村志,受教育程度 Highest Level of Education,大专以上 College/University or Higher,人数 number of people,1967,2011,106
0506,竹尾田村,小学在校生 Elementary School Students,,,1950,1951,50
0506,竹尾田村,小学老师 Elementary School Teachers,,,1950,1951,5
0509,新堰村志,新入学生 - 大学 Initial Student Enrollment - College/University,,,1956,2009,95
0511,西解甲庄村志,受教育程度 Highest Level of Education,大专以上 College/University or Higher,人数 number of people,1950,1959,3
0511,西解甲庄村志,受教育程度 Highest Level of Education,大专以上 College/University or Higher,人数 number of people,1960,1969,3
0511,西解甲庄村志,受教育程度 Highest Level of Education,大专以上 College/University or Higher,人数 number of people,1989,2010,60
0512,薛肇村志,受教育程度 Highest Level of Education,大专以上 College/University or Higher,人数 number of people,1949,2007,115
0513,洋澜村志,新入学生 - 大学 Initial Student Enrollment - College/University,,,1949,2015,385
0516,诸葛村志,小学在校生 Elementary School Students,,,1952,1957,500
0516,诸葛村志,小学老师 Elementary School Teachers,,,1952,1957,9
0516,诸葛村志,小学老师 Elementary School Teachers,,,1960,1968,13
0518,渔沙坦村志,小学在校生 Elementary School Students,,,1981,1989,800
0529,黄家门村志,新入学生 - 大学 Initial Student Enrollment - College/University,,,1978,2016,19
0531,草陂村志,新入学生 - 大学 Initial Student Enrollment - College/University,,,1949,2016,268
0537,鸦鹊水村志,受教育程度 Highest Level of Education,大专以上 College/University or Higher,人数 number of people,1950,2013,310
0537,鸦鹊水村志,受教育程度 Highest Level of Education,大专以上 College/University or Higher,百分比 (%) percentage,1950,2013,7.5
0538,魁胆村志,新入学生 - 大学 Initial Student Enrollment - College/University,,,1999,2016,97
0539,莲花村志,新入学生 - 大学 Initial Student Enrollment - College/University,,,1949,2015,462
0540,红星村志,新入学生 - 大学 Initial Student Enrollment - College/University,,,2000,2012,145
0542,庙坪村志,新入学生 - 大学 Initial Student Enrollment - College/University,,,1949,2017,7
0549,柳树垭村志,新入学生 - 大学 Initial Student Enrollment - College/University,,,1950,2015,25
0551,双湖村志,新入学生 - 大学 Initial Student Enrollment - College/University,,,1950,1999,24
0552,二龙村志,小学老师 Elementary School Teachers,,,1955,1975,6
0552,二龙村志,小学老师 Elementary School Teachers,,,1976,1981,6
0552,二龙村志,小学老师 Elementary School Teachers,,,1981,1989,4
0552,二龙村志,新入学生 - 大学 Initial Student Enrollment - College/University,,,1949,2014,58
0553,旧居村志,新入学生 - 大学 Initial Student Enrollment - College/University,,,1949,2016,77
0555,中石村志,新入学生 - 大学 Initial Student Enrollment - College/University,,,1949,2016,800
0557,沥坑刘村村志,小学在校生 Elementary School Students,,,1969,1982,160
0557,沥坑刘村村志,小学在校生 Elementary School Students,,,1983,2001,50
0557,沥坑刘村村志,小学老师 Elementary School Teachers,,,1969,1982,5
0557,沥坑刘村村志,小学老师 Elementary School Teachers,,,1983,2001,8
0558,稠泉村志,新入学生 - 大学 Initial Student Enrollment - College/University,,,1949,2005,52
0559,朱家港村志,小学老师 Elementary School Teachers,,,1949,1965,22
0559,朱家港村志,小学老师 Elementary School Teachers,,,1965,1981,60
0559,朱家港村志,小学老师 Elementary School Teachers,,,1981,2017,61
0562,北陶村志,受教育程度 Highest Level of Education,大专以上 College/University or Higher,人数 number of people,1949,2015,35
0564,菜园头村志,新入学生 - 大学 Initial Student Enrollment - College/University,,,1949,2015,608
0566,马郡村志,新入学生 - 大学 Initial Student Enrollment - College/University,,,1949,2015,120
0567,虎牙滩村志,小学在校生 Elementary School Students,,,1950,1958,150
0569,方村志,受教育程度 Highest Level of Education,大专以上 College/University or Higher,人数 number of people,1983,2008,101
0570,拱市村志,新入学生 - 大学 Initial Student Enrollment - College/University,,,1949,2015,100
0571,护城村志,新入学生 - 大学 Initial Student Enrollment - College/University,,,1977,2008,150
0575,邢泉村志,受教育程度 Highest Level of Education,大专以上 College/University or Higher,人数 number of people,1949,2009,35
0578,三山村志,新入学生 - 大学 Initial Student Enrollment - College/University,,,1977,2013,216
0579,殷山村村志,新入学生 - 大学 Initial Student Enrollment - College/University,,,1977,2015,82
0583,三里亭村志,新入学生 - 大学 Initial Student Enrollment - College/University,,,1950,2016,46
0586,膏田村志,新入学生 - 大学 Initial Student Enrollment - College/University,,,1949,2016,36
0589,锁口村志,小学在校生 Elementary School Students,,,1972,1978,150
0589,锁口村志,小学老师 Elementary School Teachers,,,1972,1978,7
0590,惠农村志,新入学生 - 大学 Initial Student Enrollment - College/University,,,1964,2015,86
0594,天马村志,新入学生 - 大学 Initial Student Enrollment - College/University,,,1949,2004,199
0596,新河村志,小学在校生 Elementary School Students,,,1961,1966,200
0602,竹坪村志,新入学生 - 大学 Initial Student Enrollment - College/University,,,1949,2008,48
0603,竹山湾村志,新入学生 - 大学 Initial Student Enrollment - College/University,,,1960,2016,61
0605,八角村志,新入学生 - 大学 Initial Student Enrollment - College/University,,,1956,2013,157
0611,沉香村志,新入学生 - 大学 Initial Student Enrollment - College/University,,,1957,2015,207
0612,东华村志,新入学生 - 大学 Initial Student Enrollment - College/University,,,1949,2009,243
0613,大星村志,新入学生 - 大学 Initial Student Enrollment - College/University,,,1977,2016,86
0614,成日村志,新入学生 - 大学 Initial Student Enrollment - College/University,,,1980,2015,388
0617,安昌村志,新入学生 - 大学 Initial Student Enrollment - College/University,,,1949,2014,222
0619,仓场村志,新入学生 - 大学 Initial Student Enrollment - College/University,,,1967,1969,24
0619,仓场村志,新入学生 - 大学 Initial Student Enrollment - College/University,,,1977,2015,203
0619,仓场村志,受教育程度 Highest Level of Education,大专以上 College/University or Higher,人数 number of people,1960,1969,24
0619,仓场村志,受教育程度 Highest Level of Education,文盲 Illiterate,百分比 (%) percentage,1949,1952,90
0625,邓一村志,新入学生 - 大学 Initial Student Enrollment - College/University,,,1949,2015,201
0625,邓一村志,受教育程度 Highest Level of Education,初中 Junior High School,人数 number of people,1949,1960,35
0625,邓一村志,受教育程度 Highest Level of Education,中专高中 High School,人数 number of people,1949,1960,3
0625,邓一村志,受教育程度 Highest Level of Education,大专以上 College/University or Higher,人数 number of people,1949,1960,12
0631,溪尾村志,新入学生 - 大学 Initial Student Enrollment - College/University,,,1949,2017,518
0634,上薛村志,新入学生 - 大学 Initial Student Enrollment - College/University,,,1949,1998,174
0636,南宵村志,新入学生 - 大学 Initial Student Enrollment - College/University,,,1949,2003,130
0637,镇丰村志,新入学生 - 大学 Initial Student Enrollment - College/University,,,1977,1999,90
0640,榜山村志,新入学生 - 大学 Initial Student Enrollment - College/University,,,1949,2006,35
0641,保卫村志,新入学生 - 大学 Initial Student Enrollment - College/University,,,1989,2010,216
0643,北金召村志,小学在校生 Elementary School Students,,,1956,1958,120
0643,北金召村志,新入学生 - 大学 Initial Student Enrollment - College/University,,,1949,2011,46
0644,度城村志,新入学生 - 大学 Initial Student Enrollment - College/University,,,1949,2012,171
0646,玉河村志,受教育程度 Highest Level of Education,大专以上 College/University or Higher,人数 number of people,1951,2004,58
0650,云溪永丰村志,新入学生 - 大学 Initial Student Enrollment - College/University,,,1949,2011,141
0656,北关村志,新入学生 - 大学 Initial Student Enrollment - College/University,,,1949,2016,171
0658,义路村志,新入学生 - 大学 Initial Student Enrollment - College/University,,,2008,2010,35
0660,羊甫村志,新入学生 - 大学 Initial Student Enrollment - College/University,,,1949,2011,168
0662,东瓜地村志,新入学生 - 大学 Initial Student Enrollment - College/University,,,1949,2012,91
0664,北安河村志,新入学生 - 大学 Initial Student Enrollment - College/University,,,2002,2010,172
0665,佰王刘村志,小学在校生 Elementary School Students,,,1950,1960,50
0665,佰王刘村志,小学在校生 Elementary School Students,,,1970,2000,90
0665,佰王刘村志,小学老师 Elementary School Teachers,,,1950,1964,2
0665,佰王刘村志,小学老师 Elementary School Teachers,,,1980,2005,2
0676,南韩村志,新入学生 - 大学 Initial Student Enrollment - College/University,,,1949,2016,122
0678,后孙密城村志,新入学生 - 大学 Initial Student Enrollment - College/University,,,1949,2013,50
0680,城北村志,新入学生 - 大学 Initial Student Enrollment - College/University,,,1949,1997,143
0682,孤山村志,小学在校生 Elementary School Students,,,1950,1953,20
0682,孤山村志,小学老师 Elementary School Teachers,,,1950,1953,2
0685,花胡庄村志,新入学生 - 大学 Initial Student Enrollment - College/University,,,1949,2015,100
0687,杜羊圈村志,小学在校生 Elementary School Students,,,1955,1956,21
0687,杜羊圈村志,小学在校生 Elementary School Students,,,1958,1959,38
0687,杜羊圈村志,小学在校生 Elementary School Students,,,1962,1966,50
0687,杜羊圈村志,小学在校生 Elementary School Students,,,1967,1983,203
0687,杜羊圈村志,小学在校生 Elementary School Students,,,1984,1989,130
0687,杜羊圈村志,小学在校生 Elementary School Students,,,1995,1999,220
0688,孤山村志,小学在校生 Elementary School Students,,,1950,1953,20
0688,孤山村志,小学老师 Elementary School Teachers,,,1950,1953,2
0690,巴洲村志,新入学生 - 大学 Initial Student Enrollment - College/University,,,1949,2010,153
0692,八间房村志,新入学生 - 大学 Initial Student Enrollment - College/University,,,1949,2015,119
0693,北万山村志,新入学生 - 大学 Initial Student Enrollment - College/University,,,1949,2003,61
0694,东岭村志,新入学生 - 大学 Initial Student Enrollment - College/University,,,1983,1999,11
0696,北堆村志,新入学生 - 大学 Initial Student Enrollment - College/University,,,1949,2009,62
0699,罗口村志,新入学生 - 大学 Initial Student Enrollment - College/University,,,1949,2017,579
0702,半峪村志,新入学生 - 大学 Initial Student Enrollment - College/University,,,1949,2000,36
0705,曹家馆村志,新入学生 - 大学 Initial Student Enrollment - College/University,,,1977,2011,91
0709,工农村志,新入学生 - 大学 Initial Student Enrollment - College/University,,,1949,2006,204
0711,北陈庄村志,新入学生 - 大学 Initial Student Enrollment - College/University,,,1949,2010,172
0713,东二旗村志,新入学生 - 大学 Initial Student Enrollment - College/University,,,1992,2009,72
0720,段家寨村志,小学在校生 Elementary School Students,,,1952,1956,17
0720,段家寨村志,小学在校生 Elementary School Students,,,1957,1961,22
0720,段家寨村志,小学在校生 Elementary School Students,,,1962,1970,32
0720,段家寨村志,小学在校生 Elementary School Students,,,1971,1981,36
0720,段家寨村志,小学在校生 Elementary School Students,,,1991,2000,138
0720,段家寨村志,小学老师 Elementary School Teachers,,,1952,1956,1
0720,段家寨村志,小学老师 Elementary School Teachers,,,1957,1961,2
0720,段家寨村志,小学老师 Elementary School Teachers,,,1962,1970,6
0720,段家寨村志,新入学生 - 大学 Initial Student Enrollment - College/University,,,1949,2010,84
0726,草山岭村志,小学在校生 Elementary School Students,,,1952,1969,60
0728,安家庄村志,新入学生 - 大学 Initial Student Enrollment - College/University,,,1949,2015,181
0729,人民村志,新入学生 - 大学 Initial Student Enrollment - College/University,,,1949,2014,406
0730,五龙村志,新入学生 - 大学 Initial Student Enrollment - College/University,,,1949,2010,184
0731,中角村志,新入学生 - 大学 Initial Student Enrollment - College/University,,,1959,2013,153
0733,森林村志,新入学生 - 大学 Initial Student Enrollment - College/University,,,1970,2016,311
0740,民和村志,新入学生 - 大学 Initial Student Enrollment - College/University,,,1949,2016,151
0742,文义村志,新入学生 - 大学 Initial Student Enrollment - College/University,,,1977,2012,218
0749,梨花村志,新入学生 - 大学 Initial Student Enrollment - College/University,,,1977,2013,52
0753,黄柳村志,新入学生 - 大学 Initial Student Enrollment - College/University,,,1957,2016,59
0754,乐乌村志,新入学生 - 大学 Initial Student Enrollment - College/University,,,1977,2015,354
0756,姜城村志,新入学生 - 大学 Initial Student Enrollment - College/University,,,1949,2003,136
0757,井溢村志,新入学生 - 大学 Initial Student Enrollment - College/University,,,1949,2015,250
0759,王家村志,新入学生 - 大学 Initial Student Enrollment - College/University,,,1977,2014,98
0761,姚家弄村志,新入学生 - 大学 Initial Student Enrollment - College/University,,,1977,2014,190
0763,新卫村志,新入学生 - 大学 Initial Student Enrollment - College/University,,,1950,2016,191
0764,小圩村志,新入学生 - 大学 Initial Student Enrollment - College/University,,,1949,2015,151
0765,贺北村志,新入学生 - 大学 Initial Student Enrollment - College/University,,,1949,2014,507
0766,横沟村志,新入学生 - 大学 Initial Student Enrollment - College/University,,,1949,2013,658
0768,温河村志,新入学生 - 大学 Initial Student Enrollment - College/University,,,1949,1989,21
0768,温河村志,新入学生 - 大学 Initial Student Enrollment - College/University,,,1950,1980,21
0768,温河村志,新入学生 - 大学 Initial Student Enrollment - College/University,,,1981,2010,325
0769,桑园村志,新入学生 - 大学 Initial Student Enrollment - College/University,,,1949,2013,142
0772,新塘村志,新入学生 - 大学 Initial Student Enrollment - College/University,,,1962,2011,272
0773,富达畲村志,新入学生 - 大学 Initial Student Enrollment - College/University,,,1949,2002,266
0776,城西吕家村志,新入学生 - 大学 Initial Student Enrollment - College/University,,,1991,2010,128
0776,城西吕家村志,受教育程度 Highest Level of Education,大专以上 College/University or Higher,人数 number of people,1991,2010,129
0776,城西吕家村志,受教育程度 Highest Level of Education,文盲 Illiterate,人数 number of people,1950,1953,380
0780,北谷丰村志,小学在校生 Elementary School Students,,,1948,1950,230
0780,北谷丰村志,小学在校生 Elementary School Students,,,1950,1952,235
0780,北谷丰村志,小学在校生 Elementary School Students,,,1952,1954,250
0780,北谷丰村志,小学在校生 Elementary School Students,,,1954,1958,170
0780,北谷丰村志,小学在校生 Elementary School Students,,,1958,1963,240
0780,北谷丰村志,小学在校生 Elementary School Students,,,1963,1966,240
0780,北谷丰村志,小学在校生 Elementary School Students,,,1966,1968,280
0780,北谷丰村志,小学在校生 Elementary School Students,,,1985,1988,210
0780,北谷丰村志,小学在校生 Elementary School Students,,,1988,1992,200
0780,北谷丰村志,小学在校生 Elementary School Students,,,1992,1994,220
0780,北谷丰村志,小学在校生 Elementary School Students,,,1994,2009,260
0780,北谷丰村志,小学在校生 Elementary School Students,,,2009,2010,289
0780,北谷丰村志,新入学生 - 大学 Initial Student Enrollment - College/University,,,1949,2014,188
0780,北谷丰村志,受教育程度 Highest Level of Education,文盲 Illiterate,百分比 (%) percentage,1970,1979,32
0780,北谷丰村志,受教育程度 Highest Level of Education,文盲 Illiterate,百分比 (%) percentage,1990,1999,16.9
0780,北谷丰村志,受教育程度 Highest Level of Education,小学 Elementary School,百分比 (%) percentage,1970,1979,18
0780,北谷丰村志,受教育程度 Highest Level of Education,初中 Junior High School,百分比 (%) percentage,1970,1979,38
0780,北谷丰村志,受教育程度 Highest Level of Education,初中 Junior High School,百分比 (%) percentage,1990,1999,46.5
0780,北谷丰村志,受教育程度 Highest Level of Education,中专高中 High School,百分比 (%) percentage,1970,1979,11
0780,北谷丰村志,受教育程度 Highest Level of Education,中专高中 High School,百分比 (%) percentage,1990,1999,26.7
0780,北谷丰村志,受教育程度 Highest Level of Education,大专以上 College/University or Higher,百分比 (%) percentage,1990,1999,7.8
0780,北谷丰村志,小学在校生 Elementary School Students,,,1968,1970,300
0780,北谷丰村志,小学在校生 Elementary School Students,,,1970,1972,320
0780,北谷丰村志,小学在校生 Elementary School Students,,,1972,1975,330
0780,北谷丰村志,小学在校生 Elementary School Students,,,1976,1985,360
0783,城北村志,新入学生 - 大学 Initial Student Enrollment - College/University,,,1949,1989,17
0787,路口村志,新入学生 - 大学 Initial Student Enrollment - College/University,,,1949,2015,223
0790,新盛村志,新入学生 - 大学 Initial Student Enrollment - College/University,,,1958,2003,179
0791,鞍山村志,新入学生 - 大学 Initial Student Enrollment - College/University,,,1949,2015,49
0792,北固碾村志,新入学生 - 大学 Initial Student Enrollment - College/University,,,1949,2011,152
0798,旧飞鹅村村志,小学在校生 Elementary School Students,,,1994,1995,62
0798,旧飞鹅村村志,小学老师 Elementary School Teachers,,,1994,1995,5
0798,旧飞鹅村村志,新入学生 - 大学 Initial Student Enrollment - College/University,,,1949,2011,53
0800,水朗村志,小学老师 Elementary School Teachers,,,1950,1953,2
0800,水朗村志,小学老师 Elementary School Teachers,,,1958,1960,3
0800,水朗村志,小学老师 Elementary School Teachers,,,1962,1965,4
0800,水朗村志,小学老师 Elementary School Teachers,,,1965,1970,4
0800,水朗村志,小学老师 Elementary School Teachers,,,1971,1975,12
0800,水朗村志,小学老师 Elementary School Teachers,,,1976,1980,12
0800,水朗村志,小学老师 Elementary School Teachers,,,1981,1985,10
0800,水朗村志,小学老师 Elementary School Teachers,,,1986,1990,9
0800,水朗村志,小学老师 Elementary School Teachers,,,1991,1995,9
0800,水朗村志,小学老师 Elementary School Teachers,,,1996,2000,10
0800,水朗村志,小学老师 Elementary School Teachers,,,2000,2006,15
0801,星光村志,新入学生 - 大学 Initial Student Enrollment - College/University,,,1949,1966,28
0801,星光村志,新入学生 - 大学 Initial Student Enrollment - College/University,,,1977,2015,187
0802,北平村志,新入学生 - 大学 Initial Student Enrollment - College/University,,,1954,1965,2
0802,北平村志,新入学生 - 大学 Initial Student Enrollment - College/University,,,1973,1999,11
0802,北平村志,新入学生 - 大学 Initial Student Enrollment - College/University,,,2000,2011,12
0803,北七家庄村志,新入学生 - 大学 Initial Student Enrollment - College/University,,,2002,2009,23
0807,水库村志,新入学生 - 大学 Initial Student Enrollment - College/University,,,1949,2010,392
0812,沙坝村志,新入学生 - 大学 Initial Student Enrollment - College/University,,,1949,2012,62
0813,八方村志,新入学生 - 大学 Initial Student Enrollment - College/University,,,1949,2008,133
0814,鳌头村志,新入学生 - 大学 Initial Student Enrollment - College/University,,,1978,2015,219
0819,北胡庄村志,新入学生 - 大学 Initial Student Enrollment - College/University,,,1962,2013,109
0821,慈峪村志,小学在校生 Elementary School Students,,,1949,1959,400
0821,慈峪村志,小学在校生 Elementary School Students,,,1960,1970,600
0821,慈峪村志,小学在校生 Elementary School Students,,,1970,1980,700
0821,慈峪村志,小学在校生 Elementary School Students,,,1980,1985,800
0821,慈峪村志,小学在校生 Elementary School Students,,,1990,1995,1000
0821,慈峪村志,小学在校生 Elementary School Students,,,1985,1990,900
0821,慈峪村志,小学在校生 Elementary School Students,,,1996,2000,1100
0821,慈峪村志,小学在校生 Elementary School Students,,,2001,2003,1000
0821,慈峪村志,小学在校生 Elementary School Students,,,2003,2005,700
0821,慈峪村志,小学在校生 Elementary School Students,,,2005,2009,600
0821,慈峪村志,小学老师 Elementary School Teachers,,,1949,1959,9
0821,慈峪村志,小学老师 Elementary School Teachers,,,1960,1970,14
0821,慈峪村志,小学老师 Elementary School Teachers,,,1970,1980,20
0821,慈峪村志,小学老师 Elementary School Teachers,,,1980,1985,24
0821,慈峪村志,小学老师 Elementary School Teachers,,,1985,1990,28
0821,慈峪村志,小学老师 Elementary School Teachers,,,1990,1995,32
0821,慈峪村志,小学老师 Elementary School Teachers,,,1996,2000,38
0821,慈峪村志,小学老师 Elementary School Teachers,,,2001,2003,42
0821,慈峪村志,小学老师 Elementary School Teachers,,,2003,2005,30
0821,慈峪村志,小学老师 Elementary School Teachers,,,2005,2009,28
0824,东八村村志,新入学生 - 大学 Initial Student Enrollment - College/University,,,1987,2014,108
0825,东升村志,新入学生 - 大学 Initial Student Enrollment - College/University,,,1949,2013,255
0826,东皇墓村志,新入学生 - 大学 Initial Student Enrollment - College/University,,,1949,2014,56
0827,营前村志,新入学生 - 大学 Initial Student Enrollment - College/University,,,1949,2015,280
0829,鸡翅岭村志,小学在校生 Elementary School Students,,,1960,1962,50
0829,鸡翅岭村志,小学在校生 Elementary School Students,,,1963,1968,100
0829,鸡翅岭村志,小学在校生 Elementary School Students,,,1969,1971,145
0829,鸡翅岭村志,小学在校生 Elementary School Students,,,1972,1976,130
0829,鸡翅岭村志,小学在校生 Elementary School Students,,,1977,1982,150
0829,鸡翅岭村志,小学在校生 Elementary School Students,,,1983,1985,120
0829,鸡翅岭村志,小学在校生 Elementary School Students,,,1986,1991,130
0829,鸡翅岭村志,小学在校生 Elementary School Students,,,1991,1994,140
0829,鸡翅岭村志,小学在校生 Elementary School Students,,,1995,2000,200
0829,鸡翅岭村志,小学在校生 Elementary School Students,,,2000,2001,210
0829,鸡翅岭村志,小学在校生 Elementary School Students,,,2002,2006,280
0829,鸡翅岭村志,新入学生 - 大学 Initial Student Enrollment - College/University,,,1988,2015,177
0829,鸡翅岭村志,小学老师 Elementary School Teachers,,,1960,1962,3
0829,鸡翅岭村志,小学老师 Elementary School Teachers,,,1963,1968,7
0829,鸡翅岭村志,小学老师 Elementary School Teachers,,,1969,1971,9
0829,鸡翅岭村志,小学老师 Elementary School Teachers,,,1972,1976,8
0829,鸡翅岭村志,小学老师 Elementary School Teachers,,,1977,1982,10
0829,鸡翅岭村志,小学老师 Elementary School Teachers,,,1983,1985,8
0829,鸡翅岭村志,小学老师 Elementary School Teachers,,,1986,1991,10
0829,鸡翅岭村志,小学老师 Elementary School Teachers,,,1991,1994,10
0829,鸡翅岭村志,小学老师 Elementary School Teachers,,,1995,2000,10
0829,鸡翅岭村志,小学老师 Elementary School Teachers,,,2000,2001,10
0829,鸡翅岭村志,小学老师 Elementary School Teachers,,,2002,2006,11
0829,鸡翅岭村志,小学老师 Elementary School Teachers,,,1958,1959,1
0829,鸡翅岭村志,小学在校生 Elementary School Students,,,1958,1959,21
0830,袁山贝村志,新入学生 - 大学 Initial Student Enrollment - College/University,,,1949,1978,3
0830,袁山贝村志,新入学生 - 大学 Initial Student Enrollment - College/University,,,1978,2005,350
0831,沿南村志,新入学生 - 大学 Initial Student Enrollment - College/University,,,1959,1965,12
0831,沿南村志,新入学生 - 大学 Initial Student Enrollment - College/University,,,1977,2014,118
0832,白坟村志,新入学生 - 大学 Initial Student Enrollment - College/University,,,1949,2016,113
0836,枫深村志,新入学生 - 大学 Initial Student Enrollment - College/University,,,1949,2002,51
0841,北薛庄村志,新入学生 - 大学 Initial Student Enrollment - College/University,,,1949,1966,4
0841,北薛庄村志,新入学生 - 大学 Initial Student Enrollment - College/University,,,1977,2014,95
0842,美林村志,新入学生 - 大学 Initial Student Enrollment - College/University,,,1949,2007,38
0845,峒峪村志,新入学生 - 大学 Initial Student Enrollment - College/University,,,1949,2008,77
0848,邓村村志,新入学生 - 大学 Initial Student Enrollment - College/University,,,1957,2015,62
0852,北海山村志,新入学生 - 大学 Initial Student Enrollment - College/University,,,1949,2016,113
0854,塘头村志,新入学生 - 大学 Initial Student Enrollment - College/University,,,1949,2011,117
0855,梨川村志,新入学生 - 大学 Initial Student Enrollment - College/University,,,1950,1959,19
0855,梨川村志,新入学生 - 大学 Initial Student Enrollment - College/University,,,1960,1969,10
0855,梨川村志,新入学生 - 大学 Initial Student Enrollment - College/University,,,1970,1979,3
0855,梨川村志,新入学生 - 大学 Initial Student Enrollment - College/University,,,1980,1989,19
0855,梨川村志,新入学生 - 大学 Initial Student Enrollment - College/University,,,1990,1999,65
0859,花乡葆台村志,新入学生 - 大学 Initial Student Enrollment - College/University,,,1990,2010,59
0862,王官屯村志,新入学生 - 大学 Initial Student Enrollment - College/University,,,1949,2010,27
0864,柳子圪旦村志,新入学生 - 大学 Initial Student Enrollment - College/University,,,1949,2012,65
0865,理家庄村志,新入学生 - 大学 Initial Student Enrollment - College/University,,,1949,2000,67
0868,上柳源村志,新入学生 - 大学 Initial Student Enrollment - College/University,,,1949,2013,163
0869,库城村志,新入学生 - 大学 Initial Student Enrollment - College/University,,,1950,1965,1
0869,库城村志,新入学生 - 大学 Initial Student Enrollment - College/University,,,1966,1976,1
0869,库城村志,新入学生 - 大学 Initial Student Enrollment - College/University,,,1977,2014,103
0870,崔家沟村志,新入学生 - 大学 Initial Student Enrollment - College/University,,,1949,2011,37
0877,杨沟湾村志,新入学生 - 大学 Initial Student Enrollment - College/University,,,1949,2018,125
0880,新海坝村志,新入学生 - 大学 Initial Student Enrollment - College/University,,,1978,2017,38
0881,后山村志,新入学生 - 大学 Initial Student Enrollment - College/University,,,1972,2004,15
0882,桃子溪村志,新入学生 - 大学 Initial Student Enrollment - College/University,,,1980,2016,128
0886,大峡谷村志,新入学生 - 大学 Initial Student Enrollment - College/University,,,1996,2012,15
0886,大峡谷村志,新入学生 - 大学 Initial Student Enrollment - College/University,,,2011,2015,22
0888,云家码头村志,新入学生 - 大学 Initial Student Enrollment - College/University,,,1949,2013,41
0890,西河村志,小学老师 Elementary School Teachers,,,1949,1957,1
0891,昝村志,新入学生 - 大学 Initial Student Enrollment - College/University,,,1949,2012,415
0903,木头峪村志,新入学生 - 大学 Initial Student Enrollment - College/University,,,1949,2017,253
0906,龙泉村志,新入学生 - 大学 Initial Student Enrollment - College/University,,,1950,1989,16
0906,龙泉村志,新入学生 - 大学 Initial Student Enrollment - College/University,,,1990,2010,343
0908,黄岭村志,小学在校生 Elementary School Students,,,1987,1999,612
0908,黄岭村志,小学老师 Elementary School Teachers,,,1987,1999,20
0909,西水磨村志,新入学生 - 大学 Initial Student Enrollment - College/University,,,1968,2009,200
0911,张家塔村志,小学在校生 Elementary School Students,,,1951,1960,10
0911,张家塔村志,小学在校生 Elementary School Students,,,1961,1971,30
0911,张家塔村志,小学在校生 Elementary School Students,,,1972,1973,120
0911,张家塔村志,小学在校生 Elementary School Students,,,1974,1978,160
0911,张家塔村志,小学在校生 Elementary School Students,,,1979,1980,160
0911,张家塔村志,小学在校生 Elementary School Students,,,1981,1982,160
0911,张家塔村志,小学在校生 Elementary School Students,,,1982,1984,160
0911,张家塔村志,小学在校生 Elementary School Students,,,1985,1989,170
0911,张家塔村志,小学在校生 Elementary School Students,,,1990,1994,170
0911,张家塔村志,小学在校生 Elementary School Students,,,1995,1996,180
0911,张家塔村志,小学在校生 Elementary School Students,,,2000,2006,300
0911,张家塔村志,小学老师 Elementary School Teachers,,,1951,1960,1
0911,张家塔村志,新入学生 - 大学 Initial Student Enrollment - College/University,,,1961,1971,1
0911,张家塔村志,小学老师 Elementary School Teachers,,,1972,1973,8
0911,张家塔村志,小学老师 Elementary School Teachers,,,1974,1978,10
0911,张家塔村志,小学老师 Elementary School Teachers,,,1979,1980,10
0911,张家塔村志,小学老师 Elementary School Teachers,,,1981,1982,10
0911,张家塔村志,小学老师 Elementary School Teachers,,,1982,1984,10
0911,张家塔村志,小学老师 Elementary School Teachers,,,1985,1989,11
0911,张家塔村志,小学老师 Elementary School Teachers,,,1990,1994,11
0911,张家塔村志,小学老师 Elementary School Teachers,,,1995,1996,11
0911,张家塔村志,小学老师 Elementary School Teachers,,,2000,2006,13
0911,张家塔村志,小学老师 Elementary School Teachers,,,2007,2009,2
0913,西台村志,新入学生 - 大学 Initial Student Enrollment - College/University,,,1997,2008,25
0914,吴兴村志,新入学生 - 大学 Initial Student Enrollment - College/University,,,1950,1969,14
0914,吴兴村志,新入学生 - 大学 Initial Student Enrollment - College/University,,,1970,1978,6
0914,吴兴村志,新入学生 - 大学 Initial Student Enrollment - College/University,,,1979,2003,54
0914,吴兴村志,新入学生 - 大学 Initial Student Enrollment - College/University,,,2004,2013,79
0918,赵官屯村志,新入学生 - 大学 Initial Student Enrollment - College/University,,,1949,2018,67
0920,和平村志,新入学生 - 大学 Initial Student Enrollment - College/University,,,1977,2010,91
0921,桂南村志,新入学生 - 大学 Initial Student Enrollment - College/University,,,1949,2010,102
0922,建农村志,新入学生 - 大学 Initial Student Enrollment - College/University,,,1949,2014,95
0923,王安堡村志,新入学生 - 大学 Initial Student Enrollment - College/University,,,1949,2014,127
0925,上官村志,新入学生 - 大学 Initial Student Enrollment - College/University,,,1949,2018,174
0926,东六合村志,小学老师 Elementary School Teachers,,,1964,1968,1
0926,东六合村志,小学老师 Elementary School Teachers,,,1968,1969,2
0926,东六合村志,小学老师 Elementary School Teachers,,,1970,1991,2
0926,东六合村志,小学老师 Elementary School Teachers,,,1991,1995,1
0926,东六合村志,受教育程度 Highest Level of Education,文盲 Illiterate,人数 number of people,1960,1969,117
0926,东六合村志,受教育程度 Highest Level of Education,小学 Elementary School,人数 number of people,1960,1969,155
0926,东六合村志,受教育程度 Highest Level of Education,初中 Junior High School,人数 number of people,1960,1969,15
0926,东六合村志,受教育程度 Highest Level of Education,中专高中 High School,人数 number of people,1960,1969,10
0926,东六合村志,受教育程度 Highest Level of Education,大专以上 College/University or Higher,人数 number of people,1960,1969,3
0926,东六合村志,受教育程度 Highest Level of Education,文盲 Illiterate,人数 number of people,1990,1999,113
0926,东六合村志,受教育程度 Highest Level of Education,小学 Elementary School,人数 number of people,1990,1999,200
0926,东六合村志,受教育程度 Highest Level of Education,初中 Junior High School,人数 number of people,1990,1999,35
0926,东六合村志,受教育程度 Highest Level of Education,中专高中 High School,人数 number of people,1990,1999,22
0926,东六合村志,受教育程度 Highest Level of Education,大专以上 College/University or Higher,人数 number of people,1990,1999,15
0927,光明村志,新入学生 - 大学 Initial Student Enrollment - College/University,,,1984,2010,236
0930,兴朱村志,新入学生 - 大学 Initial Student Enrollment - College/University,,,1949,2015,52
0931,小许庄村志,新入学生 - 大学 Initial Student Enrollment - College/University,,,1960,2014,35
0932,邢庄村志,新入学生 - 大学 Initial Student Enrollment - College/University,,,1949,2014,8
0932,邢庄村志,小学老师 Elementary School Teachers,,,1958,1960,7
0932,邢庄村志,小学老师 Elementary School Teachers,,,1964,1992,8
0932,邢庄村志,受教育程度 Highest Level of Education,文盲 Illiterate,百分比 (%) percentage,1949,1952,95
0933,无为庄村志,新入学生 - 大学 Initial Student Enrollment - College/University,,,1949,2015,66
0935,拦车村志,新入学生 - 大学 Initial Student Enrollment - College/University,,,1949,2004,73
0937,赤社村志,新入学生 - 大学 Initial Student Enrollment - College/University,,,1949,2008,57
0937,赤社村志,小学老师 Elementary School Teachers,,,1950,1969,17
0938,交丙坛村志,新入学生 - 大学 Initial Student Enrollment - College/University,,,1949,1997,121
0940,西林西村志,新入学生 - 大学 Initial Student Enrollment - College/University,,,1964,2006,49
0943,崔家庄村志,新入学生 - 大学 Initial Student Enrollment - College/University,,,1949,2003,98
0946,金建村志,新入学生 - 大学 Initial Student Enrollment - College/University,,,1957,2016,296
0947,大望京村志,小学在校生 Elementary School Students,,,1949,1952,50
0949,西王村志,新入学生 - 大学 Initial Student Enrollment - College/University,,,1980,2007,22
0956,城南村志,新入学生 - 大学 Initial Student Enrollment - College/University,,,1949,2004,94
0957,城东村志,新入学生 - 大学 Initial Student Enrollment - College/University,,,1949,1995,87
0958,城内村志,受教育程度 Highest Level of Education,大专以上 College/University or Higher,人数 number of people,1949,2006,160
0959,潢涌村志,新入学生 - 大学 Initial Student Enrollment - College/University,,,1977,1990,40
0964,鱼河湾村志,新入学生 - 大学 Initial Student Enrollment - College/University,,,1949,2012,77
0967,卜居头村志,新入学生 - 大学 Initial Student Enrollment - College/University,,,1949,2015,85
0972,李街村志,新入学生 - 大学 Initial Student Enrollment - College/University,,,1949,2013,59
0976,陈堡村志,新入学生 - 大学 Initial Student Enrollment - College/University,,,1949,2015,207
0984,黄皮村志,小学在校生 Elementary School Students,,,1950,1958,120
0984,黄皮村志,小学在校生 Elementary School Students,,,1959,1965,134
0984,黄皮村志,小学在校生 Elementary School Students,,,1966,1977,212
0984,黄皮村志,小学在校生 Elementary School Students,,,1978,2016,245
0984,黄皮村志,新入学生 - 大学 Initial Student Enrollment - College/University,,,1950,1958,1
0984,黄皮村志,新入学生 - 大学 Initial Student Enrollment - College/University,,,1966,1977,9
0984,黄皮村志,新入学生 - 大学 Initial Student Enrollment - College/University,,,1978,2016,85
0984,黄皮村志,新入学生 - 大学 Initial Student Enrollment - College/University,,,1959,1965,3
0990,城子村志,新入学生 - 大学 Initial Student Enrollment - College/University,,,2008,2010,28
0993,都康村志,新入学生 - 大学 Initial Student Enrollment - College/University,,,1949,2014,90
0995,关虎屯村志,新入学生 - 大学 Initial Student Enrollment - College/University,,,1978,2005,260
0997,葛寨村志,新入学生 - 大学 Initial Student Enrollment - College/University,,,1949,2017,90
0998,崔家村志,新入学生 - 大学 Initial Student Enrollment - College/University,,,1949,2012,160
0999,篁墩村志,新入学生 - 大学 Initial Student Enrollment - College/University,,,1949,2014,89
1002,工程村志,新入学生 - 大学 Initial Student Enrollment - College/University,,,1949,2015,202
1006,松田村志,小学在校生 Elementary School Students,,,1954,1965,108
1006,松田村志,小学老师 Elementary School Teachers,,,1954,1965,3
1007,文山市大兴寨村志,新入学生 - 大学 Initial Student Enrollment - College/University,,,1949,2017,121
1008,古贤村志,新入学生 - 大学 Initial Student Enrollment - College/University,,,1949,1965,8
1008,古贤村志,新入学生 - 大学 Initial Student Enrollment - College/University,,,1966,1976,1
1008,古贤村志,新入学生 - 大学 Initial Student Enrollment - College/University,,,1976,2013,113
1009,吉利村志,新入学生 - 大学 Initial Student Enrollment - College/University,,,1949,2013,195
1010,耿庄村志,新入学生 - 大学 Initial Student Enrollment - College/University,,,1949,2016,19
1011,葛家岭村志,新入学生 - 大学 Initial Student Enrollment - College/University,,,1949,2012,101
1013,高官屯村志,新入学生 - 大学 Initial Student Enrollment - College/University,,,1978,2014,53
1015,康庄村志,新入学生 - 大学 Initial Student Enrollment - College/University,,,1949,2016,83
1016,牛头冲村志,新入学生 - 大学 Initial Student Enrollment - College/University,,,1978,2015,38
1017,湖桥村志,小学在校生 Elementary School Students,,,1970,1973,370
1022,符家庄村志,新入学生 - 大学 Initial Student Enrollment - College/University,,,1977,2014,252
1023,大关邑村志,新入学生 - 大学 Initial Student Enrollment - College/University,,,1949,2003,48
1026,岗上村志,新入学生 - 大学 Initial Student Enrollment - College/University,,,1949,2015,331
1027,霞水村志,小学在校生 Elementary School Students,,,1969,1980,180
1027,霞水村志,小学在校生 Elementary School Students,,,1980,1991,130
1034,谷家峪村志,新入学生 - 大学 Initial Student Enrollment - College/University,,,1949,2016,121
1036,秀州村志,新入学生 - 大学 Initial Student Enrollment - College/University,,,1950,2010,80
1038,高于铺村村志,新入学生 - 大学 Initial Student Enrollment - College/University,,,1949,2015,78
1042,北冶村志,小学在校生 Elementary School Students,,,1951,1953,74
1042,北冶村志,小学在校生 Elementary School Students,,,1961,1967,120
1042,北冶村志,小学在校生 Elementary School Students,,,1968,1983,200
1042,北冶村志,小学在校生 Elementary School Students,,,1983,2001,110
1042,北冶村志,小学老师 Elementary School Teachers,,,1951,1953,3
1042,北冶村志,小学老师 Elementary School Teachers,,,1961,1967,5
1042,北冶村志,小学老师 Elementary School Teachers,,,1968,1983,7
1042,北冶村志,小学老师 Elementary School Teachers,,,1983,2001,8
1042,北冶村志,新入学生 - 大学 Initial Student Enrollment - College/University,,,1949,2009,135
1044,南栅村志,新入学生 - 大学 Initial Student Enrollment - College/University,,,1949,2000,231
1046,牡丹村志,新入学生 - 大学 Initial Student Enrollment - College/University,,,1949,2010,431
1047,北营村志,新入学生 - 大学 Initial Student Enrollment - College/University,,,1949,2003,189
1049,南塘村志,新入学生 - 大学 Initial Student Enrollment - College/University,,,1949,1989,16
1049,南塘村志,新入学生 - 大学 Initial Student Enrollment - College/University,,,1990,2003,33
1049,南塘村志,新入学生 - 大学 Initial Student Enrollment - College/University,,,2004,2010,94
1054,彭庙村志,新入学生 - 大学 Initial Student Enrollment - College/University,,,1949,2014,364
1055,祝桥村志,新入学生 - 大学 Initial Student Enrollment - College/University,,,1997,2014,274
1056,龙跃村志,新入学生 - 大学 Initial Student Enrollment - College/University,,,1949,2010,349
1064,韩庄村志,新入学生 - 大学 Initial Student Enrollment - College/University,,,1949,2014,174
1065,长岗村志,新入学生 - 大学 Initial Student Enrollment - College/University,,,1950,1990,12
1065,长岗村志,新入学生 - 大学 Initial Student Enrollment - College/University,,,1990,2013,149
1066,村尾村志,新入学生 - 大学 Initial Student Enrollment - College/University,,,2003,2014,101
1067,北新城村志,新入学生 - 大学 Initial Student Enrollment - College/University,,,1948,1979,18
1067,北新城村志,新入学生 - 大学 Initial Student Enrollment - College/University,,,1980,1999,25
1067,北新城村志,新入学生 - 大学 Initial Student Enrollment - College/University,,,2000,2016,150
1068,东柴家营村志,新入学生 - 大学 Initial Student Enrollment - College/University,,,1951,2006,55
1070,柯木塱村志,新入学生 - 大学 Initial Student Enrollment - College/University,,,1949,2009,167
1071,韩桥村志,新入学生 - 大学 Initial Student Enrollment - College/University,,,1949,2015,66
1073,东董里村志,新入学生 - 大学 Initial Student Enrollment - College/University,,,1949,2016,155
1074,金林(村志),新入学生 - 大学 Initial Student Enrollment - College/University,,,1979,1998,46
1078,新齐村志,新入学生 - 大学 Initial Student Enrollment - College/University,,,1949,2013,200
1079,关庄村志,新入学生 - 大学 Initial Student Enrollment - College/University,,,1949,2016,271
1081,张庄村志,新入学生 - 大学 Initial Student Enrollment - College/University,,,1949,2015,339
1083,郝寨村志,新入学生 - 大学 Initial Student Enrollment - College/University,,,1949,2016,196
1084,大寺台村志,新入学生 - 大学 Initial Student Enrollment - College/University,,,1991,2014,163
1085,故县村志,小学在校生 Elementary School Students,,,1950,1960,120
1085,故县村志,小学在校生 Elementary School Students,,,1961,1970,187
1085,故县村志,小学在校生 Elementary School Students,,,1971,1980,268
1085,故县村志,小学在校生 Elementary School Students,,,1981,1990,316
1085,故县村志,小学在校生 Elementary School Students,,,1991,2000,483
1085,故县村志,小学老师 Elementary School Teachers,,,1950,1960,6
1085,故县村志,小学老师 Elementary School Teachers,,,1961,1970,10
1085,故县村志,小学老师 Elementary School Teachers,,,1971,1980,12
1085,故县村志,小学老师 Elementary School Teachers,,,1981,1990,14
1085,故县村志,小学老师 Elementary School Teachers,,,1991,2000,18
1088,雕龙嘴村志,新入学生 - 大学 Initial Student Enrollment - College/University,,,1990,2013,99
1091,小务口村志,小学在校生 Elementary School Students,,,1948,1954,60
1091,小务口村志,小学在校生 Elementary School Students,,,1954,1958,50
1091,小务口村志,小学在校生 Elementary School Students,,,1960,1961,30
1091,小务口村志,小学在校生 Elementary School Students,,,1959,1961,30
1091,小务口村志,小学在校生 Elementary School Students,,,1963,1964,35
1091,小务口村志,小学老师 Elementary School Teachers,,,1954,1958,1
1091,小务口村志,小学老师 Elementary School Teachers,,,1960,1961,1
1091,小务口村志,小学老师 Elementary School Teachers,,,1959,1961,3
1091,小务口村志,小学老师 Elementary School Teachers,,,1963,1964,1
1094,嶂青村志,新入学生 - 大学 Initial Student Enrollment - College/University,,,1949,2005,15
1094,嶂青村志,小学老师 Elementary School Teachers,,,1949,1992,71
1094,嶂青村志,受教育程度 Highest Level of Education,初中 Junior High School,人数 number of people,1949,2002,435
1094,嶂青村志,受教育程度 Highest Level of Education,中专高中 High School,人数 number of people,1949,2002,275
1095,占文村志,受教育程度 Highest Level of Education,大专以上 College/University or Higher,百分比 (%) percentage,2000,2016,75
1097,郭家咀村志,新入学生 - 大学 Initial Student Enrollment - College/University,,,2004,2015,64
1098,大辛家村志,新入学生 - 大学 Initial Student Enrollment - College/University,,,1949,1997,113
1100,河南村村志,新入学生 - 大学 Initial Student Enrollment - College/University,,,1978,2015,30
1102,元荡村志,新入学生 - 大学 Initial Student Enrollment - College/University,,,1961,2016,371
1105,大京村志,新入学生 - 大学 Initial Student Enrollment - College/University,,,1949,2005,103
1108,大吉村志,新入学生 - 大学 Initial Student Enrollment - College/University,,,1949,1966,2
1108,大吉村志,新入学生 - 大学 Initial Student Enrollment - College/University,,,1977,1999,37
1110,大峪村志,新入学生 - 大学 Initial Student Enrollment - College/University,,,1977,2013,107
1111,褚村村志,新入学生 - 大学 Initial Student Enrollment - College/University,,,1949,2008,82
1111,褚村村志,小学老师 Elementary School Teachers,,,1949,1952,8
1111,褚村村志,小学老师 Elementary School Teachers,,,1952,1960,15
1111,褚村村志,小学老师 Elementary School Teachers,,,1960,1961,5
1111,褚村村志,小学老师 Elementary School Teachers,,,1961,1964,11
1111,褚村村志,小学老师 Elementary School Teachers,,,1964,1967,12
1111,褚村村志,小学老师 Elementary School Teachers,,,1967,1968,15
1111,褚村村志,小学老师 Elementary School Teachers,,,1968,1972,18
1111,褚村村志,小学老师 Elementary School Teachers,,,1972,1973,18
1111,褚村村志,小学老师 Elementary School Teachers,,,1973,1975,25
1111,褚村村志,小学老师 Elementary School Teachers,,,1975,1977,30
1111,褚村村志,小学老师 Elementary School Teachers,,,1977,1980,46
1111,褚村村志,小学老师 Elementary School Teachers,,,1980,1982,52
1111,褚村村志,小学老师 Elementary School Teachers,,,1982,1985,54
1111,褚村村志,小学老师 Elementary School Teachers,,,1985,1987,32
1111,褚村村志,小学老师 Elementary School Teachers,,,1987,1988,32
1111,褚村村志,小学老师 Elementary School Teachers,,,1988,1991,34
1111,褚村村志,小学老师 Elementary School Teachers,,,1991,2000,43
1111,褚村村志,小学老师 Elementary School Teachers,,,2000,2001,18
1111,褚村村志,小学老师 Elementary School Teachers,,,2001,2002,17
1111,褚村村志,小学老师 Elementary School Teachers,,,2003,2004,19
1111,褚村村志,小学老师 Elementary School Teachers,,,2004,2006,21
1111,褚村村志,小学老师 Elementary School Teachers,,,2006,2007,20
1111,褚村村志,小学老师 Elementary School Teachers,,,2007,2008,20
1114,大营村志,新入学生 - 大学 Initial Student Enrollment - College/University,,,1949,2012,142
1115,邓曲村志,新入学生 - 大学 Initial Student Enrollment - College/University,,,1949,2005,95
1116,常营村村志,受教育程度 Highest Level of Education,大专以上 College/University or Higher,人数 number of people,1949,2005,60
1117,王屋村志,新入学生 - 大学 Initial Student Enrollment - College/University,,,1983,2014,86
1126,涧南庄村志,新入学生 - 大学 Initial Student Enrollment - College/University,,,1949,2016,70
1127,老俩河村志,新入学生 - 大学 Initial Student Enrollment - College/University,,,1949,2017,31
1128,临南村志,新入学生 - 大学 Initial Student Enrollment - College/University,,,1949,2016,87
1129,万马村志,小学在校生 Elementary School Students,,,1949,1953,50
1129,万马村志,小学在校生 Elementary School Students,,,1953,1957,54
1129,万马村志,小学在校生 Elementary School Students,,,1957,1962,92
1129,万马村志,小学在校生 Elementary School Students,,,1962,1969,95
1129,万马村志,小学在校生 Elementary School Students,,,1969,1984,180
1129,万马村志,小学在校生 Elementary School Students,,,1984,1985,170
1129,万马村志,小学在校生 Elementary School Students,,,1985,1988,168
1129,万马村志,小学在校生 Elementary School Students,,,1988,1994,162
1129,万马村志,小学在校生 Elementary School Students,,,1994,2000,165
1129,万马村志,小学老师 Elementary School Teachers,,,1949,1953,3
1129,万马村志,小学老师 Elementary School Teachers,,,1953,1957,4
1129,万马村志,小学老师 Elementary School Teachers,,,1957,1962,4
1129,万马村志,小学老师 Elementary School Teachers,,,1962,1969,4
1129,万马村志,小学老师 Elementary School Teachers,,,1969,1984,8
1129,万马村志,小学老师 Elementary School Teachers,,,1984,1985,8
1129,万马村志,小学老师 Elementary School Teachers,,,1985,1988,8
1129,万马村志,小学老师 Elementary School Teachers,,,1994,2000,8
1129,万马村志,小学老师 Elementary School Teachers,,,1988,1994,8
1129,万马村志,新入学生 - 大学 Initial Student Enrollment - College/University,,,1949,2015,455
1131,杨家村志,受教育程度 Highest Level of Education,大专以上 College/University or Higher,人数 number of people,1961,2005,55
1132,集义村志,新入学生 - 大学 Initial Student Enrollment - College/University,,,1949,2004,113
1136,诸暨渔橹赵家村志(重修本),受教育程度 Highest Level of Education,大专以上 College/University or Higher,人数 number of people,1949,2010,247
1138,三元里村志,受教育程度 Highest Level of Education,大专以上 College/University or Higher,人数 number of people,1949,2015,425
1150,红光村志,新入学生 - 大学 Initial Student Enrollment - College/University,,,1949,2009,153
1151,段洼村志,新入学生 - 大学 Initial Student Enrollment - College/University,,,1949,2017,52
1154,岗李村志,新入学生 - 大学 Initial Student Enrollment - College/University,,,1949,2017,127
1155,官道口村志,新入学生 - 大学 Initial Student Enrollment - College/University,,,1978,2014,28
1157,荆彰村志,新入学生 - 大学 Initial Student Enrollment - College/University,,,1978,2013,19
1159,东富庄村志,新入学生 - 大学 Initial Student Enrollment - College/University,,,1949,2012,153
1160,大里村志,小学在校生 Elementary School Students,,,1949,1951,110
1160,大里村志,小学在校生 Elementary School Students,,,1951,1952,120
1160,大里村志,小学在校生 Elementary School Students,,,1952,1954,130
1160,大里村志,小学在校生 Elementary School Students,,,1955,1956,150
1160,大里村志,小学在校生 Elementary School Students,,,1956,1957,150
1160,大里村志,小学在校生 Elementary School Students,,,1957,1966,160
1160,大里村志,小学在校生 Elementary School Students,,,1967,1971,160
1160,大里村志,小学在校生 Elementary School Students,,,1971,1977,160
1160,大里村志,小学在校生 Elementary School Students,,,1978,1983,180
1160,大里村志,小学在校生 Elementary School Students,,,1983,1984,200
1160,大里村志,小学在校生 Elementary School Students,,,1985,1986,215
1160,大里村志,小学在校生 Elementary School Students,,,1986,1994,210
1160,大里村志,小学在校生 Elementary School Students,,,1994,2002,195
1160,大里村志,小学在校生 Elementary School Students,,,2002,2004,206
1160,大里村志,小学在校生 Elementary School Students,,,2004,2006,218
1160,大里村志,小学在校生 Elementary School Students,,,2007,2010,269
1160,大里村志,小学老师 Elementary School Teachers,,,1949,1951,6
1160,大里村志,小学老师 Elementary School Teachers,,,1951,1952,6
1160,大里村志,小学老师 Elementary School Teachers,,,1952,1954,7
1160,大里村志,小学老师 Elementary School Teachers,,,1955,1956,8
1160,大里村志,小学老师 Elementary School Teachers,,,1956,1957,9
1160,大里村志,小学老师 Elementary School Teachers,,,1957,1966,9
1160,大里村志,小学老师 Elementary School Teachers,,,1967,1971,10
1160,大里村志,小学老师 Elementary School Teachers,,,1971,1977,11
1160,大里村志,小学老师 Elementary School Teachers,,,1978,1983,11
1160,大里村志,小学老师 Elementary School Teachers,,,1983,1984,12
1160,大里村志,小学老师 Elementary School Teachers,,,1985,1986,12
1160,大里村志,小学老师 Elementary School Teachers,,,1986,1994,13
1160,大里村志,小学老师 Elementary School Teachers,,,1994,2002,12
1160,大里村志,小学老师 Elementary School Teachers,,,2002,2004,12
1160,大里村志,小学老师 Elementary School Teachers,,,2004,2006,13
1160,大里村志,小学老师 Elementary School Teachers,,,2007,2010,14
1160,大里村志,新入学生 - 大学 Initial Student Enrollment - College/University,,,1977,2010,56
1161,大田村志,新入学生 - 大学 Initial Student Enrollment - College/University,,,1949,2010,41
1165,东冠村志,新入学生 - 大学 Initial Student Enrollment - College/University,,,1973,1996,24
1169,岭口村志,新入学生 - 大学 Initial Student Enrollment - College/University,,,1949,1998,66
1173,兰墅桥村志,新入学生 - 大学 Initial Student Enrollment - College/University,,,1980,2015,153
1176,东山王村志,新入学生 - 大学 Initial Student Enrollment - College/University,,,1977,2007,50
1178,东坊北村志,新入学生 - 大学 Initial Student Enrollment - College/University,,,1980,2014,70
1179,东鲁村志,新入学生 - 大学 Initial Student Enrollment - College/University,,,1949,2013,277
1180,大崂村志,受教育程度 Highest Level of Education,文盲 Illiterate,百分比 (%) percentage,1949,1951,95
1182,团结(碁南)村志,新入学生 - 大学 Initial Student Enrollment - College/University,,,1977,2011,258
1186,太家沟村志,新入学生 - 大学 Initial Student Enrollment - College/University,,,1949,2016,165
1190,西屯村志,新入学生 - 大学 Initial Student Enrollment - College/University,,,1949,2016,388
1195,大山西村志,新入学生 - 大学 Initial Student Enrollment - College/University,,,1962,2013,199
