村志代码 Gazetteer Code,村志书名 Gazetteer Title,村志书名 - 汉语拼音 Gazetteer Title - Hanyu Pinyin,出版年 Year of Publication,出版类型 Publication Type
0001,太平店村志,Changge Shi Taipingdian Cun zhi,2009,正式出版 Formal
0002,叶店村志,Yedian Cun zhi,2008,非正式出版物 Informal
0003,马鞭田村志,Mabiantian Cun zhi,2012,正式出版 Formal
0004,万秀村志,Wanxiu Cun zhi,2009,正式出版 Formal
0005,光淀村志,Guangdian Cun zhi,2004,非正式出版物 Informal
0006,方等村志,Hebei Sheng Lincheng Xian Fangdeng Cun zhi,2012,非正式出版物 Informal
0007,渔津洼村志,Yujinwa Cun zhi,2002,正式出版 Formal
0008,板板桥村志,Banbanqiao Cun zhi,2007,正式出版 Formal
0009,仓上村志,Cangshang Cun zhi,2011,内部出版 Internal
0010,草场地村志,Caochangdi Cun zhi,2007,非正式出版物 Informal
0011,桥梓村志,Dongguan Shi Changping Zhen Qiaozi Cun zhi,2010,正式出版 Formal
0012,东侯坊村志,Donghoufang Cun zhi,2017,非正式出版物 Informal
0013,黄土岗村志,Huangtugang Cun zhi,2009,非正式出版物 Informal
0014,桑耳庄村志,Sang’erzhuang Cun zhi,2001,正式出版 Formal
0015,三合村志,Sanhe Cun zhi,2013,正式出版 Formal
0016,上梅林村志,Shangmeilin Cun zhi,2007,正式出版 Formal
0017,单家村村志,Shanjia Cun Cun zhi,2011,非正式出版物 Informal
0018,生产村志,Shengchan Cun zhi,1994,非正式出版物 Informal
0019,树园村志,Shuyuan Cun zhi,2006,非正式出版物 Informal
0020,西黄村村志,Xihuang Cun Cun zhi,2010,非正式出版物 Informal
0021,张坊村志,Zhangfang Cun zhi,2011,正式出版 Formal
0022,张家圩子村志,Zhangjiaweizi Cun zhi (1401-2011),2012,正式出版 Formal
0023,凤池村志,Fengchi Cun zhi,2007,非正式出版物 Informal
0024,楼村志,Lou Cun zhi,2009,正式出版 Formal
0025,马头村志,Matou Cun zhi,2013,正式出版 Formal
0026,孟莲村志,Menglian Cun zhi,2008,正式出版 Formal
0027,马岭村志,Maling Cun zhi,2013,正式出版 Formal
0028,莲塘村志(修订),Liantang Cun zhi (xiu ding),2010,内部出版 Internal
0029,刘国忠村志,Liuguozhong Cun zhi,2012,非正式出版物 Informal
0030,管元村志,Guanyuan Cun zhi,2005,正式出版 Formal
0031,南凤山村志,Nanfengshan Cun zhi,2009,内部出版 Internal
0032,井亭村志,Jingting Cun zhi,2010,正式出版 Formal
0033,见守村志,Jianshou Cun zhi,2006,内部出版 Internal
0034,胡家村志,Hujia Cun zhi,2008,正式出版 Formal
0035,洪塘头村志,Hongtangtou Cun zhi,2009,内部出版 Internal
0036,周家巷村志,Zhoujiaxiang Cun zhi,2009,内部出版 Internal
0037,联盟村志,Lianmeng Cun zhi,1999,正式出版 Formal
0038,梁口村志,Liangkou Cun zhi,2009,非正式出版物 Informal
0039,骏马村志,Junma Cun zhi,2013,非正式出版物 Informal
0040,金家坪村志,Jinjiaping Cun zhi,2008,非正式出版物 Informal
0041,博潭村志,Botan Cun zhi,2002,非正式出版物 Informal
0042,新桥村志,Xinqiao Cun zhi,2009,正式出版 Formal
0043,草厂村志,Caochang Cun zhi,2012,非正式出版物 Informal
0044,大吕庄村志,Dalüzhuang Cun zhi,2012,正式出版 Formal
0045,定安村志,Ding’an Cun zhi,2004,非正式出版物 Informal
0046,方家村志,Fangjia Cun zhi,2013,正式出版 Formal
0047,冯桥村志,Fengqiao Cun zhi,2008,非正式出版物 Informal
0048,小瓦窑村志,Xiaowayao Cun zhi,2009,非正式出版物 Informal
0049,富强村志,Fuqiang Cun zhi,2011,正式出版 Formal
0050,福清音西村志,Fuqing Yinxi Cun zhi,2011,正式出版 Formal
0051,潭前王村志,Tanqianwang Cun zhi,2006,正式出版 Formal
0052,郭家沟村志,Guojiagou Cun zhi,2013,正式出版 Formal
0053,牟家村志,Moujia Cun zhi,2009,非正式出版物 Informal
0054,西官庄村志,Xiguanzhuang Cun zhi,2012,非正式出版物 Informal
0055,西园村志,Xiyuan Cun zhi,2009,非正式出版物 Informal
0056,沐陂村志,Mupi Cun zhi,2010,非正式出版物 Informal
0057,尧治河村志,Yaozhihe Cun zhi,2010,内部出版 Internal
0058,袁家沟村志,Yuanjiagou Cun zhi,2010,正式出版 Formal
0059,云水村志,Yunshui Cun zhi,2002,正式出版 Formal
0060,平地村志,Pingdi Cun zhi,2006,内部出版 Internal
0061,西高庄村志,Xigaozhuang Cun zhi,2012,正式出版 Formal
0062,新华村志,Xinhua Cun zhi,2004,内部出版 Internal
0063,盘山村志,Panshan Cun zhi,2009,正式出版 Formal
0064,三路居村志,Sanluju Cun zhi,2009,正式出版 Formal
0065,仙台村村志,Xiantai Cun cun zhi,2012,非正式出版物 Informal
0066,四马台村志,Simatai Cun zhi,2011,正式出版 Formal
0067,西洞头村志,Xidongtou Cun zhi,2005,非正式出版物 Informal
0068,五河苗族村志,Wuhe Miao Zu cun zhi,2007,内部出版 Internal
0069,五一村志,Wuyi Cun zhi,2011,内部出版 Internal
0070,乌玉村志,Wuyu Cun zhi,2003,内部出版 Internal
0071,前夹山村志,Qianjiashan Cun zhi,2011,正式出版 Formal
0072,浦联村志,Pulian Cun zhi,1996,正式出版 Formal
0073,三元朱村志,Sanyuanzhu Cun zhi,2008,正式出版 Formal
0074,上东廓村志,Shangdongkuo Cun zhi,2008,非正式出版物 Informal
0075,琴湖村志,Qinhu Cun zhi,2011,正式出版 Formal
0076,沁水营村志,Qinshuiying Cun zhi,2012,正式出版 Formal
0077,三洋村志,Sanyang Cun zhi,2013,正式出版 Formal
0078,三八里村志,Sanbali Cun zhi,2011,正式出版 Formal
0079,坦头村志,Tantou Cun zhi,2014,正式出版 Formal
0080,新店村志,Xindian Cun zhi,2011,内部出版 Internal
0081,北仪仙村志,Beiyixian Cun zhi,1998,正式出版 Formal
0082,北良侯村志,Beilianghou Cun zhi,1999,非正式出版物 Informal
0083,柏沟村志,Bogou Cun zhi,1997,正式出版 Formal
0084,三力村志,Sanli Cun zhi,2008,非正式出版物 Informal
0085,马鼻方志,Mabi fang zhi,2000,非正式出版物 Informal
0086,石䧱村志,Shikuan Cun zhi,2000,非正式出版物 Informal
0087,坦头村志,Tantou Cun zhi,2002,非正式出版物 Informal
0088,传字营村志,Chuanziying Cun zhi,2000,内部出版 Internal
0089,新立村志,Xinli Cun zhi,2002,正式出版 Formal
0090,高山村志,Gaoshan Cun zhi,2004,非正式出版物 Informal
0091,福保村志,Fubao Cun zhi,2005,正式出版 Formal
0092,上南村志,Shangnan Cun zhi,2012,非正式出版物 Informal
0093,霍庄子村志,Huozhuangzi Cun zhi,2012,非正式出版物 Informal
0094,长畛村志,Changzhen Cun zhi,2007,正式出版 Formal
0095,大河村志,Dahe Cun zhi,2011,内部出版 Internal
0096,大蒋庄村志,Dajiangzhuang Cun zhi,1995,正式出版 Formal
0097,插旗山村志,Chaqishan Cun zhi,2016,内部出版 Internal
0098,福德村志,Fude Cun zhi,2012,正式出版 Formal
0099,银桥村村志,Yinqiao Cun cun zhi,2013,内部出版 Internal
0100,崖堡村志,Aibu Cun zhi,2014,正式出版 Formal
0101,柳州·村志 : 柳城卷,Liuzhou cun zhi : Liucheng juan,2008,非正式出版物 Informal
0102,柳州·村志 : 柳城卷,Liuzhou cun zhi : Liucheng juan,2008,非正式出版物 Informal
0103,柳州·村志 : 柳城卷,Liuzhou cun zhi : Liucheng juan,2008,非正式出版物 Informal
0104,柳州·村志 : 柳城卷,Liuzhou cun zhi : Liucheng juan,2008,非正式出版物 Informal
0105,柳州·村志 : 柳城卷,Liuzhou cun zhi : Liucheng juan,2008,非正式出版物 Informal
0106,柳州·村志 : 柳城卷,Liuzhou cun zhi : Liucheng juan,2008,非正式出版物 Informal
0107,柳州·村志 : 柳城卷,Liuzhou cun zhi : Liucheng juan,2008,非正式出版物 Informal
0108,柳州·村志 : 柳城卷,Liuzhou cun zhi : Liucheng juan,2008,非正式出版物 Informal
0109,柳州·村志 : 柳城卷,Liuzhou cun zhi : Liucheng juan,2008,非正式出版物 Informal
0110,柳州·村志 : 柳城卷,Liuzhou cun zhi : Liucheng juan,2008,非正式出版物 Informal
0111,柳州·村志 : 柳城卷,Liuzhou cun zhi : Liucheng juan,2008,非正式出版物 Informal
0112,柳州·村志 : 柳城卷,Liuzhou cun zhi : Liucheng juan,2008,非正式出版物 Informal
0113,东古城村志,Donggucheng Cun zhi,2014,正式出版 Formal
0114,涌泉村志,Yongquan Cun zhi,2008,正式出版 Formal
0115,荷湖村志,Hehu Cun zhi,2011,正式出版 Formal
0116,青峰村志,Qingfeng Cun zhi,2014,非正式出版物 Informal
0117,正蓝前二村志,Zhenglanqian’er Cun zhi,2005,内部出版 Internal
0118,百子畈村志,Baizifan Cun zhi,2016,非正式出版物 Informal
0119,三堰淌村志,Sanyantang Cun zhi,2008,非正式出版物 Informal
0120,小库木尔村志,Xiaokumu’er Cun zhi,2014,正式出版 Formal
0121,马村志,Ma Cun zhi,2002,正式出版 Formal
0123,小三家子村志,Xiaosanjiazi Cun zhi,1996,内部出版 Internal
0124,复兴村志,Fuxing Cun zhi,1998,非正式出版物 Informal
0125,长见村志,Changjian Cun zhi,1991,内部出版 Internal
0126,文大村志,Wenda Cun zhi,2009,正式出版 Formal
0127,浪营村志,Langying Cun zhi,2008,非正式出版物 Informal
0128,白沙村志,Baisha Cun zhi,1991,正式出版 Formal
0129,高庙村志,Gaomiao Cun zhi,2004,非正式出版物 Informal
0130,起台堡村志,Qitaibao Cun zhi,2010,非正式出版物 Informal
0131,双庄村村志,Shuangzhuang Cun Cun zhi,2016,非正式出版物 Informal
0132,毕家上流村志,Bijiashangliu Cun zhi,2010,非正式出版物 Informal
0133,天穆村志,Tianmu Cun zhi,2007,内部出版 Internal
0134,梁堡村志,Liangbao Cun zhi,2017,非正式出版物 Informal
0135,苏波盖村志,Subogai Cun zhi,2016,正式出版 Formal
0136,丹村志,Dan Cun zhi,2013,非正式出版物 Informal
0137,菖蒲塘村志,Changputang Cun zhi,2016,内部出版 Internal
0138,东颜村志,Dongyan Cun zhi,2009,内部出版 Internal
0139,魁胆村志(送审稿),Kuidan Cun zhi (song shen gao),2017,非正式出版物 Informal
0140,隆里所村志(审议稿),Longlisuo Cun zhi (shen yi gao),2017,非正式出版物 Informal
0141,大三家村志,Dasanjia Cun zhi,2011,正式出版 Formal
0142,纳家户村志,Najiahu Cun zhi,2011,正式出版 Formal
0143,防川村志,Fangchuan Cun zhi,2017,非正式出版物 Informal
0144,上庄村志,Shangzhuang Cun zhi,2009,内部出版 Internal
0145,宝狮村志,Baoshi Cun zhi,2013,非正式出版物 Informal
0146,凤凰庙村志,Fenghuangmiao Cun zhi,2015,非正式出版物 Informal
0147,卖花渔村志,Maihuayu Cun zhi,2012,内部出版 Internal
0148,西厂圪洞村志,Xichanggedong Cun zhi,2013,正式出版 Formal
0149,严小村村志,Yanxiao Cun Cun zhi,2010,非正式出版物 Informal
0150,宝才村志,Baocai Cun zhi,2007,内部出版 Internal
0151,宜安村志,Yi’an Cun zhi,2014,内部出版 Internal
0152,传桂村志,Chuangui Cun zhi,2003,非正式出版物 Informal
0153,叶坪村志,Yeping Cun zhi,2002,非正式出版物 Informal
0154,马路村志,Malu Cun zhi,2012,非正式出版物 Informal
0156,百花村志,Baihua Cun zhi,2011,非正式出版物 Informal
0157,上桥村志,Shangqiao Cun zhi,1996,非正式出版物 Informal
0158,茅草村志,Maocao Cun zhi,2008,非正式出版物 Informal
0159,北山门口村志,Beishanmenkou Cun zhi,2014,内部出版 Internal
0160,逯家寨志,Lujiazhai zhi,2000,非正式出版物 Informal
0161,鸡鸣村志,Jiming Cun zhi,2015,正式出版 Formal
0162,丁达村志,Dingda Cun zhi,2008,内部出版 Internal
0163,莲麻坑村志,Lianmakeng Cun zhi,2015,正式出版 Formal
0164,八卦营村志,Baguaying Cun zhi,2007,正式出版 Formal
0165,大畈村志,Dafan Cun zhi,2008,非正式出版物 Informal
0166,赤土村志,Chitu Cun zhi,2012,正式出版 Formal
0167,南店村志,Nandian Cun zhi,2016,非正式出版物 Informal
0168,杨树林子村志,Yangshulinzi Cun zhi,2016,非正式出版物 Informal
0169,永庆村志,Yongqing Cun zhi,2010,内部出版 Internal
0170,鲍家寨村志,Baojiazhai Cun zhi,2007,非正式出版物 Informal
0171,青林寺村志,Qinglinsi Cun zhi,2017,正式出版 Formal
0172,定平村志,Dingping Cun zhi,2007,非正式出版物 Informal
0173,果山村志,Guoshan Cun zhi,2010,非正式出版物 Informal
0174,蔡宅村志,Caizhai Cun zhi,2004,正式出版 Formal
0176,汪家塬村志,Wangjiayuan Cun zhi,2016,正式出版 Formal
0177,船房村志,Chuanfang Cun zhi,2006,非正式出版物 Informal
0178,双街村志,Shuangjie Cun zhi,2017,正式出版 Formal
0179,木民村志,Mumin Cun zhi,2005,非正式出版物 Informal
0180,红城村志,Hongcheng Cun zhi,1997,内部出版 Internal
0181,弼唐村志,Bitang Cun zhi,2008,内部出版 Internal
0183,旧城村志,Jiucheng Cun zhi,2012,正式出版 Formal
0184,橫西村志,Hengxi Cun zhi,2007,非正式出版物 Informal
0185,镇海村志,Zhenhai Cun zhi,2006,非正式出版物 Informal
0186,白岩洞村志,Baiyandong Cun zhi,2010,非正式出版物 Informal
0187,百泉村志,Baiquan Cun zhi,2002,正式出版 Formal
0188,调塾村志,Diaoshu Cun zhi,2005,非正式出版物 Informal
0189,苑口村志,Yuankou Cun zhi,2006,正式出版 Formal
0190,范家店村志,Fanjiadian Cun zhi,2010,正式出版 Formal
0191,塘尾村志,Tangwei Cun zhi,2011,正式出版 Formal
0192,三桥村志,Sanqiao Cun zhi,2009,非正式出版物 Informal
0193,唐美村志,Tangmei Cun zhi,2006,非正式出版物 Informal
0194,界首村志,Jieshou Cun zhi,2006,非正式出版物 Informal
0195,珂里庄志,Keli Zhuang zhi,2010,正式出版 Formal
0196,吉镇村志,Jizhen Cun zhi,2006,非正式出版物 Informal
0197,贤友村志,Xianyou Cun zhi,2014,正式出版 Formal
0198,徐家河村志,Xujiahe Cun zhi,2009,非正式出版物 Informal
0199,勤丰村志,Qinfeng Cun zhi,2011,正式出版 Formal
0200,观音庙村史,Guanyinmiao Cun shi,2011,非正式出版物 Informal
0201,永联村志,Yonglian Cun zhi,2015,正式出版 Formal
0203,石马峪村志,Shimayu Cun zhi,2012,非正式出版物 Informal
0204,者湾村志,Zhewan Cun zhi,2000,非正式出版物 Informal
0205,黄土村志,Huangtu Cun zhi,1996,内部出版 Internal
0206,上关村志,Shangguan Cun zhi,2006,非正式出版物 Informal
0207,兴堰村志,Xingyan Cun zhi,2015,内部出版 Internal
0208,人民塘村志,Renmintang Cun zhi,2014,正式出版 Formal
0209,海东村志,Haidong Cun zhi,2013,非正式出版物 Informal
0210,三街村志,Sanjie Cun zhi,2008,正式出版 Formal
0211,山邑村志,Shanyi Cun zhi,2007,非正式出版物 Informal
0212,石坝村志,Shiba Cun zhi,2013,正式出版 Formal
0213,群安村志,Qun’an Cun zhi,2015,内部出版 Internal
0214,云溪村志,Yunxi Cun zhi,2011,非正式出版物 Informal
0215,龙街村志,Longjie Cun zhi,2003,内部出版 Internal
0216,金陵村志,Jinling Cun zhi,2014,正式出版 Formal
0217,瓦窑村志,Wayao Cun zhi,2013,非正式出版物 Informal
0218,九星村志,Jiuxing Cun zhi,2013,正式出版 Formal
0219,金凤村志,Jinfeng Cun zhi,2012,正式出版 Formal
0220,董棕河村志,Dongzonghe Cun zhi,2013,正式出版 Formal
0221,南胜村志,Nansheng Cun zhi,2013,非正式出版物 Informal
0222,唐家岭村志,Tangjialing Cun zhi,2009,非正式出版物 Informal
0223,水闸口村志,Shuizhakou Cun zhi,2008,非正式出版物 Informal
0224,柏崖厂村志,Baiyachang Cun zhi,2013,正式出版 Formal
0225,古城村志,Qiaoli Cun zhi,2016,正式出版 Formal
0226,天井村志,Tianjing Cun zhi,2004,正式出版 Formal
0227,后辛庄村志,Houxinzhuang Cun zhi,2005,非正式出版物 Informal
0228,环东村志,Huandong Cun zhi,2014,正式出版 Formal
0229,上马坊村志,Shangmafang Cun zhi,2009,内部出版 Internal
0230,果园村志,Guoyuan Cun zhi,2014,正式出版 Formal
0231,众安村志,Zhong’an Cun zhi,2016,正式出版 Formal
0232,马连道村志,Maliandao Cun zhi,2008,非正式出版物 Informal
0233,棠东村志,Tangdong Cun zhi,2006,非正式出版物 Informal
0234,小坑村志,Xiaokeng Cun zhi,2005,内部出版 Internal
0235,勐廷村志,Mengting Cun zhi,2016,正式出版 Formal
0236,榆林村志,Yulin Cun zhi,2013,正式出版 Formal
0238,界龙村志,Jielong Cun zhi,2013,正式出版 Formal
0239,北山村志,Beishan Cun zhi,2016,正式出版 Formal
0241,龙爪树村志,Longzhaoshu Cun zhi,2014,非正式出版物 Informal
0242,横浦村志,Hengpu Cun zhi,2016,内部出版 Internal
0243,南韩继村志,Nanhanji Cun zhi,2016,正式出版 Formal
0244,盐行村志,Yanhang Cun zhi,2013,非正式出版物 Informal
0245,上园村志,Shangyuan Cun zhi,1999,正式出版 Formal
0246,卫通村志 ,Weitong Cun zhi,2017,内部出版 Internal
0247,亭北村志,Tingbei Cun zhi,2016,内部出版 Internal
0248,东夏园村志,Dongxiayuan Cun zhi,2016,非正式出版物 Informal
0249,北桥村志 ,Beiqiao Cun zhi,2015,非正式出版物 Informal
0250,慧农村志,Huinong Cun zhi,2016,内部出版 Internal
0251,双河村志,Shuanghe Cun zhi,2013,正式出版 Formal
0252,金鸡台村志,Jinjitai Cun zhi,2016,正式出版 Formal
0253,崧泽村志,Songze Cun zhi,2013,正式出版 Formal
0254,亭东村志,Tingdong Cun zhi,2017,内部出版 Internal
0255,民主村志,Minzhu Cun zhi,2016,内部出版 Internal
0256,黄山店村志,Huangshandian Cun zhi,2015,内部出版 Internal
0257,华一村志 ,Huayi Cun zhi,2003,正式出版 Formal
0258,罗衙村志,Luoya Cun zhi,2014,非正式出版物 Informal
0259,江头河村志,Jiangtouhe Cun zhi,2005,非正式出版物 Informal
0260,钱桥村志,Qianqiao Cun zhi,2003,内部出版 Internal
0261,寒王村志,Hanwang Cun zhi,2014,正式出版 Formal
0262,新维村志,Xinwei Cun zhi,2014,正式出版 Formal
0263,东张口村志,Dongzhangkou Cun zhi,2016,内部出版 Internal
0264,长安村志,Chang’an Cun zhi,2003,非正式出版物 Informal
0265,磁山村志,Cishan Cun zhi,1990,非正式出版物 Informal
0266,洞阳观村志,Dongyangguan Cun zhi,2013,非正式出版物 Informal
0267,晨钟村志,Chenzhong Cun zhi,2015,正式出版 Formal
0268,北陈村志,Beichen Cun zhi,2011,非正式出版物 Informal
0269,南坑村志,Nankeng Cun zhi,2014,内部出版 Internal
0270,洞源村志,Dongyuan Cun zhi,1997,正式出版 Formal
0271,东街村志,Dongjie Cun zhi,2016,正式出版 Formal
0272,芙蓉村志,Furong Cun zhi,2012,非正式出版物 Informal
0273,超墘村志,Chaoqian Cun zhi,2015,内部出版 Internal
0274,怀德村志,Huaide Cun zhi,2007,正式出版 Formal
0275,高家村志,Gaojia Cun zhi,2015,正式出版 Formal
0276,大潘家村志,Dapanjia Cun zhi,2012,正式出版 Formal
0277,东大寨村志,Dongdazhai Cun zhi,2013,正式出版 Formal
0278,国际村志,Guoji Cun zhi,2016,正式出版 Formal
0279,黑石头村志,Heishitou Cun zhi,2003,正式出版 Formal
0280,北寨张村志,Beizhaizhang Cun zhi,2004,非正式出版物 Informal
0281,碑登村志,Beideng Cun zhi,2003,正式出版 Formal
0282,何麻车村志,Hemache cun zhi,1998,非正式出版物 Informal
0283,固新村志,Guxin Cun zhi,2008,内部出版 Internal
0285,土塘村志,Tutang Cun zhi,2013,内部出版 Internal
0286,大井村志,Dajing Cun zhi,2008,非正式出版物 Informal
0287,东方村志,Dongfang Cun zhi,2014,非正式出版物 Informal
0288,枫树岗村志,Fengshugang Cun zhi,2015,正式出版 Formal
0289,百胜村志,Baisheng Cun zhi,2008,非正式出版物 Informal
0290,大板沟村志,Dabangou Cun zhi,2012,非正式出版物 Informal
0291,官曲村志,Guanqu Cun zhi,2005,非正式出版物 Informal
0292,凡村村志,Fan Cun cun zhi,2005,非正式出版物 Informal
0293,碟子沟村志,Diezigou Cun zhi,2016,正式出版 Formal
0294,北沙坡村志,Beishapo Cun zhi,2011,正式出版 Formal
0295,何家楼村志,Hejialou Cun zhi,2008,非正式出版物 Informal
0296,大省村志,Dasheng Cun zhi,2006,正式出版 Formal
0297,册井村志,Cejing Cun zhi,2002,正式出版 Formal
0298,葛富村志,Gefu Cun zhi,2005,内部出版 Internal
0299,衙门村志,Yamen Cun zhi,2006,正式出版 Formal
0300,斗门村志,Doumen Cun zhi,1993,非正式出版物 Informal
0301,长山村志,Changshan Cun zhi,1992,非正式出版物 Informal
0302,南关村志,Nanguan Cun zhi,1989,非正式出版物 Informal
0303,陈屯村志,Chentun Cun zhi,2008,内部出版 Internal
0304,东岐村志,Dongqi Cun zhi,1998,正式出版 Formal
0305,港西村志,Gangxi Cun zhi,1999,非正式出版物 Informal
0306,大英村志,Daying Cun zhi,2013,内部出版 Internal
0307,方家岙村志,Fangjia’ao Cun zhi,2017,非正式出版物 Informal
0309,开弦弓村志,Kaixiangong Cun zhi,2015,正式出版 Formal
0310,李家桑园村志,Lijiasangyuan Cun zhi,2003,正式出版 Formal
0312,红星村志,Hongxing Cun zhi,2009,内部出版 Internal
0313,刘集村志,Liuji Cun zhi,2014,非正式出版物 Informal
0314,凌塘村志,Lingtang Cun zhi,2015,非正式出版物 Informal
0315,花沟王村志,Huagouwang Cun zhi,2016,非正式出版物 Informal
0316,黄岗村志,Huanggang Cun zhi,1999,正式出版 Formal
0317,八岔赫哲族村志,BachaHezhe Zu Cun zhi,2017,非正式出版物 Informal
0318,柳林屯村志(征求意见稿),Liulintun Cun zhi (zheng qiu yi jian gao),1994,非正式出版物 Informal
0319,花园关村志,Huayuanguan Cun zhi,2015,非正式出版物 Informal
0320,金沙村志,Jinsha Cun zhi,2016,内部出版 Internal
0321,巨口铺村志,Jukoupu Cun zhi,2016,非正式出版物 Informal
0322,后楼村志,Houlou Cun zhi,2014,非正式出版物 Informal
0323,荒里村志,Huangli Cun zhi,1998,非正式出版物 Informal
0324,大张营村志,DaZhangying Cun zhi,2010,正式出版 Formal
0325,河西村志,Hexi Cun zhi,2003,非正式出版物 Informal
0326,江桃村志,Jiangtao Cun zhi,2012,正式出版 Formal
0327,四台子村志,Sitaizi Cun zhi,2017,内部出版 Internal
0329,后三羊头村志,Housanyangtou Cun zhi,2012,正式出版 Formal
0330,庙东村志,Miaodong Cun zhi,2016,非正式出版物 Informal
0331,茅岗村志,Maogang Cun zhi,2008,非正式出版物 Informal
0332,近江村志,Jinjiang Cun zhi,1991,内部出版 Internal
0333,柳树林村村志,Liushulin Cun cun zhi,2013,非正式出版物 Informal
0334,灵岩村志,Lingyan Cun zhi,2010,内部出版 Internal
0335,吉安城村志,Ji’ancheng Cun zhi,2015,正式出版 Formal
0336,常青村志续编,Changqing Cun zhi xu bian,1993,非正式出版物 Informal
0337,李巷村志,Lixiang Cun zhi,2015,正式出版 Formal
0338,麻扎村志,Mazha Cun zhi,2017,正式出版 Formal
0339,旧泉坊村志,Jiuquanfang Cun zhi,2016,正式出版 Formal
0340,建河村志,Jianhe Cun zhi,2013,非正式出版物 Informal
0341,旧尉屯村志,Jiuweitun Cun zhi,2010,正式出版 Formal
0342,李家沟村志,Lijiagou Cun zhi,2013,正式出版 Formal
0343,梁官村志,Liangguan Cun zhi,2002,内部出版 Internal
0344,环湖村志,Huanhu Cun zhi,2009,正式出版 Formal
0345,辉河村志,Huihe Cun zhi,2011,正式出版 Formal
0346,胡干城村志,Hugancheng Cun zhi,2007,非正式出版物 Informal
0347,北甸西村志,Beidianxi Cun zhi,2012,非正式出版物 Informal
0348,尖山下村志,Jianshanxia Cun zhi,1993,正式出版 Formal
0349,后蚂虹嘴村志,Houmahongzui Cun zhi,1992,内部出版 Internal
0350,蒋家村志,Jiangjia Cun zhi,2005,非正式出版物 Informal
0351,雷家崄村志,Leijiaxian Cun zhi,2008,正式出版 Formal
0352,合兴村志,Hexing Cun zhi,2011,非正式出版物 Informal
0353,西街志,Xi Jie zhi,2000,正式出版 Formal
0354,花园岗村志,Huayuangang Cun zhi,2007,非正式出版物 Informal
0355,孟石岗村志,Mengshigang Cun zhi,2004,正式出版 Formal
0356,西水头村志,Xishuitou Cun zhi,2011,正式出版 Formal
0357,义东沟村志,Yidonggou Cun zhi,2011,正式出版 Formal
0358,丰盈村志,Fengying Cun zhi,2011,非正式出版物 Informal
0359,新塘村志,Xintang Cun zhi,2006,非正式出版物 Informal
0360,沙富村志,Shafu Cun zhi,2010,非正式出版物 Informal
0361,黄洞村志,Huangdong Cun zhi,2011,正式出版 Formal
0362,元岗村志,Yuan’gang Cun zhi,2007,非正式出版物 Informal
0363,黄村村志,Huang Cun cun zhi,2008,非正式出版物 Informal
0364,官井头村志,Guanjingtou Cun zhi,2008,正式出版 Formal
0365,珠村村志,Zhu Cun cun zhi,2007,非正式出版物 Informal
0366,分将池村志,Fenjiangchi Cun zhi,2006,正式出版 Formal
0367,白石厦村志,Baishixia Cun zhi,2011,正式出版 Formal
0368,油甘埔村志,Youganpu Cun zhi,2006,正式出版 Formal
0369,尚介村志,Shangjie Cun zhi,2011,内部出版 Internal
0370,关址村志,Guanzhi Cun zhi,2011,正式出版 Formal
0371,南程村志,Nancheng Cun zhi,2010,内部出版 Internal
0372,北洼村志,Beiwa Cun zhi,2007,非正式出版物 Informal
0373,李袁村志,Liyuan Cun zhi,2012,正式出版 Formal
0374,李沟头村志,Ligoutou Cun zhi,2013,正式出版 Formal
0375,三勤村志,Sanqin Cun zhi,2012,正式出版 Formal
0376,林城村志,Lincheng Cun zhi,2014,正式出版 Formal
0377,横山村志,Hengshan Cun zhi,2013,内部出版 Internal
0378,马店村志,Madian Cun zhi,2004,内部出版 Internal
0379,群丰村志,Qunfeng Cun zhi,2004,非正式出版物 Informal
0380,桥北村志,Qiaobei Cun zhi,2010,正式出版 Formal
0381,马家疃村志,Majiatuan Cun zhi,2017,正式出版 Formal
0382,盘石村志,Panshi Cun zhi,1997,非正式出版物 Informal
0383,清河村志,Qinghe Cun zhi,1997,正式出版 Formal
0384,坡底村志,Podi Cun zhi,2011,非正式出版物 Informal
0385,七一村志,Qiyi Cun zhi,2012,内部出版 Internal
0386,乔家辿村志,Qiaojiazhan cun zhi,2016,非正式出版物 Informal
0387,南山村志,Nanshan Cun zhi,2017,正式出版 Formal
0388,龙头村志,Longtou Cun zhi,2011,正式出版 Formal
0389,乔李村志,Qiaoli Cun zhi,2017,正式出版 Formal
0390,秦霸岭村志,Qinbaling Cun zhi,2007,非正式出版物 Informal
0391,卢家巷村志,Lujiaxiang Cun zhi,2016,正式出版 Formal
0392,沙河岸村志,Shahe’an Cun zhi,2014,正式出版 Formal
0393,北皋村志,Beigao Cun zhi,2010,非正式出版物 Informal
0394,庆丰村志,Qingfeng Cun zhi,2011,正式出版 Formal
0395,右营村志,Youying Cun zhi,2015,正式出版 Formal
0396,毛俊村志,Maojun Cun zhi,2008,非正式出版物 Informal
0397,七里铺村志,Qilipu Cun zhi,2012,非正式出版物 Informal
0398,南崖村志,Nanya Cun zhi,2010,正式出版 Formal
0399,南湾村志,Nanwan Cun zhi,2014,非正式出版物 Informal
0400,马头溪村志,Matouxi Cun zhi,2017,正式出版 Formal
0401,南东坊村志,Nandongfang Cun zhi,2006,非正式出版物 Informal
0402,商相村志,Shangxiang Cun zhi,1994,正式出版 Formal
0404,漫水村志,Manshui Cun zhi,2008,正式出版 Formal
0405,南山村志,Nanshan Cun zhi,1996,非正式出版物 Informal
0406,李庄村志,Lizhuang Cun zhi,1992,非正式出版物 Informal
0407,聂寨村志,Niezhai Cun zhi,2002,正式出版 Formal
0408,龙門村志,Longmen Cun zhi,1991,正式出版 Formal
0409,桥塘村志,Qiaotang Cun zhi,1999,非正式出版物 Informal
0411,施厚村志,Shihou Cun zhi,2016,正式出版 Formal
0412,牛头镇村志,Niutouzhen Cun zhi,1998,非正式出版物 Informal
0413,三寨村志,Sanzhai Cun zhi,2014,正式出版 Formal
0414,南坡湾村志,Nanpowan Cun zhi,2014,非正式出版物 Informal
0415,南庄村志,Nanzhuang Cun zhi,1993,正式出版 Formal
0416,潘山村志,Panshan Cun zhi,2003,非正式出版物 Informal
0417,罗岗村志,Luogang Cun zhi,2003,内部出版 Internal
0418,平羌村志,Pingqiang Cun zhi,2009,内部出版 Internal
0419,南五里堡村志,Nanwulipu Cun zhi,1999,正式出版 Formal
0420,荃步村志,Quanbu Cun zhi,2015,非正式出版物 Informal
0421,牛宅村志,Niuzhai Cun zhi,2008,非正式出版物 Informal
0422,看丹村志,Kandan Cun zhi,2011,非正式出版物 Informal
0423,奶东村志,Naidong Cun zhi,2010,非正式出版物 Informal
0424,新集村志,Xinji Cun zhi,2014,正式出版 Formal
0425,夏雷村志,Xialei Cun zhi,2012,正式出版 Formal
0427,宋京村志,Songjing Cun zhi,2010,内部出版 Internal
0428,兴隆村志,Xinglong Cun zhi,2012,非正式出版物 Informal
0429,苏卢村志,SuLu Cun zhi,2011,非正式出版物 Informal
0430,石桥鲁道村志,Shiqiaoludao Cun zhi,2016,正式出版 Formal
0431,水师营村志,Shuishiying Cun zhi,2011,正式出版 Formal
0432,申家村志,Shenjia cun zhi,2016,正式出版 Formal
0433,吴家村志,Wujia Cun zhi,2014,正式出版 Formal
0434,下栅村志,Xiazha Cun zhi,2006,正式出版 Formal
0435,土城子村志,Tuchengzi Cun zhi,2012,正式出版 Formal
0436,兴围村志,Xingwei Cun zhi,2007,正式出版 Formal
0437,五坝村志,Wuba Cun zhi,2004,非正式出版物 Informal
0438,湾底村志,Wandi Cun zhi,1995,非正式出版物 Informal
0439,史山村志,Shishan Cun zhi,2004,非正式出版物 Informal
0440,新房村志,Xinfang Cun zhi,2012,非正式出版物 Informal
0441,土山寺村志,Tushansi Cun zhi,2014,非正式出版物 Informal
0442,西沟村志,Xigou Cun zhi,2012,正式出版 Formal
0443,孙家湾村志,Sunjiawan Cun zhi,1990,非正式出版物 Informal
0444,同心村志,Tongxin Cun zhi,2002,正式出版 Formal
0445,文岙村志,Wenao Cun zhi,2006,正式出版 Formal
0446,王寮村志,Wangliao Cun zhi,1989,非正式出版物 Informal
0447,水磨湾村志,Shuimowan Cun zhi,2011,非正式出版物 Informal
0448,铜井村志,Tongjing Cun zhi,2014,正式出版 Formal
0449,渭二村志,Weier Cun zhi,2001,正式出版 Formal
0450,古城营村志,Guchengying Cun zhi,2009,正式出版 Formal
0451,万丰村志,Wanfeng Cun zhi,2002,正式出版 Formal
0452,围头村志,Weitou Cun zhi,2005,非正式出版物 Informal
0453,王道村志,Wangdao Cun zhi,2006,非正式出版物 Informal
0454,水集二村志,Shuiji'ercun zhi,2010,正式出版 Formal
0455,西关一村志,Xiguanyi Cun zhi,1998,正式出版 Formal
0456,唐林村志,Tanglin Cun zhi,2008,内部出版 Internal
0457,太各庄村志,Taigezhuang Cun zhi,2015,正式出版 Formal
0458,鹿窝村志,Luwo Cun zhi,2013,内部出版 Internal
0459,孙家小庄村志,Sunjiaxiaozhuang Cun zhi,2008,正式出版 Formal
0460,大营村志,Daying Cun zhi,1990,正式出版 Formal
0461,马溪村志,Maxi Cun zhi,2007,非正式出版物 Informal
0462,棠下村志,Tangxia Cun zhi,2003,正式出版 Formal
0463,小溪村志,Xiaoxi Cun zhi,2016,正式出版 Formal
0464,沈岙村志,Shen’ao Cun zhi,2016,正式出版 Formal
0465,象塘村志,Xiangtang Cun zhi,2000,非正式出版物 Informal
0466,石鼓村志,Shigu Cun zhi,2014,正式出版 Formal
0467,中曹村志,Zhongcao Cun zhi,2008,非正式出版物 Informal
0468,树掌村志,Shuzhang Cun zhi,2010,内部出版 Internal
0470,友爱村志,Youai Cun zhi,1996,正式出版 Formal
0471,义安村志,Yian Cun zhi,1998,正式出版 Formal
0472,堡城村志,Baocheng Cun zhi,2000,正式出版 Formal
0473,义堂村志,Yitang Cun zhi,2012,正式出版 Formal
0474,徐马村志,XuMa Cun zhi,2001,内部出版 Internal
0475,祝甸村志,Zhudian Cun zhi,1995,非正式出版物 Informal
0476,园中村志,Yuanzhong Cun zhi,2002,正式出版 Formal
0477,鱼山村志,Yushan Cun zhi,2005,正式出版 Formal
0478,羊家冲村志,Yangjiachong Cun zhi,1997,正式出版 Formal
0479,营城子村志,Yingchengzi Cun zhi,2006,正式出版 Formal
0480,新路村志,Xinlu Cun zhi,2016,正式出版 Formal
0481,玉岩村志,Yuyan Cun zhi,2010,正式出版 Formal
0482,新建村志,Xinjian Cun zhi,2002,正式出版 Formal
0483,雄龙村志,Xionglong Cun zhi,2016,内部出版 Internal
0484,薛家会村志,Xuejiahui Cun zhi,2011,非正式出版物 Informal
0485,浔龙河村志,Xunlonghe Cun zhi,2015,非正式出版物 Informal
0486,西跃村志,Xiyue Cun zhi,2012,内部出版 Internal
0487,堡上村志,Baoshang Cun zhi,1996,内部出版 Internal
0488,西中黄村志,Xizhonghuang Cun zhi,2010,正式出版 Formal
0489,杲村村志,Gao Cun cun zhi,2016,正式出版 Formal
0490,洋埭村志,Yangdai Cun zhi,2005,正式出版 Formal
0491,小将村志,Xiaojiang Cun zhi,2010,正式出版 Formal
0492,油坊村志,Youfang Cun zhi,2013,内部出版 Internal
0493,友好村志,Youhao Cun zhi,2014,非正式出版物 Informal
0494,枣牌刘村志,ZaopaiLiu Cun zhi,2016,正式出版 Formal
0495,西齐永村志,Xiqiyong Cun zhi,2015,正式出版 Formal
0496,龙塘村志,Longtang Cun zhi,2015,正式出版 Formal
0497,新中村志,Xinzhong Cun zhi,2013,非正式出版物 Informal
0498,枣烟村志,Zaoyan Cun zhi,2013,正式出版 Formal
0499,走马塘村志,Zoumatang Cun zhi,2014,非正式出版物 Informal
0500,西原村志,Xiyuan Cun zhi,2009,非正式出版物 Informal
0501,元峰村志,Yuanfeng Cun zhi,2010,内部出版 Internal
0502,窑坡村志,Yaopo Cun zhi,2004,正式出版 Formal
0503,张家井村志,Zhangjiajing Cun zhi,2011,内部出版 Internal
0504,南关村志,Nanguan Cun zhi,2013,正式出版 Formal
0505,新塘下村志,Xintangxia Cun zhi,2011,内部出版 Internal
0506,竹尾田村志,Zhuweitian Cun zhi,2008,正式出版 Formal
0507,永丰村志,Yongfeng Cun zhi,2002,内部出版 Internal
0508,寨子村志,Zhaizi Cun zhi,2003,内部出版 Internal
0509,新堰村志,Xinyan Cun zhi,2010,正式出版 Formal
0510,南岗村志,Nangang Cun zhi,2017,非正式出版物 Informal
0511,西解甲庄村志,Xixiejiazhuang Cun zhi,2010,非正式出版物 Informal
0512,薛肇村志,Xuezhao Cun zhi,2007,非正式出版物 Informal
0513,洋澜村志,Yanglan Cun zhi,2017,内部出版 Internal
0514,千秋村志,Qianqiu Cun zhi,2011,正式出版 Formal
0515,仪张村志,Yizhang Cun zhi,2012,非正式出版物 Informal
0516,诸葛村志,Zhuge Cun zhi,2013,正式出版 Formal
0517,杨槐村志,Yanghuai Cun zhi,2017,正式出版 Formal
0518,渔沙坦村志,Yushatan Cun zhi,2005,非正式出版物 Informal
0519,清水村志,Qingshui Cun zhi,2007,内部出版 Internal
0520,盐厂新村志,Yanchang Xincun zhi,2012,正式出版 Formal
0521,后溪村志,Houxi Cun zhi,2012,非正式出版物 Informal
0522,唐庄村志,Tangzhuang Cun zhi,2017,正式出版 Formal
0523,新生村志,Xinsheng Cun zhi,2018,正式出版 Formal
0524,荷花村志,Hehua Cun zhi,2018,正式出版 Formal
0525,库勒村志,Kule Cun zhi,2009,非正式出版物 Informal
0526,黄瓜山村志,Huangguashan Cun zhi,2018,正式出版 Formal
0527,关里村志,Guanli Cun zhi,2016,非正式出版物 Informal
0528,东龙村志,Donglong Cun zhi,2018,正式出版 Formal
0529,黄家门村志,Huangjiamen Cun zhi,2018,正式出版 Formal
0530,上棒村志,Shangbang Cun zhi,2017,内部出版 Internal
0531,草陂村志,Caobei Cun zhi,2017,内部出版 Internal
0532,兰英村志,Lanying Cun zhi,2017,正式出版 Formal
0533,老观村志,Laoguan Cun zhi,2018,正式出版 Formal
0534,黄里村志,Huangli Cun zhi,2017,正式出版 Formal
0535,保冲村志,Baochong Cun zhi,2018,正式出版 Formal
0536,海河湾村志,Haihewan Cun zhi,2011,非正式出版物 Informal
0537,鸦鹊水村志,Yaqueshui Cun zhi,2018,正式出版 Formal
0538,魁胆村志,Kuidan Cun zhi,2017,正式出版 Formal
0539,莲花村志,Lianhua Cun zhi,2017,内部出版 Internal
0540,红星村志,Hongxing Cun zhi,2017,正式出版 Formal
0541,建设村志,Jianshe Cun zhi,2017,非正式出版物 Informal
0542,庙坪村志,Miaoping Cun zhi,2017,非正式出版物 Informal
0543,小湾村志,Xiaowan Cun zhi,2017,非正式出版物 Informal
0544,新堤村志,Xindi Cun zhi,2018,正式出版 Formal
0545,刘庄村志,Liuzhuang Cun zhi,2011,内部出版 Internal
0546,王兰庄村志,Wanglanzhuang Cun zhi,2017,正式出版 Formal
0547,临江村志,Linjiang Cun zhi,2017,非正式出版物 Informal
0548,城畈村(社区)志,Chengfan Cun (she qu) zhi,2018,正式出版 Formal
0549,柳树垭村志,Liushuya Cun zhi,2016,非正式出版物 Informal
0550,大塘村志,Datang Cun zhi,2014,内部出版 Internal
0551,双湖村志,Shuanghu Cun zhi,2000,非正式出版物 Informal
0552,二龙村志,Erlong Cun zhi,2011,非正式出版物 Informal
0553,旧居村志,Jiuju Cun zhi,2016,非正式出版物 Informal
0554,左洼村志,Zuowa Cun zhi,2014,内部出版 Internal
0555,中石村志,Zhongshi Cun zhi,2016,内部出版 Internal
0556,郑村志,Zheng Cun zhi,2010,内部出版 Internal
0557,沥坑刘村村志,Likeng Liu Cun cun zhi,2014,非正式出版物 Informal
0558,稠泉村志,Chouquan Cun zhi,2008,非正式出版物 Informal
0559,朱家港村志,Zhujiagang Cun zhi,2017,非正式出版物 Informal
0560,川心堡村志,Chuanxinpu Cun zhi,2015,内部出版 Internal
0561,代州营村志,Daizhouying Cun zhi,2011,非正式出版物 Informal
0562,北陶村志,Bei ao Cun zhi,2017,内部出版 Internal
0563,中桥村志,Zhongqiao Cun zhi,2009,非正式出版物 Informal
0564,菜园头村志,Caiyuantou Cun zhi,2016,内部出版 Internal
0565,凌庄子村志,Lingzhuangzi Cun zhi,2017,正式出版 Formal
0566,马郡村志,Majun Cun zhi,2016,非正式出版物 Informal
0567,虎牙滩村志,Huyatan Cun zhi,2013,内部出版 Internal
0568,土艳村志,Tuyan Cun zhi,2011,非正式出版物 Informal
0569,方村志,Fang Cun zhi,2012,内部出版 Internal
0570,拱市村志,Gongshi Cun zhi,2017,正式出版 Formal
0571,护城村志,Hucheng Cun zhi,2011,内部出版 Internal
0572,冯村志,Feng Cun zhi,2007,内部出版 Internal
0573,塘井村志,Tangjing Cun zhi,1997,非正式出版物 Informal
0574,白杨源志,Baiyangyuan zhi,2004,非正式出版物 Informal
0575,邢泉村志,Xingquan Cun zhi,2010,非正式出版物 Informal
0576,张石村志,Zhangshi Cun zhi,2003,非正式出版物 Informal
0577,青羊岗土家族村志,Qingyanggang Tujiazu Cun zhi,2017,正式出版 Formal
0578,三山村志,Sanshan Cun zhi,2015,正式出版 Formal
0579,殷山村村志,Yinshan Cun cun zhi,2016,内部出版 Internal
0580,西南庄村志,Xinanzhuang Cun zhi,2011,非正式出版物 Informal
0581,瓦子坪村志,Waziping Cun zhi,2016,非正式出版物 Informal
0582,岔河村志,Chahe Cun zhi,2015,正式出版 Formal
0583,三里亭村志,Sanliting Cun zhi,2017,非正式出版物 Informal
0584,唐家坪村志,Tangjiaping Cun zhi,2017,非正式出版物 Informal
0585,船石村志,Chuanshi Cun zhi,2017,非正式出版物 Informal
0586,膏田村志,Gaotian Cun zhi,2016,内部出版 Internal
0587,新屋咀村志,Xinwuju Cun zhi,2018,非正式出版物 Informal
0588,石牌坊村志,Shipaifang Cun zhi,2016,非正式出版物 Informal
0589,锁口村志,Suokou Cun zhi,2017,正式出版 Formal
0590,惠农村志,Huinong Cun zhi,2015,非正式出版物 Informal
0591,大板桥村志,Dabanqiao Cun zhi,2011,正式出版 Formal
0592,大坝村志,Daba Cun zhi,2008,内部出版 Internal
0593,大波那村志,Dabona Cun zhi,2008,正式出版 Formal
0594,天马村志,Tianma Cun zhi,2005,非正式出版物 Informal
0595,吴井村志,Wujing Cun zhi,2007,内部出版 Internal
0596,新河村志,Xinhe Cun zhi,2006,非正式出版物 Informal
0597,万沟村志,Wangou Cun zhi,2016,非正式出版物 Informal
0598,四合村志,Sihe Cun zhi,2008,内部出版 Internal
0599,石河村志,Shihe Cun zhi,2016,非正式出版物 Informal
0600,乌木村村志,Wumu Cun cun zhi,2016,非正式出版物 Informal
0601,肇兴村志,Zhaoxing Cun zhi,2018,正式出版 Formal
0602,竹坪村志,Zhuping Cun zhi,2009,非正式出版物 Informal
0603,竹山湾村志,Zhushanwan Cun zhi,2017,非正式出版物 Informal
0604,石下村村志,Shixia Cun cun zhi,2016,非正式出版物 Informal
0605,八角村志,Bajiao Cun zhi,2014,正式出版 Formal
0606,北阁村志,Beige Cun zhi,2017,非正式出版物 Informal
0607,白杜村村志,Baidu Cun cun zhi,2013,正式出版 Formal
0608,大王村志,Dawang Cun zhi,2014,正式出版 Formal
0609,长浜村志,Changbang Cun zhi,2016,内部出版 Internal
0610,大茫村志,Damang Cun zhi,2017,内部出版 Internal
0611,沉香村志,Chenxiang Cun zhi,2018,非正式出版物 Informal
0612,东华村志,Donghua Cun zhi,2011,正式出版 Formal
0613,大星村志,Daxing Cun zhi,2017,非正式出版物 Informal
0614,成日村志,Chengri Cun zhi,2017,非正式出版物 Informal
0615,谙正村志,Anzheng Cun zhi,2009,内部出版 Internal
0616,安家皂村志,Anjiazao Cun zhi,2014,正式出版 Formal
0617,安昌村志,Anchang Cun zhi,2015,内部出版 Internal
0618,崔堡村志,Cuipu Cun zhi,2017,正式出版 Formal
0619,仓场村志,Cangchang Cun zhi,2017,正式出版 Formal
0620,程墩村志,Chengdun Cun zhi,2018,正式出版 Formal
0621,仁里村志,Renli Cun zhi,2017,正式出版 Formal
0622,下岗村志,Xiagang Cun zhi,2017,内部出版 Internal
0623,北车营村志,Beicheying Cun zhi,2013,非正式出版物 Informal
0624,獐岛村志,Zhangdao Cun zhi,2017,正式出版 Formal
0625,邓一村志,Dengyi Cun zhi,2017,非正式出版物 Informal
0626,竹元村志,Zhuyuan Cun zhi,2015,正式出版 Formal
0627,长春村志,Changchun Cun zhi,2014,非正式出版物 Informal
0628,林祠村村志,Linci Cun cun zhi,2015,非正式出版物 Informal
0629,磅石村志,Bangshi Cun zhi,2011,非正式出版物 Informal
0630,赵家村志,赵家村志,2006,内部出版 Internal
0631,溪尾村志,Xiwei Cun zhi,2018,正式出版 Formal
0632,八里湾村志,Baliwan Cun zhi,2014,正式出版 Formal
0633,陈胡村志,ChenHu Cun zhi,2017,非正式出版物 Informal
0634,上薛村志,Shangxue Cun zhi,2000,非正式出版物 Informal
0635,党家村志,Dangjia Cun zhi,2017,非正式出版物 Informal
0636,南宵村志,Nanxiao Cun zhi,2004,非正式出版物 Informal
0637,镇丰村志,Zhenfeng Cun zhi,1999,内部出版 Internal
0638,港中村志,Gangzhong Cun zhi,1998,非正式出版物 Informal
0639,阳山村志,Yangshan Cun zhi,1990,非正式出版物 Informal
0640,榜山村志,Bangshan Cun zhi,2008,非正式出版物 Informal
0641,保卫村志,Baowei Cun zhi,2016,内部出版 Internal
0642,后黄村志,Houhuang Cun zhi,2018,正式出版 Formal
0643,北金召村志,Beijinzhao Cun zhi,2012,内部出版 Internal
0644,度城村志,Ducheng Cun zhi,2017,正式出版 Formal
0645,洞山村志,Dongshan Cun zhi,2017,正式出版 Formal
0646,玉河村志,Yuhe Cun zhi,2005,内部出版 Internal
0647,可邑彝族村志,Keyi Yizu Cun zhi,2001,内部出版 Internal
0648,官渡社区志,Guandu she qu zhi,2018,正式出版 Formal
0650,云溪永丰村志,Yunxi Yongfeng Cun zhi,2014,正式出版 Formal
0651,周家村志,Zhoujia Cun zhi,2006,非正式出版物 Informal
0652,小围埂村志,Xiaoweigeng Cun zhi,2011,正式出版 Formal
0653,高镇村志,Gaozhen Cun zhi,2016,正式出版 Formal
0654,官林村志,Guanlin Cun zhi,2016,内部出版 Internal
0655,海星村志,Haixing Cun zhi,2014,正式出版 Formal
0656,北关村志,Beiguan Cun zhi,2017,正式出版 Formal
0658,义路村志,Yilu Cun zhi,2012,正式出版 Formal
0659,邑等村志,Yideng Cun zhi,2012,内部出版 Internal
0660,羊甫村志,Yangfu Cun zhi,2011,非正式出版物 Informal
0662,东瓜地村志,Dongguadi Cun zhi,2013,非正式出版物 Informal
0663,边院村志,Bianyuan Cun zhi,1998,内部出版 Internal
0664,北安河村志,Beianhe Cun zhi,2011,非正式出版物 Informal
0665,佰王刘村志,BaiwangLiu Cun zhi,2016,内部出版 Internal
0666,可建村志,Kejian Cun zhi,2009,非正式出版物 Informal
0667,白文村志,Baiwen Cun zhi,2001,内部出版 Internal
0668,八仙庄村志,Baxianzhuang Cun zhi,2012,非正式出版物 Informal
0669,西塘坨村志,Xitangtuo Cun zhi,2011,内部出版 Internal
0670,北程庄村志,Beichengzhuang Cun zhi,2011,非正式出版物 Informal
0671,顾家村志,Gujia Cun zhi,2017,非正式出版物 Informal
0672,小南村志,Xiaonan Cun zhi,2009,正式出版 Formal
0673,茶丰峡村志,Chafengxia Cun zhi,2012,内部出版 Internal
0674,歌山村志,Geshan Cun zhi,2016,正式出版 Formal
0675,大京村志,Dajing Cun zhi,2017,正式出版 Formal
0676,南韩村志,NanHan Cun zhi,2017,正式出版 Formal
0677,北关村志,Beiguan Cun zhi,2013,非正式出版物 Informal
0678,后孙密城村志,Housunmicheng Cun zhi,2014,内部出版 Internal
0679,西王曲村志,Xiwangqu Cun zhi,2016,非正式出版物 Informal
0680,城北村志,Chengbei Cun zhi,1999,非正式出版物 Informal
0681,白盆窑村志,Baipenyao Cun zhi,2012,非正式出版物 Informal
0682,白和村志,Baihe Cun zhi,2018,正式出版 Formal
0683,杜家堡村志,Dujiapu Cun zhi,2015,非正式出版物 Informal
0684,杜山村志,Dushan Cun zhi,2017,内部出版 Internal
0685,花胡庄村志,Huahuzhuang Cun zhi,2017,正式出版 Formal
0686,小蒲水村志,Xiaopushui Cun zhi,2016,正式出版 Formal
0687,杜羊圈村志,Duyangjuan Cun zhi,2008,非正式出版物 Informal
0688,孤山村志,Gushan Cun zhi,2017,内部出版 Internal
0689,北冯村志,Beifeng Cun zhi,2007,内部出版 Internal
0690,巴洲村志,Bazhou Cun zhi,2016,非正式出版物 Informal
0691,东马各庄村志,Dongmagezhuang Cun zhi,2011,非正式出版物 Informal
0692,八间房村志,Bajianfang Cun zhi,2015,内部出版 Internal
0693,北万山村志,Beiwanshan Cun zhi,2004,正式出版 Formal
0694,东岭村志,Dongling Cun zhi,2017,正式出版 Formal
0695,东石村志,Dongshi Cun zhi,2015,非正式出版物 Informal
0696,北堆村志,Beidui Cun zhi,2011,非正式出版物 Informal
0697,白庙村志,Baimiao Cun zhi,2011,非正式出版物 Informal
0698,涧东村志,Jiandong Cun zhi,2008,内部出版 Internal
0699,罗口村志,Luokou Cun zhi,2018,正式出版 Formal
0700,古城村志,Gucheng Cun zhi,2018,正式出版 Formal
0701,汤泉村志,Tangquan Cun zhi,2014,内部出版 Internal
0702,半峪村志,Banyu Cun zhi,2004,非正式出版物 Informal
0703,东庄村志,Dongzhuang Cun zhi,2012,内部出版 Internal
0704,贾岗村志,Jiagang Cun zhi,2017,正式出版 Formal
0705,曹家馆村志,Caojiaguan Cun zhi,2013,正式出版 Formal
0706,北龙口村志,Beilongkou Cun zhi,2008,正式出版 Formal
0707,古方村志,Gufang Cun zhi,2014,非正式出版物 Informal
0708,观山村志,Guanshan Cun zhi,2014,正式出版 Formal
0709,工农村志,Gongnong Cun zhi,2008,正式出版 Formal
0710,国庆村志,Guoqing Cun zhi,2015,正式出版 Formal
0711,北陈庄村志,BeiChenzhuang Cun zhi,2010,非正式出版物 Informal
0712,北庄村志,Beizhuang Cun zhi,2013,内部出版 Internal
0713,东二旗村志,Dong'erqi Cun zhi,2011,非正式出版物 Informal
0714,黄山村志,Huangshan Cun zhi,1996,内部出版 Internal
0715,北甸东村志,Beidiandong Cun zhi,2012,非正式出版物 Informal
0716,[Bing]洲村志,[Bing]zhou Cun zhi,2010,非正式出版物 Informal
0718,塘溪村志,Tangxi Cun zhi,2016,内部出版 Internal
0719,蓝田村志,Lantian Cun zhi,2015,非正式出版物 Informal
0720,段家寨村志,Duanjiazhai Cun zhi,2011,非正式出版物 Informal
0721,温家川村志,Wenjiachuan Cun zhi,2014,非正式出版物 Informal
0722,安仁村志,Anren Cun zhi,2018,正式出版 Formal
0723,查王村志,Chawang Cun zhi,2011,正式出版 Formal
0724,燃灯寺村志,Randengsi Cun zhi,2003,内部出版 Internal
0725,长岭村志,Changling Cun zhi,2011,非正式出版物 Informal
0726,草山岭村志,Caoshanling Cun zhi,2017,正式出版 Formal
0727,大王岭村志,Dawangling Cun zhi,2015,非正式出版物 Informal
0728,安家庄村志,Anjiazhuang Cun zhi,2015,非正式出版物 Informal
0729,人民村志,Renmin Cun zhi,2017,非正式出版物 Informal
0730,五龙村志,Wulong Cun zhi,2017,内部出版 Internal
0731,中角村志,Zhongjiao Cun zhi,2014,非正式出版物 Informal
0732,九保村志,Jiubao Cun zhi,2018,正式出版 Formal
0733,森林村志,Senlin Cun zhi,2017,非正式出版物 Informal
0734,白河村志,Baihe Cun zhi,2018,内部出版 Internal
0735,凤凰村志,Fenghuang Cun zhi,2018,正式出版 Formal
0736,北邵洼村志,Beishaowa Cun zhi,2013,非正式出版物 Informal
0737,城一村志,Chengyi Cun zhi,1999,正式出版 Formal
0738,北关村志,Beiguan Cun zhi,2009,非正式出版物 Informal
0739,红星村志,Hongxing Cun zhi,2017,正式出版 Formal
0740,民和村志,Minhe Cun zhi,2016,正式出版 Formal
0741,北方平村志,Beifangping Cun zhi,2003,非正式出版物 Informal
0742,文义村志,Wenyi Cun zhi,2013,非正式出版物 Informal
0743,北齐村志,Beiqi Cun zhi,2007,非正式出版物 Informal
0744,金星村志,Jinxing Cun zhi,2004,正式出版 Formal
0745,韩圩村志,Hanwei Cun zhi,2017,正式出版 Formal
0746,大陵村志,Daling Cun zhi,2007,内部出版 Internal
0747,北桑鲁村志,BeiSangLu Cun zhi,2011,正式出版 Formal
0748,三八村志,Sanba Cun zhi,2016,非正式出版物 Informal
0749,梨花村志,Lihua Cun zhi,2015,正式出版 Formal
0750,金鸭村村志,Jinya Cun cun zhi,2016,非正式出版物 Informal
0751,江东村志,Jiangdong Cun zhi,2016,非正式出版物 Informal
0752,铁门村志,Tiemen cun zhi,2015,非正式出版物 Informal
0753,黄柳村志,Huangliu Cun zhi,2016,非正式出版物 Informal
0754,乐乌村志,Lewu Cun zhi,2017,正式出版 Formal
0755,六甲村志,Liujia Cun zhi,2007,内部出版 Internal
0756,姜城村志,Jiangcheng Cun zhi,2016,非正式出版物 Informal
0757,井溢村志,Jingyi Cun zhi,2017,正式出版 Formal
0758,王梁村志,Wangliang Cun zhi,2011,非正式出版物 Informal
0759,王家村志,Wangjia Cun zhi,2016,非正式出版物 Informal
0760,梁家河村志,Liangjiahe Cun zhi,2007,非正式出版物 Informal
0761,姚家弄村志,Yaojialong Cun zhi,2014,非正式出版物 Informal
0762,新巷村志,Xinxiang Cun zhi,2014,非正式出版物 Informal
0763,新卫村志,Xinwei Cun zhi,2018,正式出版 Formal
0764,小圩村志,Xiaowei Cun zhi,2017,非正式出版物 Informal
0765,贺北村志,Hebei Cun zhi,2016,正式出版 Formal
0766,横沟村志,Henggou Cun zhi,2014,内部出版 Internal
0767,群楼村志,Qunlou Cun zhi,2014,非正式出版物 Informal
0768,温河村志,Wenhe Cun zhi,2016,内部出版 Internal
0769,桑园村志,Sangyuan Cun zhi,2016,非正式出版物 Informal
0770,长命水村志,Changmingshui Cun zhi,2013,正式出版 Formal
0771,长湴村志,Changban Cun zhi,2004,正式出版 Formal
0772,新塘村志,Xintang Cun zhi,2011,非正式出版物 Informal
0773,富达畲村志,Fuda She Cun zhi,2003,非正式出版物 Informal
0774,北年丰村志,Beinianfeng Cun zhi,2014,非正式出版物 Informal
0775,崔各庄村志,Cuigezhuang Cun zhi,2010,非正式出版物 Informal
0776,城西吕家村志,Chengxilüjia Cun zhi,2012,非正式出版物 Informal
0777,城里村志,Chengli Cun zhi,2010,内部出版 Internal
0778,马镇村志,Mazhen Cun zhi,2009,非正式出版物 Informal
0779,岑村村志,Cen Cun cun zhi,2017,正式出版 Formal
0780,北谷丰村志,Beigufeng Cun zhi,2014,内部出版 Internal
0781,曹口村志,Caokou Cun zhi,2014,正式出版 Formal
0782,车家下庄村志,Chejiaxiazhuang Cun zhi,2012,非正式出版物 Informal
0783,城北村志,Chengbei Cun zhi,1991,非正式出版物 Informal
0784,车陂村志,Chebei Cun zhi,2003,正式出版 Formal
0785,北坡村志,Beipo Cun zhi,2011,内部出版 Internal
0786,双生村志,Shuangsheng Cun zhi,2019,内部出版 Internal
0787,路口村志,Lukou Cun zhi,2015,正式出版 Formal
0788,茶塘村志,Chatang Cun zhi,2016,内部出版 Internal
0789,东埔村志,Dongbu Cun zhi,2011,内部出版 Internal
0790,新盛村志,Xinsheng Cun zhi,2007,正式出版 Formal
0791,鞍山村志,Anshan Cun zhi,2017,正式出版 Formal
0792,北固碾村志,Beigunian Cun zhi,2016,非正式出版物 Informal
0793,曹各庄村志,Caogezhuang cun zhi,2010,非正式出版物 Informal
0794,北马房村志,Beimafang Cun zhi,2009,非正式出版物 Informal
0795,西小营村志,Xixiaoying Cun zhi,2009,非正式出版物 Informal
0796,西贺家石村志,XiHejiashi Cun zhi,2002,内部出版 Internal
0797,东小景村志,Dongxiaojing Cun zhi,2005,非正式出版物 Informal
0798,旧飞鹅村志,Jiufeie Cun zhi,2012,非正式出版物 Informal
0799,门头村志,Mentou Cun zhi,2009,非正式出版物 Informal
0800,水朗村志,Shuilang Cun zhi,2013,非正式出版物 Informal
0801,星光村志,Xingguang Cun zhi,2017,非正式出版物 Informal
0802,北平村志,Beiping Cun zhi,2013,内部出版 Internal
0803,北七家庄村志,Beiqijiazhuang Cun zhi,2011,非正式出版物 Informal
0804,北岭头村志,Beilingtou Cun zhi,2018,正式出版 Formal
0805,北台上村志,Beitaishang Cun zhi,2012,非正式出版物 Informal
0806,一都村志,Yidu Cun zhi,2019,正式出版 Formal
0807,水库村志,Shuiku Cun zhi,2018,内部出版 Internal
0808,阮巷村志,Ruanxiang Cun zhi,2016,内部出版 Internal
0809,沙坪寺村志,Shapingsi Cun zhi,2012,非正式出版物 Informal
0810,讲武殿村志,Jiangwudian Cun zhi,2014,非正式出版物 Informal
0811,党家庄村志,Dangjiazhuang Cun zhi,2006,非正式出版物 Informal
0812,沙坝村志,Shaba Cun zhi,201-,非正式出版物 Informal
0813,八方村志,Bafang Cun zhi,2009,非正式出版物 Informal
0814,鳌头村志,Aotou Cun zhi,2015,非正式出版物 Informal
0815,龙泉村志,Longquan Cun zhi,2010,正式出版 Formal
0816,土堆村志,Tudui Cun zhi,2012,非正式出版物 Informal
0818,东营村志,Dongying Cun zhi,2015,内部出版 Internal
0819,北胡庄村志,BeiHuzhuang Cun zhi,2015,内部出版 Internal
0820,白洋村志,Baiyang Cun zhi,2014,正式出版 Formal
0821,慈峪村志,Ciyu Cun zhi,2010,非正式出版物 Informal
0822,东白仓村志,Dongbaicang Cun zhi,2002,非正式出版物 Informal
0823,福永村志,Fuyong Cun zhi,2011,正式出版 Formal
0824,东八村村志,Dongba Cun cun zhi,2015,内部出版 Internal
0825,东升村志,Dongsheng Cun zhi,2014,非正式出版物 Informal
0826,东皇墓村志,Donghuangmu Cun zhi,2014,非正式出版物 Informal
0827,营前村志,Yingqian Cun zhi,2017,非正式出版物 Informal
0828,大谈村志,Datan Cun zhi,2014,非正式出版物 Informal
0829,鸡翅岭村志,Jichiling Cun zhi,2017,非正式出版物 Informal
0830,袁山贝村志,Yuanshanbei Cun zhi,2007,非正式出版物 Informal
0831,沿南村志,Yannan Cun zhi,2017,非正式出版物 Informal
0832,白坟村志,Baifen Cun zhi,2016,非正式出版物 Informal
0833,营房村志,Yingfang Cun zhi,2018,内部出版 Internal
0834,张桥村志,Zhangqiao Cun zhi,2015,内部出版 Internal
0835,岸上村志,Anshang Cun zhi,2017,非正式出版物 Informal
0836,枫深村志,Fengshen Cun zhi,2003,非正式出版物 Informal
0839,赤水垟志,Chishuiyang zhi,2017,正式出版 Formal
0840,侨乡村志,Qiaoxiang Cun zhi,2015,正式出版 Formal
0841,北薛庄村志,BeiXuezhuang Cun zhi,2015,内部出版 Internal
0842,美林村志,Meilin Cun zhi,2008,非正式出版物 Informal
0843,蔡和村志,Caihe Cun zhi,2013,非正式出版物 Informal
0844,十里·大桥村志,Shili Daqiao Cun zhi,2012,内部出版 Internal
0845,峒峪村志,Dongyu Cun zhi,2009,内部出版 Internal
0846,葭芦都三甲李氏村志,Jialu Du san jia Lishi Cun zhi,2011,非正式出版物 Informal
0847,牛薛沟村志,Niuxuegou Cun zhi,2013,非正式出版物 Informal
0848,邓村村志,Deng Cun cun zhi,2016,内部出版 Internal
0849,碧龙村志,Bilong Cun zhi,2011,非正式出版物 Informal
0850,永联村志,Yonglian Cun zhi,2017,内部出版 Internal
0851,北焦村志,Beijiao Cun zhi,2014,内部出版 Internal
0852,北海山村志,Beihaishan Cun zhi,2017,内部出版 Internal
0853,坂田村志,Bantian Cun zhi,2015,正式出版 Formal
0854,塘头村志,Tangtou Cun zhi,2012,内部出版 Internal
0855,梨川村志,Lichuan Cun zhi,2008,内部出版 Internal
0856,南皋村志,Nan'gao Cun zhi,2009,非正式出版物 Informal
0857,下邽志村志,Xiagui zhi cun zhi,2014,非正式出版物 Informal
0858,安善坊村志,Anshanfang Cun zhi,2014,非正式出版物 Informal
0859,花乡葆台村志,Hua Xiang Baotai Cun zhi,2011,非正式出版物 Informal
0860,二十里铺村志,Ershilipu Cun zhi,2014,正式出版 Formal
0861,东山村志,Dongshan Cun zhi,2019,正式出版 Formal
0862,王官屯村志,Wangguantun Cun zhi,2011,正式出版 Formal
0863,戴湾村志,Daiwan Cun zhi,2016,非正式出版物 Informal
0864,柳子圪旦村志,Liuzigedan Cun zhi,2012,正式出版 Formal
0865,理家庄村志,Lijiazhuang Cun zhi,2004,正式出版 Formal
0866,小车村志,Xiaoche Cun zhi,2016,正式出版 Formal
0867,同阁村志,Tongge Cun zhi,2015,内部出版 Internal
0868,上柳源村志,Shangliuyuan Cun zhi,2015,非正式出版物 Informal
0869,库城村志,Kucheng Cun zhi,2015,内部出版 Internal
0870,崔家沟村志,Cuijiagou Cun zhi,2011,内部出版 Internal
0871,堆谷山村志,Duigushan Cun zhi,2018,正式出版 Formal
0872,三房巷村志,Sanfangxiang Cun zhi,2018,正式出版 Formal
0873,余川村志,Yuchuan Cun zhi,2004,非正式出版物 Informal
0874,大打白狐村志,Dadabaihu Cun zhi,2013,非正式出版物 Informal
0875,海口里仁村志,Haikou Liren Cun zhi,2019,正式出版 Formal
0876,永清村志,Yongqing Cun zhi,2009,非正式出版物 Informal
0877,杨沟湾村志,Yanggouwan Cun zhi,2018,内部出版 Internal
0878,姜湾村志,Jiangwan Cun zhi,2015,内部出版 Internal
0879,恬庄村志,Tianzhuang Cun zhi,2018,正式出版 Formal
0880,新海坝村志,Xinhaiba Cun zhi,2018,正式出版 Formal
0881,后山村志,Houshan Cun zhi,2004,非正式出版物 Informal
0882,桃子溪村志,Taozixi Cun zhi,2017,非正式出版物 Informal
0883,栗子坪村志,Liziping Cun zhi,2018,正式出版 Formal
0884,栗林河村志,Lilinhe Cun zhi,2018,非正式出版物 Informal
0885,歙县三阳村志,She Xian Sanyang Cun zhi,2018,正式出版 Formal
0886,大峡谷村志,Daxiagu Cun zhi,2017,正式出版 Formal
0887,胡家坟村志,Hujiafen Cun zhi,2018,正式出版 Formal
0888,云家码头村志,Yunjiamatou Cun zhi,2013,内部出版 Internal
0889,杓袁村志,Shaoyuan cun zhi,2017,非正式出版物 Informal
0890,西河村志,Xihe Cun zhi,2011,正式出版 Formal
0891,昝村志,Zan Cun zhi,2013,内部出版 Internal
0892,良陌村志,Liangmo Cun zhi,2011,内部出版 Internal
0893,东桃村志,Dongtao Cun zhi,2016,正式出版 Formal
0894,小㘵村志,Xiaobu Cun zhi,2016,非正式出版物 Informal
0895,祝陵村志,Zhuling Cun zhi,2019,正式出版 Formal
0896,西九水村志,Xijiushui Cun zhi,2014,内部出版 Internal
0897,高拱桥村志,Gaogongqiao Cun zhi,2018,正式出版 Formal
0898,大白登村志,Dabaideng Cun zhi,2013,内部出版 Internal
0899,放羊坪村志,Fangyangping Cun zhi,2018,非正式出版物 Informal
0900,欧桥村志,Ouqiao Cun zhi,2018,正式出版 Formal
0901,钱家山村志,Qianjiashan Cun zhi,2003,非正式出版物 Informal
0902,陈家墕村志,Chenjiayan Cun zhi,2010,非正式出版物 Informal
0903,木头峪村志,Mutouyu Cun zhi,2017,内部出版 Internal
0904,大胜村志,Dasheng Cun zhi,2018,内部出版 Internal
0905,西上庄村志,Xishangzhuang Cun zhi,2004,非正式出版物 Informal
0906,龙泉村志,Longquan Cun zhi,2016,内部出版 Internal
0907,黄家崴子村志,Huangjiawaizi Cun zhi,2017,非正式出版物 Informal
0908,黄岭村志,Huangling Cun zhi,2014,正式出版 Formal
0909,西水磨村志,Xishuimo Cun zhi,2010,非正式出版物 Informal
0910,江浦村志,Jiangpu Cun zhi,2018,正式出版 Formal
0911,张家塔村志,Zhangjiata Cun zhi,2016,非正式出版物 Informal
0912,渡桥村志,Duqiao Cun zhi,2019,正式出版 Formal
0913,西台村志,Xitai Cun zhi,2011,非正式出版物 Informal
0914,吴兴村志,Wuxing Cun zhi,2014,内部出版 Internal
0915,桃王庄村志,TaoWangzhuang Cun zhi,2015,正式出版 Formal
0916,上鲁塘村志,Shanglutang Cun zhi,2017,非正式出版物 Informal
0917,安乐村志,Anle Cun zhi,2017,正式出版 Formal
0918,赵官屯村志,Zhaoguantun Cun zhi,2019,非正式出版物 Informal
0919,劳动村志,Laodong Cun zhi,2012,非正式出版物 Informal
0920,和平村志,Heping Cun zhi,2016,内部出版 Internal
0921,桂南村志,Guinan Cun zhi,2014,正式出版 Formal
0922,建农村志,Jiannong Cun zhi,2016,内部出版 Internal
0923,王安堡村志,Wang'anbu Cun zhi,2015,正式出版 Formal
0924,川口村志,Chuankou Cun zhi,2012,正式出版 Formal
0925,上官村志,Shangguan Cun zhi,2019,正式出版 Formal
0926,东六合村志,Dongliuhe Cun zhi,2017,正式出版 Formal
0927,光明村志,Guangming Cun zhi,2014,正式出版 Formal
0928,甲岸村志,Jiaan Cun zhi,2017,正式出版 Formal
0929,赵村村志,Zhao Cun cun zhi,2018,非正式出版物 Informal
0930,兴朱村志,XingZhu Cun zhi,1993,正式出版 Formal
0931,小许庄村志,XiaoXuzhuang Cun zhi,2015,非正式出版物 Informal
0932,邢庄村志,Xingzhuang Cun zhi,2015,正式出版 Formal
0933,无为庄村志,Wuweizhuang Cun zhi,2015,正式出版 Formal
0934,微水村志,Weishui Cun zhi,2005,正式出版 Formal
0935,拦车村志,Lanche Cun zhi,2007,正式出版 Formal
0936,蒋庄村志,Jiangzhuang Cun zhi,2016,内部出版 Internal
0937,赤社村志,Chishe Cun zhi,2009,非正式出版物 Informal
0938,交丙坛村志,Jiaobingtan Cun zhi,1998,非正式出版物 Informal
0939,邢寨村志,Xingzhai Cun zhi,1997,内部出版 Internal
0940,西林西村志,Xilinxi Cun zhi,2006,非正式出版物 Informal
0941,金红村志,Jinhong Cun zhi,2017,非正式出版物 Informal
0942,西古现村志,Xiguxian Cun zhi,2000,非正式出版物 Informal
0943,崔家庄村志,Cuijiazhuang Cun zhi,2006,正式出版 Formal
0944,聪子峪村志,Congziyu Cun zhi,2014,正式出版 Formal
0945,大北村志,Dabei Cun zhi,2014,正式出版 Formal
0946,金建村志,Jinjian Cun zhi,2017,正式出版 Formal
0947,大望京村志,Dawangjing Cun zhi,2011,非正式出版物 Informal
0949,西王村志,Xiwang Cun zhi,2011,正式出版 Formal
0950,西马村志,Xima Cun zhi,2008,内部出版 Internal
0951,两坂村志,Liangban Cun zhi,2006,内部出版 Internal
0952,李堡村志,Lipu Cun zhi,2011,非正式出版物 Informal
0953,后郭村志,Houguo Cun zhi,2018,正式出版 Formal
0954,辛庄村志,Xinzhuang Cun zhi,2008,非正式出版物 Informal
0955,和平村志,Heping Cun zhi,2007,正式出版 Formal
0956,城南村志,Chengnan Cun zhi,2007,非正式出版物 Informal
0957,城东村志,Chengdong Cun zhi,1996,非正式出版物 Informal
0958,城内村志,Chengnei Cun zhi,2008,正式出版 Formal
0959,潢涌村志,Huangchong Cun zhi,2010,正式出版 Formal
0960,环山村志,Huanshan Cun zhi,2008,非正式出版物 Informal
0961,西董铺村志,XiDongpu Cun zhi,2017,非正式出版物 Informal
0962,冼村村志,Xian Cun cun zhi,2008,非正式出版物 Informal
0963,楚寨村志,Chuzhai Cun zhi,2016,正式出版 Formal
0964,鱼河湾村志,Yuhewan Cun zhi,2013,非正式出版物 Informal
0965,崔楼村志,Cuilou Cun zhi,2015,内部出版 Internal
0966,酒务村志,Jiuwu Cun zhi,2001,非正式出版物 Informal
0967,卜居头村志,Bujutou Cun zhi,2016,非正式出版物 Informal
0968,保宁村志,Baoning Cun zhi,2016,非正式出版物 Informal
0969,南窑头村志,Nanyaotou Cun zhi,2018,非正式出版物 Informal
0970,涧塘村志,Jiantang Cun zhi,2018,非正式出版物 Informal
0971,朱麻硷村志,Zhumajian Cun zhi,2018,非正式出版物 Informal
0972,李街村志,Lijie Cun zhi,2014,非正式出版物 Informal
0974,箭泾村志,Jianjing Cun zhi,2017,正式出版 Formal
0975,崔庄村志,Cuizhuang Cun zhi,2016,非正式出版物 Informal
0976,陈堡村志,Chenbao Cun zhi,2016,正式出版 Formal
0977,郑各庄村志,Zhenggezhuang Cun zhi,2010,非正式出版物 Informal
0978,驼房营村志,Tuofangying Cun zhi,2009,非正式出版物 Informal
0979,四合庄村志,Sihezhuang Cun zhi,2009,非正式出版物 Informal
0980,卢沟桥村志,Lugouqiao Cun zhi,2009,非正式出版物 Informal
0981,广川街村志,Guangchuanjie Cun zhi,2016,正式出版 Formal
0982,车厂村志,Chechang Cun zhi,2017,正式出版 Formal
0983,兴复村志,Xingfu Cun zhi,2017,正式出版 Formal
0984,黄皮村志,Huangpi Cun zhi,2017,非正式出版物 Informal
0986,大楚留村志,Dachuliu Cun zhi,2014,非正式出版物 Informal
0987,华新村志,Huaxin Cun zhi,2008,非正式出版物 Informal
0988,老道井村志,Laodaojing Cun zhi,2014,内部出版 Internal
0989,新新村志,Xinxin Cun zhi,2017,内部出版 Internal
0990,城子村志,Chengzi Cun zhi,2012,非正式出版物 Informal
0991,花园村志,Huayuan Cun zhi,2017,正式出版 Formal
0992,故城村志,Gucheng Cun zhi,2015,正式出版 Formal
0993,都康村志,Dukang Cun zhi,2015,非正式出版物 Informal
0994,廖家林村志,Liaojialin Cun zhi,2018,非正式出版物 Informal
0995,关虎屯村志,Guanhutun Cun zhi,2009,正式出版 Formal
0996,江姐村志,Jiangjie Cun zhi,2017,非正式出版物 Informal
0997,葛寨村志,Gezhai Cun zhi,2017,非正式出版物 Informal
0998,崔家村志,Cuijia Cun zhi,2014,正式出版 Formal
0999,篁墩村志,Huangdun Cun zhi,2019,正式出版 Formal
1000,兰寨村志,Lanzhai Cun zhi,2014,非正式出版物 Informal
1002,工程村志,Gongcheng Cun zhi,2016,非正式出版物 Informal
1003,金灯寺村志,Jindengsi Cun zhi,2010,正式出版 Formal
1004,武家嘴村志,Wujiazui Cun zhi,2001,正式出版 Formal
1005,清卓村志,Qingzhuo Cun zhi,2014,非正式出版物 Informal
1006,松田村志,Songtian Cun zhi,1995,非正式出版物 Informal
1007,文山市大兴寨村志,Wenshan Shi Daxingzhai Cun zhi,2019,正式出版 Formal
1008,古贤村志,Guxian Cun zhi,2017,内部出版 Internal
1009,吉利村志,Jili Cun zhi,2014,非正式出版物 Informal
1010,耿庄村志,Gengzhuang Cun zhi,2017,非正式出版物 Informal
1011,葛家岭村志,Gejialing Cun zhi,2015,内部出版 Internal
1012,旺山村志,Wangshan Cun zhi,2018,正式出版 Formal
1013,高官屯村志,Gaoguantun Cun zhi,2014,非正式出版物 Informal
1014,独石村志,Dushi Cun zhi,2016,非正式出版物 Informal
1015,康庄村志,Kang Zhuang cun zhi,2016,非正式出版物 Informal
1016,牛头冲村志,Niutouchong Cun zhi,2015,非正式出版物 Informal
1017,湖桥村志,Huqiao Cun zhi,2016,正式出版 Formal
1018,继志村志,Jizhi Cun zhi,2016,非正式出版物 Informal
1019,城张村志,Chengzhang Cun zhi,2007,正式出版 Formal
1020,大伯集村志,Daboji Cun zhi,2011,正式出版 Formal
1021,朱老庄村志,Zhulaozhuang Cun zhi,2017,内部出版 Internal
1022,符家庄村志,Fujiazhuang Cun zhi,2016,内部出版 Internal
1023,大关邑村志,Daguanyi Cun zhi,2005,正式出版 Formal
1024,小河坝村志,Xiaoheba Cun zhi,1998,正式出版 Formal
1025,长元村村志,Changyuan Cun cun zhi,2013,非正式出版物 Informal
1026,岗上村志,Gangshang Cun zhi,2017,内部出版 Internal
1027,霞水村志,Xiashui Cun zhi,2017,非正式出版物 Informal
1028,沙步村志,Shabu Cun zhi,2017,非正式出版物 Informal
1030,小明沙村志,Xiaomingsha Cun zhi,2018,正式出版 Formal
1031,高村村志,Gaocun Cun zhi,2012,非正式出版物 Informal
1032,斜桥村志,Xieqiao Cun zhi,2018,正式出版 Formal
1033,群星村志,Qunxing Cun zhi,2013,内部出版 Internal
1034,谷家峪村志,Gujiayu Cun zhi,2017,内部出版 Internal
1035,大埠东村志,Dabudong Cun zhi,2011,正式出版 Formal
1036,秀州村志,Xiuzhou Cun zhi,2017,内部出版 Internal
1037,塔密村志,Tami Cun zhi,2015,正式出版 Formal
1038,高于铺村村志,Gaoyupu Cun cun zhi,2016,非正式出版物 Informal
1039,耿庄村志,Gengzhuang Cun zhi,2017,非正式出版物 Informal
1040,席家湖村志,Xijiahu Cun zhi,2004,正式出版 Formal
1041,东辛店村志,Dongxindian Cun zhi,2010,非正式出版物 Informal
1042,北冶村志,Beiye Cun zhi,2010,内部出版 Internal
1043,东窑村志,Dongyao Cun zhi,2010,非正式出版物 Informal
1044,南栅村志,Nanzha Cun zhi,2015,正式出版 Formal
1045,岔口村志,Chakou Cun zhi,2011,非正式出版物 Informal
1046,牡丹村志,Mudan Cun zhi,2016,内部出版 Internal
1047,北营村志,Beiying Cun zhi,2005,正式出版 Formal
1048,北王村志,Beiwang Cun zhi,2007,内部出版 Internal
1049,南塘村志,Nantang Cun zhi,2016,内部出版 Internal
1050,大中富乐村村志,Dazhongfule Cun cun zhi,2012,非正式出版物 Informal
1051,蔡家沟村志,Caijiagou Cun zhi,2012,非正式出版物 Informal
1052,中洪村志,Zhonghong Cun zhi,2017,正式出版 Formal
1053,东营村志,Dongying Cun zhi,2009,非正式出版物 Informal
1054,彭庙村志,Pengmiao Cun zhi,2017,非正式出版物 Informal
1055,祝桥村志,Zhuqiao Cun zhi,2016,正式出版 Formal
1056,龙跃村志,Longyue Cun zhi,2016,内部出版 Internal
1057,北坞村志,Beiwu Cun zhi,2006,正式出版 Formal
1058,东阜村村志,Dongfu Cun cun zhi,2011,正式出版 Formal
1059,揣骨疃村志,Chuaigutuan Cun zhi,2013,正式出版 Formal
1060,吉山村志,Jishan Cun zhi,2004,正式出版 Formal
1061,猎德村志,Liede Cun zhi,2005,非正式出版物 Informal
1062,蔡家坡村志,Caijiapo Cun zhi,2004,非正式出版物 Informal
1063,常青村志,Changqing Cun zhi,2009,非正式出版物 Informal
1064,韩庄村志,Hanzhuang Cun zhi,2014,内部出版 Internal
1065,长岗村志,Changgang Cun zhi,2014,内部出版 Internal
1066,村尾村志,Cunwei Cun zhi,2015,正式出版 Formal
1067,北新城村志,Beixincheng Cun zhi,2017,内部出版 Internal
1068,东柴家营村志,DongChaijiaying Cun zhi,2010,非正式出版物 Informal
1069,固营村志,Guying Cun zhi,2012,非正式出版物 Informal
1070,柯木塱村志,Kemulang Cun zhi,2013,内部出版 Internal
1071,韩桥村志,Hanqiao Cun zhi,2016,非正式出版物 Informal
1073,东董里村志,Dongdongli Cun zhi,2018,非正式出版物 Informal
1074,金林(村志),Jinlin (Cun zhi),2013,内部出版 Internal
1075,佃起村志,Dianqi Cun zhi,2011,非正式出版物 Informal
1076,干河村志,Ganhe Cun zhi,2014,非正式出版物 Informal
1077,河沟王村志,Hegouwang Cun zhi,2017,非正式出版物 Informal
1078,新齐村志,Xinqi Cun zhi,2016,正式出版 Formal
1079,关庄村志,Guanzhuang Cun zhi,2017,非正式出版物 Informal
1080,杨湾村志,Yangwan Cun zhi,2017,正式出版 Formal
1081,张庄村志,Zhangzhuang Cun zhi,2017,正式出版 Formal
1082,大谢村志,DaXie Cun zhi,2017,非正式出版物 Informal
1083,郝寨村志,Haozhai Cun zhi,2016,非正式出版物 Informal
1084,大寺台村志,Dasitai Cun zhi,2015,非正式出版物 Informal
1085,故县村志,Guxian Cun zhi,2012,内部出版 Internal
1086,地沟村志,Digou Cun zhi,2011,正式出版 Formal
1087,狄村志,Di Cun zhi,2013,内部出版 Internal
1088,雕龙嘴村志,Diaolongzui Cun zhi,2013,非正式出版物 Informal
1089,大申庄志,Dashenzhuang zhi,2013,内部出版 Internal
1090,得利斯村志,Delisi Cun zhi,2011,非正式出版物 Informal
1091,小务口村志,Xiaowukou Cun zhi,2016,正式出版 Formal
1093,大宗村志,Dazong Cun zhi,2018,正式出版 Formal
1094,嶂青村志,Zhangqing Cun zhi,2005,正式出版 Formal
1095,占文村志,Zhanwen Cun zhi,2017,正式出版 Formal
1096,袁家桥村志,Yuanjiaqiao Cun zhi,2017,正式出版 Formal
1097,郭家咀村志,Guojiaju Cun zhi,2016,正式出版 Formal
1098,大辛家村志,DaXinjia Cun zhi,1997,非正式出版物 Informal
1099,章卿村志,Zhangqing Cun zhi,2017,正式出版 Formal
1100,河南村村志,Henan Cun cun zhi,2015,内部出版 Internal
1101,大枣园村志,Dazaoyuan Cun zhi,2011,正式出版 Formal
1102,元荡村志,Yuandang Cun zhi,2018,正式出版 Formal
1103,查家村志,Zhajia Cun zhi,2013,正式出版 Formal
1104,杨湘泾村志,Yangxiangjing Cun zhi,2017,正式出版 Formal
1105,大京村志,Dajing Cun zhi,2007,非正式出版物 Informal
1106,大寨村志,Dazhai cun zhi,2003,正式出版 Formal
1107,大建安村志,Dajian'an Cun zhi,2012,非正式出版物 Informal
1108,大吉村志,Daji Cun zhi,2000,内部出版 Internal
1109,大泉山村志,Daquanshan Cun zhi,2012,非正式出版物 Informal
1110,大峪村志,Dayu Cun zhi,2014,内部出版 Internal
1111,褚村村志,Chucun Cun zhi,2009,非正式出版物 Informal
1112,梁庄村志,Liangzhuang Cun zhi,2005,非正式出版物 Informal
1113,大南庄村志,Dananzhuang Cun zhi,2008,内部出版 Internal
1114,大营村志,Daying Cun zhi,2013,正式出版 Formal
1115,邓曲村志,Dengqu Cun zhi,2006,非正式出版物 Informal
1116,常营村村志,Changying Cun cun zhi,2006,非正式出版物 Informal
1117,王屋村志,Wangwu Cun zhi,2016,内部出版 Internal
1118,固安县北罗垡村村志,Gu'an Xian Beiluofa Cun cun zhi,2015,非正式出版物 Informal
1119,东小口村志,Dongxiaokou Cun zhi,2012,非正式出版物 Informal
1120,大原村志,Dayuan Cun zhi,2006,非正式出版物 Informal
1124,崔指挥营村志,Cuizhihuiying Cun zhi,2015,非正式出版物 Informal
1125,崔庄屯村志,Cuizhuangtun Cun zhi,2015,非正式出版物 Informal
1126,涧南庄村志,Jiannanzhuang Cun zhi,2016,非正式出版物 Informal
1127,老俩河村志,Laoliahe Cun zhi,2017,非正式出版物 Informal
1128,临南村志,Linnan Cun zhi,2016,非正式出版物 Informal
1129,万马村志,Wanma Cun zhi,2016,正式出版 Formal
1130,高家台村志,Gaojiatai Cun zhi,2012,非正式出版物 Informal
1131,杨家村志,Yangjia Cun zhi,2006,非正式出版物 Informal
1132,集义村志,Jiyi Cun zhi,2005,内部出版 Internal
1133,潦河头村志,Liaohetou Cun zhi,2011,内部出版 Internal
1134,城隍村志,Chenghuang Cun zhi,2009,非正式出版物 Informal
1135,黎城霞庄村村志,Licheng Xiazhuang Cun cun zhi,2001,非正式出版物 Informal
1136,诸暨渔橹赵家村志(重修本),Zhuji Yulu Zhaojia Cun zhi (chong xiu ben),2010,非正式出版物 Informal
1137,翠峰村志,Cuifeng Cun zhi,2014,非正式出版物 Informal
1138,三元里村志,Sanyuanli Cun zhi,2016,正式出版 Formal
1139,张牌村志,Zhangpai Cun zhi,2019,非正式出版物 Informal
1140,京水村志,Jingshui Cun zhi,2016,非正式出版物 Informal
1141,车耳营村志,Cheerying Cun zhi,2009,非正式出版物 Informal
1142,川底下村志,Chuandixia Cun zhi,2009,正式出版 Formal
1143,陈坡村志,Chenpo Cun zhi,2013,内部出版 Internal
1144,卜屯村志,Butun Cun zhi,2018,非正式出版物 Informal
1145,城关村志,Chengguan Cun zhi,2010,非正式出版物 Informal
1146,良户村志,Lianghu Cun zhi,2012,内部出版 Internal
1147,陈村志,Chen Cun zhi,2015,非正式出版物 Informal
1148,陈庄村志,Chenzhuang Cun zhi,2014,非正式出版物 Informal
1149,下柏村志,Xiabai Cun zhi,2005,非正式出版物 Informal
1150,红光村志,Hongguang Cun zhi,2011,非正式出版物 Informal
1151,段洼村志,Duanwa Cun zhi,2018,非正式出版物 Informal
1152,金桥村志,Jinqiao Cun zhi,2014,非正式出版物 Informal
1153,北白塔村志,Beibaita Cun zhi,2017,非正式出版物 Informal
1154,岗李村志,Gangli Cun zhi,2017,非正式出版物 Informal
1155,官道口村志,Guandaokou Cun zhi,2015,非正式出版物 Informal
1156,仁里村志,Renli Cun zhi,2015,非正式出版物 Informal
1157,荆彰村志,Jingzhang Cun zhi,2014,非正式出版物 Informal
1158,周村村志,Zhoucun Cun zhi,2011,非正式出版物 Informal
1159,东富庄村志,Dongfuzhuang Cun zhi,2013,非正式出版物 Informal
1160,大里村志,Dali Cun zhi,2013,正式出版 Formal
1161,大田村志,Datian Cun zhi,2011,非正式出版物 Informal
1162,东陈村志,Dongchen Cun zhi,1999,非正式出版物 Informal
1163,大溪村志,Daxi Cun zhi,2009,正式出版 Formal
1164,大岙村志,Daao Cun zhi,2015,正式出版 Formal
1165,东冠村志,Dongguan Cun zhi,2000,正式出版 Formal
1166,丰江周村志,Fengjiangzhou Cun zhi,2013,非正式出版物 Informal
1167,六峰村志,Liufeng Cun zhi,2016,正式出版 Formal
1168,康桥村村志,Kangqiao Cun cun zhi,2017,正式出版 Formal
1169,岭口村志,Lingkou Cun zhi,1998,非正式出版物 Informal
1170,林竹村志,Linzhu Cun zhi,2011,正式出版 Formal
1171,东关村志,Dongguan Cun zhi,2007,正式出版 Formal
1172,路西村志,Luxi Cun zhi,2016,正式出版 Formal
1173,兰墅桥村志,Lanshuqiao Cun zhi,2017,非正式出版物 Informal
1174,励江岸村志,Lijiang'an Cun zhi,2012,非正式出版物 Informal
1175,绿景村志,Lujing Cun zhi,2012,正式出版 Formal
1176,东山王村志,Dongshanwang Cun zhi,2010,正式出版 Formal
1177,东良村志,Dongliang Cun zhi,2011,正式出版 Formal
1178,东坊北村志,Dongfangbei Cun zhi,2015,非正式出版物 Informal
1179,东鲁村志,Dong Lu Cun zhi,2013,内部出版 Internal
1180,大崂村志,Dalao Cun zhi,2010,非正式出版物 Informal
1181,董家下庄村志,Dongjiaxiazhuang Cun zhi,2010,正式出版 Formal
1182,团结(碁南)村志,Tuanjie (Qi'nan) Cun zhi,2012,非正式出版物 Informal
1183,高念文村志,Gaonianwen Cun zhi,2010,非正式出版物 Informal
1184,宝陵村志,Baoling Cun zhi,2016,非正式出版物 Informal
1185,大濠村志,Dahao Cun zhi,2007,非正式出版物 Informal
1186,太家沟村志,Taijiagou Cun zhi,2017,非正式出版物 Informal
1187,大官庄村志,Daguanzhuang Cun zhi,2016,内部出版 Internal
1188,董格庄村志,Donggezhuang Cun zhi,2003,正式出版 Formal
1190,西屯村志,Xitun Cun zhi,2016,非正式出版物 Informal
1191,怀珍坊村志,Huaizhenfang Cun zhi,2015,非正式出版物 Informal
1192,杨柳塬志,Yangliuyuan zhi,2013,非正式出版物 Informal
1193,杨家村志,Yangjia Cun zhi,2014,内部出版 Internal
1195,大山西村志,Dashanxi Cun zhi,2016,正式出版 Formal
1196,郭庄子村志,Guozhuangzi Cun zhi,2009,非正式出版物 Informal
1197,沈家坟村志,Shenjiafen Cun zhi,2012,非正式出版物 Informal
1198,雷庄村志,Leizhuang Cun zhi,2010,非正式出版物 Informal
1199,中滩村志,Zhongtan Cun zhi,2010,非正式出版物 Informal
1200,郑常庄村志,Zhengchangzhuang Cun zhi,2009,非正式出版物 Informal
