村志代码 Gazetteer Code,村志书名 Gazetteer Title,海拔 (米) Altitude,平均降水量单位 Average Yearly Precipitation Unit,平均降水量 Average Yearly Precipitation Amount,平均温度单位 Average Yearly Temperature Unit,平均温度 Average Yearly Temperature
0001,太平店村志,n/a,毫米 millimeter,700,°C,14
0003,马鞭田村志,1225,毫米 millimeter,1279.8,°C,15
0004,万秀村志,n/a,毫米 millimeter,1310,°C,21.6
0005,光淀村志,n/a,毫米 millimeter,529.7,°C,12.2
0006,方等村志,61,没有相关数据 No Available Data,n/a,°C,12.7
0007,渔津洼村志,n/a,毫米 millimeter,543.6,°C,11.5
0008,板板桥村志,1600,毫米 millimeter,2963,°C,15.7
0009,仓上村志,n/a,毫米 millimeter,534.7,°C,13
0010,草场地村志,n/a,毫米 millimeter,600,没有相关数据 No Available Data,n/a
0011,桥梓村志,n/a,毫米 millimeter,1790,°C,22
0012,东侯坊村志,n/a,毫米 millimeter,480,没有相关数据 No Available Data,n/a
0013,黄土岗村志,n/a,毫米 millimeter,210.7,°C,13.7
0014,桑耳庄村志,n/a,毫米 millimeter,500,°C,12
0016,上梅林村志,n/a,毫米 millimeter,1948.4,°C,22.4
0017,单家村村志,34.3,毫米 millimeter,644.2,°C,11.4
0018,生产村志,n/a,毫米 millimeter,865.4,°C,11.6
0019,树园村志,n/a,毫米 millimeter,1171.7,没有相关数据 No Available Data,n/a
0020,西黄村村志,n/a,毫米 millimeter,569.4,没有相关数据 No Available Data,n/a
0021,张坊村志,n/a,毫米 millimeter,650,没有相关数据 No Available Data,n/a
0022,张家圩子村志,n/a,毫米 millimeter,710,°C,13.2
0023,凤池村志,128,毫米 millimeter,1660,°C,19.3
0024,楼村志,n/a,毫米 millimeter,1926.7,°C,22
0026,孟莲村志,n/a,毫米 millimeter,1217.9,°C,21.8
0029,刘国忠村志,n/a,毫米 millimeter,400,没有相关数据 No Available Data,n/a
0030,管元村志,1350,毫米 millimeter,1365,°C,14
0031,南凤山村志,n/a,毫米 millimeter,571.5,°C,13.2
0032,井亭村志,n/a,毫米 millimeter,1114.7,°C,15.5
0034,胡家村志,n/a,毫米 millimeter,570.4,°C,5.7
0035,洪塘头村志,n/a,毫米 millimeter,1411,°C,21
0036,周家巷村志,n/a,毫米 millimeter,1000,°C,15.5
0037,联盟村志,n/a,毫米 millimeter,679.1,°C,13.45
0040,金家坪村志,n/a,毫米 millimeter,1348.3,°C,16.7
0041,博潭村志,33,毫米 millimeter,1750,°C,23.5
0042,新桥村志,n/a,没有相关数据 No Available Data,n/a,°C,16
0044,大吕庄村志,53,毫米 millimeter,634.3,°C,13.7
0045,定安村志,1357,没有相关数据 No Available Data,n/a,没有相关数据 No Available Data,n/a
0047,冯桥村志,n/a,没有相关数据 No Available Data,n/a,°C,16.18
0048,小瓦窑村志,88.5,没有相关数据 No Available Data,n/a,°C,11.8
0049,富强村志,20,毫米 millimeter,1434.2,°C,16.4
0052,郭家沟村,n/a,毫米 millimeter,685.7,°C,10.25
0053,牟家村志,4.5,毫米 millimeter,1000,°C,15.9
0054,西官庄村志,n/a,毫米 millimeter,588.6,°C,13.5
0056,沐陂村志,n/a,毫米 millimeter,1630,°C,13.5
0058,袁家沟村志,n/a,毫米 millimeter,592.8,°C,10
0059,云水村志,n/a,毫米 millimeter,646.6,°C,15.6
0061,西高庄村志,n/a,毫米 millimeter,550,°C,12
0062,新华村志,22,没有相关数据 No Available Data,n/a,没有相关数据 No Available Data,n/a
0063,盘山村志,680,毫米 millimeter,500,°C,12
0064,三路居村志,43,没有相关数据 No Available Data,n/a,没有相关数据 No Available Data,n/a
0067,西洞头村志,n/a,毫米 millimeter,503.6,°C,13
0069,五一村志,375,没有相关数据 No Available Data,n/a,没有相关数据 No Available Data,n/a
0070,乌玉村志,n/a,毫米 millimeter,500,°C,9
0071,前夹山村志,n/a,毫米 millimeter,568.2,°C,10.7
0072,浦联村志,n/a,没有相关数据 No Available Data,n/a,°C,16
0074,上东廓村志,n/a,毫米 millimeter,550.3,°C,11.8
0075,琴湖村志,n/a,毫米 millimeter,1083.4,没有相关数据 No Available Data,n/a
0076,沁水营村志,20.9,毫米 millimeter,559.6,°C,11.6
0077,三洋村志,n/a,毫米 millimeter,566.3,°C,10.2
0078,三八里村志,n/a,毫米 millimeter,552.4,°C,10.3
0080,新店村志,n/a,毫米 millimeter,584.9,没有相关数据 No Available Data,n/a
0082,北良侯村志,n/a,没有相关数据 No Available Data,n/a,°C,8.1
0083,柏沟村志,n/a,毫米 millimeter,659.7,°C,11
0084,三力村志,n/a,没有相关数据 No Available Data,n/a,°C,20.1
0085,马鼻方志,n/a,毫米 millimeter,1600,°C,21.4
0087,坦头村志,n/a,毫米 millimeter,1530,没有相关数据 No Available Data,n/a
0088,传字营村志,3.5,毫米 millimeter,551.7,°C,11.9°
0091,福保村志,1887,毫米 millimeter,1006.5,°C,14.67
0092,上南村志,n/a,毫米 millimeter,1500,没有相关数据 No Available Data,n/a
0093,霍庄子村志,n/a,毫米 millimeter,490.02,°C,11.1
0094,长畛村志,n/a,没有相关数据 No Available Data,n/a,没有相关数据 No Available Data,n/a
0095,大河村志,n/a,毫米 millimeter,1156,°C,17
0096,大蒋庄村志,n/a,毫米 millimeter,584.6,°C,11.6
0097,插旗山村志,n/a,毫米 millimeter,1100,°C,16.6
0098,福德村志,1894,毫米 millimeter,1170,°C,21
0099,银桥村村志,2040,没有相关数据 No Available Data,n/a,°C,15
0100,崖堡村志,1748,没有相关数据 No Available Data,n/a,没有相关数据 No Available Data,n/a
0113,东古城村志,1757,没有相关数据 No Available Data,n/a,没有相关数据 No Available Data,n/a
0115,荷湖村志,n/a,毫米 millimeter,1434.2,°C,16.4
0116,青峰村志,n/a,毫米 millimeter,856.7,°C,16.5
0117,正蓝前二村志,117.80,毫米 millimeter,490,没有相关数据 No Available Data,n/a
0119,三堰埫村志,650,毫米 millimeter,1200,°C,16.5
0121,马村志,n/a,毫米 millimeter,1417.8,没有相关数据 No Available Data,n/a
0123,小三家子村志,n/a,毫米 millimeter,532,°C,-0.4
0124,复兴村志,2200,毫米 millimeter,280,°C,5.9
0125,长见村志,n/a,毫米 millimeter,1391,°C,16.8
0126,文大村志,n/a,毫米 millimeter,1417.8,°C,23.5
0127,浪营村志,n/a,没有相关数据 No Available Data,n/a,°C,5.7
0128,白沙村志,n/a,毫米 millimeter,1890,°C,16.2
0129,高庙村志,1940,毫米 millimeter,335.4,°C,7.5
0130,起台堡村志,2920,没有相关数据 No Available Data,n/a,没有相关数据 No Available Data,n/a
0134,梁堡村志,n/a,毫米 millimeter,520,°C,5.6
0135,苏波盖村志,n/a,毫米 millimeter,399.8,°C,6.9
0136,丹村志,n/a,没有相关数据 No Available Data,n/a,°C,25
0137,菖蒲塘村志,n/a,毫米 millimeter,1308.1,°C,15.9
0138,东颜村志,680,没有相关数据 No Available Data,n/a,没有相关数据 No Available Data,n/a
0139,魁胆村志(送审稿),n/a,毫米 millimeter,1200,°C,15
0140,隆里所村志,450,毫米 millimeter,1200,°C,17
0141,大三家村志,n/a,毫米 millimeter,359,°C,7
0142,纳家户村志,1122,毫米 millimeter,202.4,°C,8.6
0144,上庄村志,n/a,没有相关数据 No Available Data,n/a,°C,16
0145,宝狮村志,n/a,毫米 millimeter,884.6,°C,15.9
0146,凤凰庙村志,545,毫米 millimeter,400,°C,22
0148,西厂圪洞村志,1063,毫米 millimeter,350,°C,6
0149,严小村村志,n/a,毫米 millimeter,345,没有相关数据 No Available Data,n/a
0150,宝才村志,n/a,毫米 millimeter,1100,°C,14
0151,宜安村志,n/a,毫米 millimeter,570,°C,12.8
0152,传桂村志,15,没有相关数据 No Available Data,n/a,没有相关数据 No Available Data,n/a
0153,叶坪村志,n/a,毫米 millimeter,1378.4,°C,18.9
0154,马路村志,n/a,毫米 millimeter,878.6,°C,15.2
0156,百花村志,n/a,毫米 millimeter,1346,没有相关数据 No Available Data,n/a
0157,上桥村志,n/a,毫米 millimeter,1083,°C,18.1
0158,茅草村志,n/a,毫米 millimeter,1282.8,°C,17.0
0159,北山门口村志,491,毫米 millimeter,584.8,°C,13.3
0160,逯家寨志,2200,没有相关数据 No Available Data,n/a,没有相关数据 No Available Data,n/a
0161,鸡鸣村志,420,毫米 millimeter,1093.3,°C,16.4
0162,丁达村志,n/a,毫米 millimeter,1350,°C,16
0164,八卦营村志,n/a,毫米 millimeter,400,°C,1
0166,赤土村志,4,毫米 millimeter,600,°C,12
0169,永庆村志,n/a,毫米 millimeter,670,没有相关数据 No Available Data,n/a
0170,鲍家寨村志,2340,毫米 millimeter,345,没有相关数据 No Available Data,n/a
0171,青林寺村志,n/a,毫米 millimeter,1350,°C,16.8
0172,定平村志,1334.5,毫米 millimeter,103.2,°C,7.8
0173,果山村志,n/a,毫米 millimeter,1100,°C,17.8
0174,蔡宅村志,n/a,毫米 millimeter,1580,°C,18
0176,汪家塬村志,1763,毫米 millimeter,349.3,°C,6.7
0177,船房村志,1890,毫米 millimeter,1125,°C,20
0178,双街村志,5,毫米 millimeter,558,°C,12.2
0180,红城村志,418,毫米 millimeter,510,°C,3.5
0185,镇海村志,n/a,毫米 millimeter,300,°C,23
0186,白岩洞村志,n/a,毫米 millimeter,1440,°C,15.8
0187,百泉村志,n/a,毫米 millimeter,610.9,°C,14
0189,苑口村志,n/a,毫米 millimeter,500,°C,11.5
0190,范家店村志,n/a,毫米 millimeter,641.7,°C,10.7
0191,塘尾村志,n/a,毫米 millimeter,1700,°C,22.0
0193,唐美村志,n/a,毫米 millimeter,2000,°C,22
0195,珂里庄志,2096,毫米 millimeter,1540.5,°C,15
0196,吉镇村志,n/a,毫米 millimeter,486,°C,9.7
0197,贤友村志,n/a,毫米 millimeter,648.9,没有相关数据 No Available Data,n/a
0198,徐家河村志,n/a,毫米 millimeter,456.6,°C,9.2
0199,勤丰村志,2.42,毫米 millimeter,1047,°C,15.5
0200,观音庙村史,500,没有相关数据 No Available Data,n/a,没有相关数据 No Available Data,n/a
0201,永联村志,n/a,毫米 millimeter,1088.6,°C,15.8
0203,石马峪村志,n/a,毫米 millimeter,606.4,°C,11.8
0204,者湾村志,n/a,毫米 millimeter,850,°C,15.6
0205,黄土村志,n/a,毫米 millimeter,1357,°C,17.2
0206,上关村志,n/a,毫米 millimeter,900,°C,15
0207,兴堰村志,n/a,毫米 millimeter,918.7,°C,16°
0208,人民塘村志,n/a,毫米 millimeter,759,°C,15.6
0209,海东村志,1887,毫米 millimeter,797,°C,20
0210,三街村志,1732,毫米 millimeter,879.1,°C,15
0211,山邑村志,1840,毫米 millimeter,1200,没有相关数据 No Available Data,n/a
0212,石坝村志,550,毫米 millimeter,865.9,°C,16
0213,群安村志,510.8,毫米 millimeter,980,°C,16.1
0214,云溪村志,1887,没有相关数据 No Available Data,n/a,°C,16.5
0215,龙街村志,1800,毫米 millimeter,1000,°C,14.1
0216,金陵村志,673,没有相关数据 No Available Data,n/a,没有相关数据 No Available Data,n/a
0217,瓦窑村志,496,毫米 millimeter,880,°C,20
0218,九星村志,n/a,毫米 millimeter,1095.5,°C,15.36
0219,金凤村志,2300,毫米 millimeter,1000,°C,10.7
0220,董棕河村,1209,没有相关数据 No Available Data,n/a,°C,18
0221,南胜村志,4.5,毫米 millimeter,1238,°C,16.3
0222,唐家岭村志,n/a,毫米 millimeter,600,°C,11.3
0223,水闸口村志,1774.3,毫米 millimeter,829.7,°C,15.7
0224,柏崖厂村志,92,没有相关数据 No Available Data,n/a,°C,11.7
0226,大理经济开发区,1974,毫米 millimeter,1079,°C,15
0227,后辛庄村志,n/a,毫米 millimeter,556.4,°C,11.6
0228,环东村志,n/a,没有相关数据 No Available Data,n/a,°C,15.5
0229,上马坊村志,1951,毫米 millimeter,800,°C,14.4
0230,果园村志,n/a,毫米 millimeter,1000,°C,15
0231,众安村志,4.30,毫米 millimeter,1000,°C,15
0232,马连道村志,40,毫米 millimeter,586.7,°C,11.7
0233,棠东村志,n/a,毫米 millimeter,1700,°C,21
0234,小坑村志,n/a,毫米 millimeter,1600,°C,21.9
0235,勐廷村志,n/a,毫米 millimeter,1253.1,°C,14.9
0236,榆林村志,35,毫米 millimeter,610,°C,11.5
0238,界龙村志,n/a,毫米 millimeter,1239.1,°C,15.98
0239,北山村志,n/a,毫米 millimeter,803.6,没有相关数据 No Available Data,n/a
0243,南韩继村志,49.8,没有相关数据 No Available Data,600,没有相关数据 No Available Data,n/a
0244,盐行村志,n/a,毫米 millimeter,1148,°C,16
0245,上园村志,n/a,没有相关数据 No Available Data,n/a,°C,17.7
0248,东夏园村志,20.3,毫米 millimeter,569.4,°C,11.6
0249,北桥村志,n/a,没有相关数据 No Available Data,n/a,°C,15.5
0251,双河村志,2300,毫米 millimeter,1168,°C,10.3
0252,金鸡台村志,n/a,毫米 millimeter,472.9,°C,10
0253,崧泽村志,n/a,毫米 millimeter,1044,没有相关数据 No Available Data,n/a
0254,亭东村志,n/a,毫米 millimeter,1092.8,°C,15.5
0256,黄山店村志,151,毫米 millimeter,400,°C,9
0257,华一村志,n/a,没有相关数据 No Available Data,n/a,°C,15.5
0258,罗衙村志,1894,毫米 millimeter,1170,°C,21
0259,江头河村志,2400,没有相关数据 No Available Data,n/a,°C,10.4
0261,寒王村志,1240,毫米 millimeter,590,°C,6.2
0262,新维村志,n/a,没有相关数据 No Available Data,n/a,°C,22.3
0263,东张口村志,31,毫米 millimeter,488.2,°C,12.5
0264,长安村志,n/a,毫米 millimeter,1600,没有相关数据 No Available Data,n/a
0265,磁山村志,n/a,毫米 millimeter,590,°C,12.8
0267,晨钟村志,389.3,没有相关数据 No Available Data,n/a,没有相关数据 No Available Data,n/a
0268,北陈村志,n/a,毫米 millimeter,620.2,°C,14.2
0270,洞源村志,n/a,毫米 millimeter,1500,°C,15
0271,东街村志,n/a,毫米 millimeter,553,°C,11.4
0272,芙蓉村志,n/a,毫米 millimeter,1650,°C,13
0274,怀德村志,n/a,毫米 millimeter,1700,°C,22.0
0275,高家村志,n/a,毫米 millimeter,582.8,没有相关数据 No Available Data,n/a
0276,大潘家村志,n/a,毫米 millimeter,558.24,°C,11.1
0277,东大寨村志,n/a,没有相关数据 No Available Data,n/a,°C,11.5
0278,国际村志,n/a,毫米 millimeter,1250,°C,18.5
0279,黑石头村志,n/a,毫米 millimeter,430,°C,7.2
0280,北寨张村志,57,毫米 millimeter,580.3,°C,13.4
0281,碑登村志,492,毫米 millimeter,870.4,°C,6
0283,固新村志,n/a,毫米 millimeter,571.9,没有相关数据 No Available Data,10
0286,大井村志,n/a,没有相关数据 No Available Data,n/a,°C,11.7
0287,东方村志,n/a,毫米 millimeter,1156.7,°C,15.7
0289,百胜村志,n/a,毫米 millimeter,1026,°C,19
0291,官曲村志,n/a,毫米 millimeter,600,°C,11.8
0292,凡村村志,n/a,没有相关数据 No Available Data,n/a,°C,13.5
0293,碟子沟村志,n/a,毫米 millimeter,560.4,°C,8.8
0294,北沙坡村志,n/a,毫米 millimeter,550,°C,13.3
0297,册井村志,350,毫米 millimeter,530,没有相关数据 No Available Data,n/a
0299,衙门村志,n/a,没有相关数据 No Available Data,n/a,°C,7
0300,斗门村志,49,毫米 millimeter,520,°C,13.2
0302,南关村志,n/a,毫米 millimeter,674,°C,12
0303,陈屯村志,n/a,毫米 millimeter,623.6,°C,8.3
0304,东岐村志,n/a,毫米 millimeter,1600,°C,20
0305,港西村志,n/a,毫米 millimeter,900,°C,14
0306,大英村志,458,毫米 millimeter,1608,°C,16
0307,方家岙村志,n/a,毫米 millimeter,1433.6,°C,14.2
0309,开弦弓村志,n/a,毫米 millimeter,1156.4,°C,15.7
0310,李家桑园村志,n/a,毫米 millimeter,800,°C,13
0313,刘集村志,n/a,毫米 millimeter,571.3,°C,13
0314,凌塘村志,n/a,没有相关数据 No Available Data,n/a,°C,20.5
0315,花沟王村志,n/a,毫米 millimeter,649.9,°C,14.2
0316,黄岗村志,n/a,毫米 millimeter,665.6,°C,14.2
0317,八岔赫哲族村志,45,毫米 millimeter,500,°C,1.4
0319,花园关村志,1192,毫米 millimeter,825,°C,14.3
0321,巨口铺村志,n/a,毫米 millimeter,1200,°C,16
0322,后楼村志,220,没有相关数据 No Available Data,n/a,°C,20
0323,荒里村志,n/a,毫米 millimeter,874.5,°C,14
0325,河西村志,600,没有相关数据 No Available Data,n/a,°C,13.3
0327,四台子村志,n/a,毫米 millimeter,860,°C,7.8
0329,后三羊头村志,n/a,没有相关数据 No Available Data,n/a,°C,10.3
0330,庙东村志,n/a,毫米 millimeter,385,°C,8.4
0333,柳树林村村志,369,毫米 millimeter,575.2,°C,14
0335,吉安城村志,n/a,毫米 millimeter,515,°C,12.6
0336,常青村志续编,n/a,毫米 millimeter,512,°C,10.7
0337,李巷村志,n/a,毫米 millimeter,1039.3,°C,15.2
0338,麻扎村志,100,毫米 millimeter,16.6,°C,14.4
0340,建河村志,n/a,毫米 millimeter,1000,°C,14.3
0341,旧尉屯村志,n/a,毫米 millimeter,450,°C,10.3
0342,李家沟村志,n/a,毫米 millimeter,592.8,没有相关数据 No Available Data,n/a
0343,梁官村志,750,毫米 millimeter,439,°C,10.2
0344,环湖村志,n/a,毫米 millimeter,1000,没有相关数据 No Available Data,n/a
0346,胡干城村志,n/a,毫米 millimeter,621.1,°C,14
0347,北甸西村志,33,毫米 millimeter,600,°C,11.8
0348,尖山下村志,100,毫米 millimeter,1500,°C,16
0349,后蚂虹嘴村志,n/a,毫米 millimeter,650,没有相关数据 No Available Data,n/a
0350,蒋家村志,n/a,毫米 millimeter,1000,°C,15
0351,雷家崄村志,n/a,毫米 millimeter,450,没有相关数据 No Available Data,n/a
0352,合兴村志,29,毫米 millimeter,1179.4,°C,16.6
0353,西街志,763,毫米 millimeter,475.6,°C,10
0354,花园岗村志,n/a,毫米 millimeter,1670,°C,17.4
0355,孟石岗村志,200,没有相关数据 No Available Data,n/a,°C,13.1
0356,西水头村志,430,没有相关数据 No Available Data,n/a,没有相关数据 No Available Data,n/a
0357,义东沟村志,722,毫米 millimeter,545.2,°C,11.2
0358,丰盈村志,n/a,毫米 millimeter,520,°C,10.7
0359,新塘村志,100,毫米 millimeter,1700,°C,22
0360,沙富村志,n/a,毫米 millimeter,1655.82,°C,21.9
0361,黄洞村志,n/a,毫米 millimeter,1800,°C,22
0363,黄村村志,n/a,毫米 millimeter,1725.7,°C,21.8
0365,珠村村志,n/a,毫米 millimeter,1500,°C,21.7
0366,分将池村志,n/a,毫米 millimeter,429,°C,14
0367,白石厦村志,n/a,毫米 millimeter,1200,°C,15
0368,油甘埔村志,n/a,毫米 millimeter,1800,°C,22
0369,尚介村志,69,毫米 millimeter,429,°C,14
0370,关址村志,n/a,毫米 millimeter,646.6,°C,14.5
0371,南程村志,n/a,毫米 millimeter,719.2,°C,15.2
0372,北洼村志,347,毫米 millimeter,380,°C,14.4
0373,李袁村志,n/a,毫米 millimeter,1054,°C,15.4
0374,李沟头村志,n/a,毫米 millimeter,1128.7,°C,16.4
0375,三勤村志,n/a,毫米 millimeter,1000,°C,15.5
0377,横山村志,n/a,没有相关数据 No Available Data,n/a,°C,13
0378,马店村志,40,没有相关数据 No Available Data,n/a,没有相关数据 No Available Data,n/a
0380,桥北村志,n/a,毫米 millimeter,450,°C,10
0381,马家疃村志,n/a,毫米 millimeter,550,°C,12.3
0382,盘石村志,n/a,毫米 millimeter,1600,°C,21.4
0383,清河村志,n/a,毫米 millimeter,665.6,°C,14.2
0386,乔家辿村志,n/a,毫米 millimeter,445,°C,9
0387,南山村志,n/a,毫米 millimeter,1875.4,°C,24
0388,龙头村志,n/a,毫米 millimeter,553,没有相关数据 No Available Data,n/a
0390,秦霸岭村志,1421.9,没有相关数据 No Available Data,n/a,没有相关数据 No Available Data,n/a
0391,卢家巷村志,n/a,毫米 millimeter,1000,°C,15
0392,沙河岸村志,n/a,毫米 millimeter,610,没有相关数据 No Available Data,n/a
0393,北皋村志,34,毫米 millimeter,626,°C,11.6
0394,庆丰村志,n/a,没有相关数据 No Available Data,n/a,°C,21
0396,毛俊村志,n/a,毫米 millimeter,1600,°C,20.5
0397,七里铺村志,n/a,毫米 millimeter,700,°C,13.5
0398,南崖村志,n/a,毫米 millimeter,500,°C,8
0400,马头溪村志,n/a,毫米 millimeter,1949.5,°C,18.9
0401,南东坊村志,64,毫米 millimeter,519.5,°C,13.4
0402,商相村志,n/a,毫米 millimeter,1054,°C,15.4
0404,漫水村志,n/a,没有相关数据 No Available Data,n/a,°C,17.2
0405,南山村志,n/a,没有相关数据 No Available Data,n/a,°C,9.0
0406,李庄村志,28,毫米 millimeter,900,°C,14
0407,聂寨村志,n/a,毫米 millimeter,500,°C,14.3
0408,龙门村志,378,毫米 millimeter,500.8,°C,12
0409,桥塘村志,25.50,毫米 millimeter,901,°C,13
0411,施厚村志,50,毫米 millimeter,1500,°C,20
0412,牛头镇村志,n/a,毫米 millimeter,591.9,°C,12.4
0413,三寨村志,1920,毫米 millimeter,155,°C,4
0414,南坡湾村志,n/a,毫米 millimeter,420,没有相关数据 No Available Data,n/a
0415,南庄村志,n/a,毫米 millimeter,498.2,°C,12.4
0416,潘山村志,n/a,毫米 millimeter,1420.5,°C,16
0417,罗岗村志,n/a,毫米 millimeter,1742,°C,21.6
0418,平羌村志,n/a,毫米 millimeter,1050,°C,21.6
0419,南五里堡村志,n/a,毫米 millimeter,415.2,°C,14.2
0420,荃步村志,3.5,毫米 millimeter,1181,°C,15
0421,牛宅村志,n/a,毫米 millimeter,1300,°C,19.8
0422,看丹村志,40,毫米 millimeter,586.7,°C,11.7
0423,奶东村志,n/a,毫米 millimeter,200,°C,13
0424,新集村志,n/a,毫米 millimeter,635.1,°C,12.9
0425,夏雷村志,3.8,毫米 millimeter,1124.7,°C,15.4
0427,宋京村志,495,毫米 millimeter,1600,°C,18
0428,兴隆村志,n/a,毫米 millimeter,114.7,没有相关数据 No Available Data,n/a
0429,苏卢村志,n/a,毫米 millimeter,1300,°C,21.6
0431,水师营村志,n/a,毫米 millimeter,551.2,°C,10.3
0432,申家村志,638,毫米 millimeter,1350,°C,14
0433,吴家村志,n/a,没有相关数据 No Available Data,n/a,°C,13.1
0434,下栅村志,700,毫米 millimeter,480,°C,10.5
0435,土城子村志,n/a,毫米 millimeter,592.8,°C,11.1
0436,兴围村志,n/a,毫米 millimeter,1700,°C,22.0
0437,五坝村志,1740,毫米 millimeter,155,°C,4
0438,湾底村志,n/a,没有相关数据 No Available Data,n/a,°C,15.8
0439,史山村志,500,毫米 millimeter,627.4,°C,11.7
0441,土山寺村志,n/a,毫米 millimeter,847,°C,14
0442,西沟村志,n/a,毫米 millimeter,600,°C,10.4
0443,孙家湾村志,4,毫米 millimeter,573.9,°C,9
0444,同心村志,n/a,毫米 millimeter,1073,°C,15.5
0445,文岙村志,334.2,没有相关数据 No Available Data,n/a,°C,16.3
0447,水磨湾村志,n/a,毫米 millimeter,118,没有相关数据 No Available Data,n/a
0448,铜井村志,n/a,没有相关数据 No Available Data,n/a,°C,13.8
0449,渭二村志,n/a,毫米 millimeter,629.9,°C,12.9
0450,古城营村志,n/a,毫米 millimeter,460,°C,9
0451,万丰村志,n/a,毫米 millimeter,1882,°C,22.4
0452,围头村志,6,毫米 millimeter,1143.3,°C,20.3
0453,王道村志,4.2,毫米 millimeter,552,°C,12.3
0456,唐林村志,n/a,毫米 millimeter,1025.6,°C,25
0457,太各庄村志,16,毫米 millimeter,400,°C,12.5
0458,鹿窝村志,800,毫米 millimeter,950,°C,15
0459,孙家小庄村志,n/a,毫米 millimeter,650,°C,13
0460,大营村志,369,没有相关数据 No Available Data,n/a,没有相关数据 No Available Data,n/a
0462,棠下村志,n/a,毫米 millimeter,1725,°C,21.7
0463,小溪村志,n/a,毫米 millimeter,1466.5,°C,17.8
0464,沈岙村志,n/a,毫米 millimeter,1700,°C,18
0465,象塘村志,n/a,毫米 millimeter,1362,°C,17
0468,树掌村志,1305,毫米 millimeter,580,°C,8.8
0470,友爱村志,76.7,毫米 millimeter,1310,°C,21.6
0471,义安村志,744.5,毫米 millimeter,460,°C,9.8
0474,徐马村志,1790,毫米 millimeter,460,°C,6.7
0476,园中村志,n/a,毫米 millimeter,1392.5,°C,18.6
0477,鱼山村志,82.1,毫米 millimeter,633.7,°C,13.4
0478,羊家冲村志,150,毫米 millimeter,1200,°C,14.6
0479,营城子村志,n/a,毫米 millimeter,713.6,°C,8.8
0481,玉岩村志,395,没有相关数据 No Available Data,n/a,没有相关数据 No Available Data,n/a
0482,新建村志,n/a,毫米 millimeter,1464,°C,16
0483,雄龙村志,800,毫米 millimeter,1423.2,°C,15.9
0484,薛家会村志,600,毫米 millimeter,400,°C,10
0485,浔龙村志,n/a,没有相关数据 No Available Data,n/a,°C,16.8
0486,西跃村志,n/a,毫米 millimeter,623.6,°C,8.3
0488,西中黄村志,600,毫米 millimeter,488.3,°C,12.7
0489,杲村村志,n/a,毫米 millimeter,646,°C,14.2
0490,洋埭村志,n/a,毫米 millimeter,1200,°C,26.6
0491,小将村志,236,没有相关数据 No Available Data,n/a,没有相关数据 No Available Data,n/a
0492,油坊村志,n/a,毫米 millimeter,800,°C,7
0493,友好村志,1563,毫米 millimeter,114.7,没有相关数据 No Available Data,n/a
0494,枣牌刘村志,n/a,毫米 millimeter,527.1,°C,12.4
0496,龙塘村志,n/a,没有相关数据 No Available Data,n/a,°C,21.8
0497,新中村志,n/a,毫米 millimeter,500,°C,15.5
0498,枣烟村志,922,毫米 millimeter,550,°C,3
0499,走马塘村志,n/a,没有相关数据 No Available Data,n/a,°C,16.2
0501,元峰村志,n/a,毫米 millimeter,1332,°C,19.5
0502,窑坡村志,n/a,毫米 millimeter,538.2,°C,13.2
0503,张家井村,n/a,毫米 millimeter,577.4,没有相关数据 No Available Data,n/a
0504,南关村志,n/a,毫米 millimeter,550,°C,12.5
0505,新塘下村志,n/a,没有相关数据 No Available Data,n/a,°C,17
0506,竹尾田村,n/a,毫米 millimeter,1800,°C,21.8
0507,永丰村志,n/a,毫米 millimeter,1300,°C,16.2
0508,寨子村志,335,毫米 millimeter,500,°C,13.5
0509,新堰村志,n/a,毫米 millimeter,888,°C,14.6
0510,南岗村志,n/a,毫米 millimeter,562,°C,15
0511,西解甲庄村志,n/a,毫米 millimeter,736.6,没有相关数据 No Available Data,n/a
0512,薛肇村志,n/a,没有相关数据 No Available Data,n/a,°C,14.3
0513,洋澜村志,n/a,毫米 millimeter,1282.8,°C,17.0
0514,千秋村志,n/a,毫米 millimeter,666.9,°C,12.4
0516,诸葛村志,61,毫米 millimeter,1300,°C,15
0517,杨槐村志,n/a,毫米 millimeter,649.9,°C,14.2
0519,清水村志,1330,毫米 millimeter,1000,°C,13.2
0520,盐厂新村志,n/a,毫米 millimeter,658,°C,10.25
0521,后溪村志,n/a,毫米 millimeter,1320,°C,21
0522,唐庄村志,n/a,毫米 millimeter,649.9,°C,14.2
0523,新生村志,n/a,毫米 millimeter,600,°C,-2
0524,荷花村志,1111,毫米 millimeter,1100,°C,17
0525,库勒村志,n/a,毫米 millimeter,415.5,°C,3.4
0526,黄瓜山村志,600,毫米 millimeter,1042.2,°C,18.2
0527,关里村志,n/a,毫米 millimeter,1500,°C,18
0528,东龙村志,500,没有相关数据 No Available Data,n/a,没有相关数据 No Available Data,n/a
0529,黄家门村志,n/a,毫米 millimeter,649.9,°C,14.2
0530,上棒村志,n/a,没有相关数据 No Available Data,n/a,°C,19.5
0531,草陂村志,n/a,没有相关数据 No Available Data,n/a,°C,17
0532,兰英村志,n/a,毫米 millimeter,158,°C,16
0533,老观村志,n/a,没有相关数据 No Available Data,n/a,°C,16.1
0534,黄里村志,n/a,毫米 millimeter,849.6,°C,14.8
0535,保冲村志,1658,毫米 millimeter,1438.9,°C,14
0536,海河湾村志,6,没有相关数据 No Available Data,n/a,°C,12
0538,魁胆村志,n/a,毫米 millimeter,1200,°C,15
0540,红星村志,60,毫米 millimeter,1388.8,°C,17.2
0541,建设村志,470,没有相关数据 No Available Data,n/a,°C,16.1
0542,庙坪村志,1100,没有相关数据 No Available Data,n/a,°C,17
0544,新堤村志,n/a,毫米 millimeter,1135.2,°C,16
0545,刘庄村志,2.5,毫米 millimeter,557.2,没有相关数据 No Available Data,n/a
0546,王兰庄村志,2.5,毫米 millimeter,566.4,°C,11.6
0547,临江村志,450,毫米 millimeter,900,°C,16
0548,城畈村志,n/a,毫米 millimeter,1093.5,没有相关数据 No Available Data,n/a
0549,柳树垭村志,400,没有相关数据 No Available Data,n/a,没有相关数据 No Available Data,n/a
0550,大塘村志,420,毫米 millimeter,1093.3,°C,16.4
0552,二龙村志,600,毫米 millimeter,1200,°C,16
0553,旧居村志,n/a,毫米 millimeter,1000,°C,22
0554,左洼村志,n/a,毫米 millimeter,800,°C,14.4
0555,中石村志,n/a,毫米 millimeter,1300,°C,17
0557,沥坑刘村村志,21,毫米 millimeter,1520.9,°C,17.45
0558,稠泉村志,n/a,毫米 millimeter,1300,°C,16.7
0559,朱家港村志,86,毫米 millimeter,1200,°C,16.8
0560,川心堡村志,n/a,毫米 millimeter,1174,°C,14.7
0561,代州营村志,1100,毫米 millimeter,100,没有相关数据 No Available Data,n/a
0562,北陶村志,4,毫米 millimeter,1257,°C,16.3
0564,菜园头村志,n/a,毫米 millimeter,1282.8,°C,17
0565,凌庄子村志,n/a,毫米 millimeter,566.4,°C,11.6
0566,马郡村志,n/a,毫米 millimeter,117.2,°C,7.6
0567,虎牙滩村志,105.45,毫米 millimeter,1114.5,°C,16.9
0568,土艳村志,n/a,毫米 millimeter,1801,°C,23.7
0569,方村志,n/a,没有相关数据 No Available Data,n/a,°C,16.4
0570,拱市村志,n/a,毫米 millimeter,929,°C,16.8
0571,护城村志,n/a,毫米 millimeter,1084.4,°C,15.1
0572,冯村志,320,毫米 millimeter,1519.3,°C,15.8
0573,塘井村志,n/a,毫米 millimeter,1400,°C,18
0574,白杨源志,n/a,没有相关数据 No Available Data,n/a,°C,16
0575,邢泉村志,1220,没有相关数据 No Available Data,n/a,没有相关数据 No Available Data,n/a
0576,张石村志,1165,没有相关数据 No Available Data,n/a,没有相关数据 No Available Data,n/a
0577,青羊岗土家族村志,n/a,毫米 millimeter,1125.2,°C,16.5
0578,三山村志,n/a,毫米 millimeter,1330,°C,17
0580,西南庄村志,n/a,毫米 millimeter,500,°C,12
0581,瓦子坪村志,300,毫米 millimeter,1200,°C,16
0582,岔河村志,n/a,毫米 millimeter,1500,°C,13
0584,唐家坪村志,n/a,没有相关数据 No Available Data,n/a,°C,19
0585,船石村志,700,毫米 millimeter,1000,°C,20
0586,膏田村志,n/a,毫米 millimeter,1440,°C,16.3
0587,新屋咀村志,348,毫米 millimeter,1050,°C,17.4
0588,石牌坊村志,249,毫米 millimeter,1035,°C,18.1
0589,锁口村志,357,毫米 millimeter,1100,°C,17.1
0590,惠农村志,n/a,没有相关数据 No Available Data,n/a,°C,17.2
0591,大板桥村志,1959,毫米 millimeter,1006.5,°C,15.45
0592,大坝村志,1888.8,没有相关数据 No Available Data,n/a,没有相关数据 No Available Data,n/a
0593,大波那村志,n/a,毫米 millimeter,690,°C,14
0594,天马村志,2233,没有相关数据 No Available Data,n/a,°C,12.3
0595,吴井村志,1894,毫米 millimeter,1120,°C,15
0596,新河村志,1886.3,没有相关数据 No Available Data,n/a,没有相关数据 No Available Data,n/a
0597,万沟村志,362.1,毫米 millimeter,1069,°C,17.1
0598,四合村志,374,毫米 millimeter,1024.3,°C,17.2
0599,石河村志,n/a,没有相关数据 No Available Data,n/a,°C,17
0600,乌木村村志,n/a,没有相关数据 No Available Data,n/a,°C,17
0601,肇兴村志,n/a,毫米 millimeter,1200,°C,16.3
0602,竹坪村志,n/a,毫米 millimeter,1000,°C,16
0604,石下村村志,1256,毫米 millimeter,1966,°C,16.6
0605,八角村志,n/a,毫米 millimeter,670,没有相关数据 No Available Data,n/a
0606,北阁村志,18,没有相关数据 No Available Data,n/a,没有相关数据 No Available Data,n/a
0607,白杜村村志,n/a,毫米 millimeter,450,°C,10
0608,大王村志,n/a,毫米 millimeter,552.4,°C,10
0609,长浜村志,n/a,毫米 millimeter,1000,°C,15.5
0611,沉香村志,n/a,毫米 millimeter,1061.9,°C,15.5
0612,东华村志,n/a,毫米 millimeter,1100,°C,14.5
0613,大星村志,n/a,毫米 millimeter,1174.2,°C,15.1
0614,成日村志,n/a,毫米 millimeter,1061.9,没有相关数据 No Available Data,n/a
0615,谙正村志,n/a,没有相关数据 No Available Data,n/a,°C,7
0616,安家皂村志,989,毫米 millimeter,400,°C,7.5
0617,安昌村志,900,没有相关数据 No Available Data,n/a,°C,9
0618,崔堡村志,n/a,毫米 millimeter,937.4,°C,14.4
0620,程墩村志,n/a,没有相关数据 No Available Data,n/a,°C,16
0621,仁里村志,171,毫米 millimeter,1520,°C,15.8
0624,獐岛村志,n/a,毫米 millimeter,837.9,°C,9
0625,邓一村志,n/a,毫米 millimeter,1222.2,没有相关数据 No Available Data,n/a
0626,竹元村志,n/a,没有相关数据 No Available Data,n/a,°C,17.8
0627,长春村志,n/a,没有相关数据 No Available Data,n/a,没有相关数据 No Available Data,n/a
0630,赵家村志,3,没有相关数据 No Available Data,n/a,没有相关数据 No Available Data,n/a
0631,溪尾村志,44.8,没有相关数据 No Available Data,n/a,没有相关数据 No Available Data,n/a
0633,陈胡村志,4,没有相关数据 No Available Data,n/a,没有相关数据 No Available Data,n/a
0635,党家村志,n/a,毫米 millimeter,680,°C,13.5
0636,南宵村志,n/a,毫米 millimeter,1000,°C,17
0637,镇丰村志,434,毫米 millimeter,670,°C,13.3
0639,阳山村志,n/a,没有相关数据 No Available Data,n/a,°C,10
0640,榜山村志,803,没有相关数据 No Available Data,n/a,没有相关数据 No Available Data,n/a
0641,保卫村志,n/a,没有相关数据 No Available Data,n/a,°C,15.5
0642,后黄村志,n/a,毫米 millimeter,1400,°C,20
0643,北金召村志,n/a,毫米 millimeter,610.32,°C,12.98
0644,度城村志,n/a,毫米 millimeter,1133.3,°C,16.1
0645,洞山村志,n/a,毫米 millimeter,1425.4,°C,14.7
0646,玉河村志,2415.9,没有相关数据 No Available Data,n/a,°C,12.6
0647,可邑彝族村志,n/a,毫米 millimeter,977.8,°C,15
0648,官渡社区志,n/a,毫米 millimeter,1011,°C,14.5
0650,云溪永丰村志,1891.5,没有相关数据 No Available Data,n/a,°C,16.5
0651,周家村志,1881,没有相关数据 No Available Data,n/a,没有相关数据 No Available Data,n/a
0652,小围埂村志,n/a,毫米 millimeter,850,°C,22
0653,高镇村志,95,没有相关数据 No Available Data,n/a,°C,17.5
0654,官林村志,n/a,毫米 millimeter,1197.3,°C,14.5
0655,海星村志,3,毫米 millimeter,1344.8,°C,16
0656,北关村志,10,没有相关数据 No Available Data,n/a,°C,11.5
0658,义路村志,n/a,没有相关数据 No Available Data,n/a,°C,16.5
0659,邑等村志,n/a,毫米 millimeter,1200,°C,18.2
0660,羊甫村志,1896,没有相关数据 No Available Data,n/a,°C,14.7
0663,边院村志,80,毫米 millimeter,600,°C,12.9
0664,北安河村志,58,毫米 millimeter,542.7,没有相关数据 No Available Data,n/a
0666,可建村志,n/a,毫米 millimeter,1700,°C,16.7
0667,白文村志,1156.5,毫米 millimeter,563,°C,6.7
0668,八仙庄村志,n/a,毫米 millimeter,550,°C,13.3
0671,顾家村志,n/a,毫米 millimeter,1000,°C,7
0672,小南村志,n/a,毫米 millimeter,552.4,没有相关数据 No Available Data,n/a
0674,歌山村志,n/a,毫米 millimeter,1410,°C,16.1
0675,大京村志,n/a,毫米 millimeter,1415.7,°C,19.1
0676,南韩村志,497,没有相关数据 No Available Data,n/a,没有相关数据 No Available Data,n/a
0677,北关村志,n/a,毫米 millimeter,645.5,°C,13.4
0678,后孙密城村志,n/a,毫米 millimeter,623.7,°C,13.4
0682,白和村志,1200,毫米 millimeter,500,没有相关数据 No Available Data,n/a
0683,杜家堡村志,n/a,毫米 millimeter,580.17,没有相关数据 No Available Data,n/a
0684,杜山村志,20,没有相关数据 No Available Data,n/a,°C,13
0685,花胡庄村志,90,毫米 millimeter,649.9,°C,14.2
0686,小蒲水村志,115,毫米 millimeter,594.6,°C,14.4
0687,杜羊圈村志,1100,毫米 millimeter,390,°C,8.6
0688,孤山村志,n/a,毫米 millimeter,800,没有相关数据 No Available Data,n/a
0690,巴洲村志,n/a,毫米 millimeter,550,°C,10.3
0691,东马各庄村志,30,毫米 millimeter,625,°C,11.5
0692,八间房村志,400,毫米 millimeter,500,°C,6.6
0693,北万山村志,400,毫米 millimeter,694,°C,12.8
0694,东岭村志,n/a,毫米 millimeter,656.0,°C,13.2
0695,东石村志,25.4,没有相关数据 No Available Data,n/a,°C,11.3
0696,北堆村志,n/a,毫米 millimeter,600,°C,11.9
0697,白庙村志,n/a,毫米 millimeter,550,没有相关数据 No Available Data,n/a
0698,涧东村志,418,没有相关数据 No Available Data,n/a,没有相关数据 No Available Data,n/a
0699,罗口村志,300,没有相关数据 No Available Data,n/a,°C,14.5
0700,古城村志,n/a,毫米 millimeter,1354,°C,15.5
0701,汤泉村志,400,毫米 millimeter,1650,°C,18
0702,半峪村志,n/a,毫米 millimeter,560,°C,12
0703,东庄村志,n/a,毫米 millimeter,1000,°C,15.5
0704,贾岗村志,n/a,毫米 millimeter,649.9,°C,14.2
0705,曹家馆村志,n/a,毫米 millimeter,650,没有相关数据 No Available Data,n/a
0706,北龙口村志,n/a,毫米 millimeter,534.8,°C,13
0707,古方村志,7.2,毫米 millimeter,1071.4,°C,15.4
0708,观山村志,n/a,没有相关数据 No Available Data,n/a,°C,15.1
0709,工农村志,n/a,毫米 millimeter,1406.8,°C,16.1
0710,国庆村志,n/a,毫米 millimeter,1450,°C,16.3
0711,北陈庄村志,52.5,毫米 millimeter,580.3,°C,13.4
0712,北庄村志,n/a,毫米 millimeter,600,°C,11.3
0713,东二旗村志,n/a,毫米 millimeter,600,°C,11.8
0714,黄山村志,n/a,没有相关数据 No Available Data,n/a,°C,19.7
0715,北甸东村志,27.9,毫米 millimeter,600,°C,11.8
0716,[Bing]洲村志,n/a,毫米 millimeter,1000,°C,20
0718,塘溪村志,160,没有相关数据 No Available Data,n/a,没有相关数据 No Available Data,n/a
0719,蓝田村志,4,没有相关数据 No Available Data,n/a,没有相关数据 No Available Data,n/a
0720,段家寨村志,913,毫米 millimeter,429,°C,9.1
0722,安仁村志,n/a,毫米 millimeter,1600,°C,16.9
0723,查王村志,n/a,毫米 millimeter,626.3,°C,13.8
0724,燃灯寺村志,758,毫米 millimeter,696.9,°C,13
0725,长岭村志,n/a,毫米 millimeter,738.3,°C,11
0726,草山岭村志,140,没有相关数据 No Available Data,n/a,没有相关数据 No Available Data,n/a
0728,安家庄村志,n/a,毫米 millimeter,650,°C,13.8
0729,人民村志,n/a,毫米 millimeter,1000,°C,15.5
0731,中角村志,n/a,毫米 millimeter,350,°C,9
0732,九保村志,n/a,毫米 millimeter,1239.7,°C,18.4
0733,森林村志,4,毫米 millimeter,1088,°C,15
0734,白河村志,1460,没有相关数据 No Available Data,n/a,°C,20
0735,凤凰村志,5.3,毫米 millimeter,1042.7,°C,15.2
0736,北邵洼村志,64,毫米 millimeter,550.3,°C,11.8
0738,北关村志,760,毫米 millimeter,500,°C,10
0741,北方平村志,n/a,毫米 millimeter,496.2,°C,13.3
0743,北齐村志,74.2,没有相关数据 No Available Data,n/a,没有相关数据 No Available Data,n/a
0746,大陵村志,n/a,没有相关数据 No Available Data,n/a,°C,20
0747,北桑鲁村志,n/a,毫米 millimeter,500,没有相关数据 No Available Data,n/a
0748,三八村志,n/a,毫米 millimeter,1222.2,°C,16.8
0749,梨花村志,1780,毫米 millimeter,925,°C,15.3
0750,金鸭村志,500,毫米 millimeter,1050,°C,18
0751,江东村志,n/a,毫米 millimeter,1469.4,°C,13.8
0752,铁门村志,285,没有相关数据 No Available Data,n/a,没有相关数据 No Available Data,n/a
0753,黄柳村志,n/a,毫米 millimeter,1200,°C,16.6
0754,乐乌村志,1868,毫米 millimeter,1000,°C,14.8
0755,六甲村志,n/a,毫米 millimeter,1120,°C,16
0756,姜城村志,n/a,毫米 millimeter,400,°C,12
0757,井溢村志,682,毫米 millimeter,450,°C,11.4
0758,王梁村志,n/a,毫米 millimeter,280,°C,9
0759,王家村志,500,毫米 millimeter,560,没有相关数据 No Available Data,n/a
0760,梁家河村志,1889,没有相关数据 No Available Data,n/a,没有相关数据 No Available Data,n/a
0764,小圩村志,2.5,毫米 millimeter,1088,°C,15.5
0765,贺北村志,n/a,毫米 millimeter,1122,°C,16.6
0766,横沟村志,4.5,没有相关数据 No Available Data,n/a,°C,15
0768,温河村志,n/a,毫米 millimeter,1246.4,°C,17
0770,长命水村志,n/a,毫米 millimeter,2000,°C,21.8
0772,新塘村志,4.5,毫米 millimeter,1238,°C,16
0773,富达畲村志,630,没有相关数据 No Available Data,n/a,没有相关数据 No Available Data,n/a
0774,北年丰村志,37,没有相关数据 No Available Data,n/a,没有相关数据 No Available Data,n/a
0775,崔各庄村志,37.3,毫米 millimeter,600,°C,12
0776,城西吕家村志,n/a,毫米 millimeter,650.3,没有相关数据 No Available Data,n/a
0777,城里村志,n/a,毫米 millimeter,700,°C,12.5
0778,马镇村志,900,毫米 millimeter,405,°C,9.7
0780,北谷丰村志,n/a,毫米 millimeter,441.8,°C,9.8
0781,曹口村志,45,毫米 millimeter,661.3,°C,13.4
0782,车家下庄村志,n/a,毫米 millimeter,784,°C,12.6
0783,城北村志,n/a,毫米 millimeter,865.4,°C,11.3
0784,车陂村志,n/a,毫米 millimeter,2000,°C,21
0785,北坡村志,n/a,没有相关数据 No Available Data,n/a,°C,11
0786,双生村志,1100,没有相关数据 No Available Data,n/a,°C,20
0787,路口村志,n/a,毫米 millimeter,1164.1,°C,19.8
0789,东埔村志,369,毫米 millimeter,1850,°C,19.30
0790,新盛村志,n/a,没有相关数据 No Available Data,n/a,°C,15.7
0791,鞍山村志,n/a,毫米 millimeter,1400,°C,16.2
0792,北固碾村志,n/a,毫米 millimeter,450,°C,10
0793,曹各庄村志,26,毫米 millimeter,606.4,°C,11.3
0794,北马房村志,25.9,毫米 millimeter,606.4,没有相关数据 No Available Data,n/a
0796,西贺家石村志,n/a,毫米 millimeter,486,没有相关数据 No Available Data,9.7
0798,旧飞鹅村村志,n/a,毫米 millimeter,1709.3,°C,22
0799,门头村志,n/a,毫米 millimeter,653.5,没有相关数据 No Available Data,11
0800,水朗村志,n/a,毫米 millimeter,1757.3,°C,22
0801,星光村志,n/a,毫米 millimeter,1061,°C,15.5
0802,北平村志,1448,没有相关数据 No Available Data,n/a,没有相关数据 No Available Data,n/a
0803,北七家庄村志,29.2,毫米 millimeter,600,°C,13
0804,北岭头村志,962,毫米 millimeter,549,没有相关数据 No Available Data,n/a
0809,沙坪寺村志,n/a,毫米 millimeter,400,°C,9
0810,讲武殿村志,n/a,毫米 millimeter,585,°C,13
0811,党家庄村志,n/a,没有相关数据 No Available Data,n/a,°C,12.9
0812,沙坝村志,1676,毫米 millimeter,966,°C,15
0813,八方村志,263,毫米 millimeter,563,°C,14.2
0814,鳌头村志,n/a,毫米 millimeter,601.6,°C,14.7
0815,龙泉村志,n/a,毫米 millimeter,1250,°C,15
0816,土堆村志,1889,毫米 millimeter,1045,°C,14.4
0818,东营村志,n/a,毫米 millimeter,600,°C,15
0819,北胡庄村志,n/a,毫米 millimeter,542.2,°C,13.9
0820,白洋村志,n/a,毫米 millimeter,1300,°C,16
0822,东白仓村志,51,毫米 millimeter,822.4,°C,13.4
0823,福永村志,n/a,毫米 millimeter,1200,°C,15
0824,东八村村志,n/a,毫米 millimeter,557.4,°C,12.1
0825,东升村志,n/a,毫米 millimeter,1500,°C,20
0826,东皇墓村志,n/a,没有相关数据 No Available Data,n/a,°C,13.1
0827,营前村志,n/a,没有相关数据 No Available Data,n/a,°C,15.5
0828,大谈村志,84.78,毫米 millimeter,569.8,°C,12.9
0829,鸡翅岭村志,n/a,毫米 millimeter,1800,°C,22
0831,沿南村志,n/a,毫米 millimeter,1060,°C,15.2
0832,白坟村志,n/a,毫米 millimeter,510,°C,14.3
0835,岸上村志,62,毫米 millimeter,544,°C,13.6
0839,赤水垟志,n/a,毫米 millimeter,1506.8,°C,17.5
0840,侨乡村志,n/a,毫米 millimeter,1472.9,°C,22.2
0842,美林村志,428,没有相关数据 No Available Data,n/a,没有相关数据 No Available Data,n/a
0843,蔡和村志,n/a,毫米 millimeter,1692.5,°C,15.4
0844,十里·大桥村志,1898,毫米 millimeter,1000,°C,22
0846,葭芦都三甲李氏村志,900,毫米 millimeter,400,°C,8
0847,牛薛沟村志,1050,毫米 millimeter,500,°C,10
0849,碧龙村志,485,没有相关数据 No Available Data,n/a,没有相关数据 No Available Data,n/a
0852,北海山村志,150,没有相关数据 No Available Data,n/a,°C,13.5
0853,坂田村志,21,没有相关数据 No Available Data,n/a,没有相关数据 No Available Data,n/a
0854,塘头村志,n/a,毫米 millimeter,1600,°C,21.7
0856,南皋村志,34,毫米 millimeter,606.4,°C,11.8
0859,花乡葆台村志,47,毫米 millimeter,550,°C,12.8
0862,王官屯村志,n/a,毫米 millimeter,581,°C,12.5
0863,戴湾村志,n/a,毫米 millimeter,606.5,°C,15
0864,柳子圪旦村志,n/a,毫米 millimeter,240,°C,6
0865,理家庄村志,n/a,毫米 millimeter,450,°C,8.8
0866,小车村志,n/a,毫米 millimeter,504.4,°C,13.5
0868,上柳源村志,n/a,毫米 millimeter,1600,°C,17.2
0869,库城村志,n/a,毫米 millimeter,600,°C,8
0870,崔家沟村志,723,毫米 millimeter,520,°C,9.9
0871,堆谷山村志,n/a,毫米 millimeter,1700,没有相关数据 No Available Data,n/a
0873,余川村志,292,毫米 millimeter,1400,°C,16
0875,海口里仁村志,1900,毫米 millimeter,922.9,°C,14.7
0876,永清村志,570,毫米 millimeter,679.1,°C,12.6
0878,姜湾村志,n/a,毫米 millimeter,878.6,°C,15.2
0879,恬庄村志,5.0,毫米 millimeter,1077,°C,15.8
0881,后山村志,n/a,毫米 millimeter,1644.6,°C,16.6
0883,栗子坪村志,1400,毫米 millimeter,2300,没有相关数据 No Available Data,n/a
0884,栗林河村志,n/a,毫米 millimeter,930,°C,10
0885,歙县三阳村志,245,没有相关数据 No Available Data,n/a,没有相关数据 No Available Data,n/a
0886,大峡谷村志,480,毫米 millimeter,1500,°C,15.5
0887,胡家坟村志,3.75,毫米 millimeter,1374.7,°C,16.2
0888,云家码头村志,n/a,毫米 millimeter,396.6,°C,10
0889,杓袁村志,n/a,毫米 millimeter,649.9,°C,14.2
0890,西河村志,n/a,毫米 millimeter,636.9,°C,13.4
0893,东桃村志,n/a,毫米 millimeter,1337,°C,16.6
0895,祝陵村志,n/a,毫米 millimeter,1246.3,没有相关数据 No Available Data,n/a
0897,高拱桥村志,500,毫米 millimeter,1570,°C,15.6
0899,放羊坪村志,n/a,毫米 millimeter,1200,°C,16.7
0900,欧桥村志,n/a,毫米 millimeter,1073.2,°C,16.2
0901,钱家山村志,580,没有相关数据 No Available Data,n/a,°C,15
0902,陈家墕村志,930,毫米 millimeter,395,°C,10
0903,木头峪村志,698.20,毫米 millimeter,365,°C,22
0904,大胜村志,n/a,毫米 millimeter,1700,没有相关数据 No Available Data,n/a
0905,西上庄村志,n/a,毫米 millimeter,652.9,°C,12.2
0907,黄家崴子村志,500,没有相关数据 No Available Data,n/a,°C,4
0908,黄岭村志,n/a,毫米 millimeter,1700,°C,20.5
0909,西水磨村志,7,毫米 millimeter,597.0,°C,12.3
0910,江浦村志,n/a,毫米 millimeter,900,°C,14
0911,张家塔村志,732,没有相关数据 No Available Data,n/a,没有相关数据 No Available Data,n/a
0913,西台村志,n/a,毫米 millimeter,738.3,°C,11.5
0914,吴兴村志,78,毫米 millimeter,525.3,°C,13.1
0915,桃王庄村志,n/a,毫米 millimeter,580,°C,12.2
0916,上鲁塘村志,400,毫米 millimeter,1466.5,°C,17.6
0918,赵官屯村志,6,没有相关数据 No Available Data,n/a,没有相关数据 No Available Data,n/a
0920,和平村志,3.5,没有相关数据 No Available Data,n/a,°C,15.8
0921,桂南村志,n/a,毫米 millimeter,2000,°C,22
0922,建农村志,n/a,毫米 millimeter,1194,°C,16.5
0923,王安堡村志,51.8,毫米 millimeter,580.2,°C,13.4
0924,川口村志,n/a,毫米 millimeter,588.1,°C,13.8
0925,上官村志,500,没有相关数据 No Available Data,n/a,°C,13
0926,东六合村志,3,毫米 millimeter,517.99,没有相关数据 No Available Data,n/a
0927,光明村志,4.5,毫米 millimeter,1220,°C,16.1
0929,赵村村志,430,毫米 millimeter,550.9,没有相关数据 No Available Data,n/a
0930,兴朱村志,n/a,毫米 millimeter,601.4,没有相关数据 No Available Data,n/a
0931,小许庄村志,n/a,毫米 millimeter,577.3,°C,12.1
0934,微水村志,n/a,毫米 millimeter,504.4,°C,13.1
0935,拦车村志,930,毫米 millimeter,573.8,°C,11.5
0936,蒋庄村志,3.85,毫米 millimeter,1100,°C,15.5
0938,交丙坛村志,n/a,毫米 millimeter,2129,°C,21.3
0939,邢寨村志,n/a,毫米 millimeter,773.1,°C,13.6
0940,西林西村志,n/a,没有相关数据 No Available Data,n/a,°C,13.6
0941,金红村志,n/a,毫米 millimeter,1100,°C,15.36
0942,西古现村志,n/a,毫米 millimeter,765.7,°C,11
0943,崔家庄村志,747.4,毫米 millimeter,413,°C,10
0944,聪子峪村志,n/a,毫米 millimeter,645,°C,7.5
0945,大北村志,780,毫米 millimeter,450,°C,10.6
0946,金建村志,4.3,毫米 millimeter,1000,°C,15
0947,大望京村志,36.5,没有相关数据 No Available Data,n/a,没有相关数据 No Available Data,n/a
0949,西王村志,11.2,毫米 millimeter,633,°C,13
0950,西马村志,n/a,毫米 millimeter,645.5,°C,13
0951,两坂村志,n/a,毫米 millimeter,510,°C,11.8
0952,李堡村志,n/a,没有相关数据 No Available Data,n/a,°C,9
0953,后郭村志,20,毫米 millimeter,1105,°C,21
0954,辛庄村志,70,毫米 millimeter,654.54,°C,13.4
0955,和平村志,n/a,毫米 millimeter,1200,°C,22
0956,城南村志,n/a,没有相关数据 No Available Data,n/a,°C,9
0958,城内村志,759.4,毫米 millimeter,385,°C,8.6
0959,潢涌村志,n/a,毫米 millimeter,1800,°C,21.9
0960,环山村志,n/a,毫米 millimeter,1600,°C,21
0961,西董铺村志,59,毫米 millimeter,503.5,°C,12.8
0962,冼村村志,n/a,毫米 millimeter,1725.7,°C,21.8
0964,鱼河湾村志,1000,毫米 millimeter,406.9,°C,9.7
0965,崔楼村志,n/a,毫米 millimeter,1089,°C,15.5
0966,酒务村志,n/a,毫米 millimeter,625.7,°C,9.8
0967,卜居头村志,296,毫米 millimeter,606.1,°C,13.2
0968,保宁村志,520,毫米 millimeter,550,°C,11.6
0972,李街村志,552,没有相关数据 No Available Data,n/a,°C,10
0974,箭泾村志,n/a,毫米 millimeter,1025,°C,16
0975,崔庄村志,112,没有相关数据 No Available Data,n/a,没有相关数据 No Available Data,n/a
0976,陈堡村志,n/a,毫米 millimeter,617.8,°C,14
0977,郑各庄村志,n/a,毫米 millimeter,550,°C,13.3
0978,驼房营村志,32,毫米 millimeter,600.7,°C,11.3
0979,四合庄村志,45,没有相关数据 No Available Data,n/a,没有相关数据 No Available Data,n/a
0980,卢沟桥村志,52,没有相关数据 No Available Data,n/a,没有相关数据 No Available Data,n/a
0981,广川街村志,n/a,毫米 millimeter,522.7,°C,12.9
0982,车厂村志,n/a,毫米 millimeter,640,°C,11.7
0983,兴复村志,n/a,毫米 millimeter,1133.3,°C,16.1
0984,黄皮村志,n/a,毫米 millimeter,1300,没有相关数据 No Available Data,n/a
0986,大楚留村志,n/a,没有相关数据 No Available Data,n/a,没有相关数据 No Available Data,n/a
0987,华新村志,n/a,没有相关数据 No Available Data,n/a,°C,15
0988,老道井村志,n/a,毫米 millimeter,617.8,°C,14
0989,新新村志,3.5,毫米 millimeter,1135.1,没有相关数据 No Available Data,n/a
0990,城子村志,100,毫米 millimeter,600,°C,12.8
0991,花园村志,4,毫米 millimeter,1132.5,°C,16.0
0993,都康村志,270,毫米 millimeter,1700,°C,19.6
0994,廖家林村志,n/a,毫米 millimeter,1200,°C,17
0996,江姐村志,340,毫米 millimeter,1000,°C,17
0997,葛寨村志,n/a,没有相关数据 No Available Data,n/a,°C,14
0998,崔家村志,n/a,毫米 millimeter,659.2,°C,12.3
0999,篁墩村志,n/a,毫米 millimeter,1500,°C,16
1000,兰寨村志,n/a,毫米 millimeter,704.4,°C,14.2
1002,工程村志,170,毫米 millimeter,580.3,没有相关数据 No Available Data,n/a
1003,金灯寺村志,n/a,毫米 millimeter,429,°C,14
1005,清卓村志,489,毫米 millimeter,1280.9,°C,16.2
1006,松田村志,n/a,毫米 millimeter,1500,°C,17.9
1007,文山市大兴寨村志,1459,毫米 millimeter,1255.1,°C,n/a
1008,古贤村志,n/a,毫米 millimeter,500,°C,10
1009,吉利村志,140,毫米 millimeter,620,°C,14.2
1010,耿庄村志,112,毫米 millimeter,636.7,没有相关数据 No Available Data,n/a
1011,葛家岭村志,199.47,没有相关数据 No Available Data,n/a,没有相关数据 No Available Data,n/a
1014,独石村志,n/a,毫米 millimeter,1530,°C,16
1015,康庄村志,n/a,毫米 millimeter,510,°C,14.3
1016,牛头冲村志,600,毫米 millimeter,1300,没有相关数据 No Available Data,n/a
1017,湖桥村志,4.2,毫米 millimeter,1100,°C,16
1018,继志村志,400,没有相关数据 No Available Data,n/a,没有相关数据 No Available Data,n/a
1019,城张村志,n/a,毫米 millimeter,692.9,°C,12.9
1020,大伯集村志,n/a,毫米 millimeter,600,°C,13.4
1022,符家庄村志,n/a,毫米 millimeter,542.2,°C,13.9
1027,霞水村志,261,没有相关数据 No Available Data,n/a,没有相关数据 No Available Data,n/a
1031,高村村志,n/a,毫米 millimeter,603,没有相关数据 No Available Data,n/a
1032,斜桥村志,n/a,毫米 millimeter,1154.04,°C,16.37
1033,群星村志,n/a,毫米 millimeter,1742.2,°C,21.9
1036,秀州村志,2.8,毫米 millimeter,1159.1,°C,16.7
1037,塔密村志,1896,没有相关数据 No Available Data,n/a,°C,16.5
1038,高于铺村村志,n/a,毫米 millimeter,500,°C,12
1041,东辛店村志,32.9,没有相关数据 No Available Data,n/a,没有相关数据 No Available Data,n/a
1043,东窑村志,n/a,毫米 millimeter,600.7,°C,11.3
1044,南栅村志,4,毫米 millimeter,1446.9,°C,22.3
1045,岔口村志,1031,毫米 millimeter,630,°C,10
1046,牡丹村志,3.4,毫米 millimeter,1159.1,°C,16.7
1047,北营村志,730,毫米 millimeter,439,°C,10.2
1048,北王村志,n/a,毫米 millimeter,450,°C,12.6
1049,南塘村志,3.5,毫米 millimeter,1159.1,°C,16.7
1050,大中富乐村村志,51,毫米 millimeter,600,°C,11
1051,蔡家沟村志,n/a,毫米 millimeter,520,没有相关数据 No Available Data,n/a
1053,东营村志,36,毫米 millimeter,606.4,°C,11.8
1055,祝桥村志,n/a,毫米 millimeter,1137.8,°C,15.1
1056,龙跃村志,3.5,毫米 millimeter,1114,°C,15.5
1057,北坞村志,n/a,毫米 millimeter,460,°C,9.8
1058,东阜村村志,8.5,毫米 millimeter,482.1,°C,12.7
1059,揣骨疃村志,866,毫米 millimeter,350,°C,8
1060,吉山村志,n/a,毫米 millimeter,1725.7,°C,21.8
1061,猎德村志,n/a,没有相关数据 No Available Data,n/a,°C,21.7
1062,蔡家坡村志,n/a,毫米 millimeter,600,°C,11
1063,常青村志,n/a,毫米 millimeter,460,°C,9.8
1064,韩庄村志,n/a,没有相关数据 No Available Data,n/a,°C,13.9
1065,长岗村志,n/a,毫米 millimeter,504.4,°C,13.1
1066,村尾村志,n/a,毫米 millimeter,1790,°C,22
1067,北新城村志,160,毫米 millimeter,550,°C,13.5
1069,固营村志,65,没有相关数据 No Available Data,n/a,没有相关数据 No Available Data,n/a
1070,柯木塱村志,n/a,毫米 millimeter,2000,°C,20.5
1074,金林(村志),73.8,没有相关数据 No Available Data,n/a,没有相关数据 No Available Data,n/a
1075,佃起村志,47,毫米 millimeter,586.7,没有相关数据 No Available Data,n/a
1076,沧县干河村志,5,毫米 millimeter,616.4,°C,12.5
1077,河沟王村志,n/a,毫米 millimeter,640,°C,20
1079,关庄村志,n/a,毫米 millimeter,640,°C,14
1081,张庄村志,3.3,没有相关数据 No Available Data,n/a,°C,16.5
1082,大谢村志,n/a,毫米 millimeter,704.4,°C,14.2
1084,大寺台村志,54,毫米 millimeter,582.3,°C,13.4
1085,故县村志,n/a,没有相关数据 No Available Data,n/a,°C,14.8
1086,地沟村志,7.2,毫米 millimeter,561.2,°C,12.5
1087,狄村志,n/a,毫米 millimeter,460,°C,10
1089,大申庄志,21.2,没有相关数据 No Available Data,n/a,°C,12.9
1090,得利斯村志,69.75,毫米 millimeter,700,°C,12.4
1091,小务口村志,61.6,毫米 millimeter,626.08,°C,14.3
1093,大宗村志,n/a,毫米 millimeter,773.5,°C,13.6
1095,占文村志,n/a,毫米 millimeter,1895.1,°C,15.4
1096,袁家桥村志,n/a,毫米 millimeter,1073.0,°C,15.7
1097,郭家咀村志,n/a,毫米 millimeter,650,°C,14.3
1098,大辛家村志,n/a,毫米 millimeter,787.8,°C,12.3
1099,章卿村志,n/a,毫米 millimeter,1039.3,°C,15.2
1100,河南村村志,2000,毫米 millimeter,800,°C,12.5
1101,大枣园村志,n/a,毫米 millimeter,794,°C,12.2
1102,元荡村志,n/a,毫米 millimeter,1112.2,°C,15.8
1103,查家村志,n/a,毫米 millimeter,1200,°C,14.5
1104,杨湘泾村志,n/a,毫米 millimeter,1078.9,°C,15.4
1105,大京村志,n/a,毫米 millimeter,1000,没有相关数据 No Available Data,n/a
1106,大寨村志,1000,毫米 millimeter,550,°C,9.2
1107,大建安村志,754,毫米 millimeter,400,°C,10
1108,大吉村志,n/a,毫米 millimeter,550,°C,8.7
1109,大泉山村志,n/a,毫米 millimeter,380,°C,7
1110,大峪村志,735,毫米 millimeter,573,°C,10.5
1112,梁庄村志,1000,没有相关数据 No Available Data,n/a,°C,10.3
1113,大南庄村志,n/a,毫米 millimeter,628.4,°C,10.72
1114,大营村志,n/a,毫米 millimeter,350,°C,5
1116,常营村村志,n/a,毫米 millimeter,700,°C,13.5
1117,王屋村志,n/a,毫米 millimeter,542.2,°C,13.9
1119,东小口村志,34.3,毫米 millimeter,644.2,°C,11.4
1120,大原村志,n/a,毫米 millimeter,600,没有相关数据 No Available Data,n/a
1124,崔指挥营村志,n/a,没有相关数据 No Available Data,n/a,°C,11.6
1125,崔庄屯村志,n/a,毫米 millimeter,540,没有相关数据 No Available Data,n/a
1131,杨家村志,n/a,毫米 millimeter,1100,°C,15.5
1132,集义村志,780,没有相关数据 No Available Data,n/a,没有相关数据 No Available Data,n/a
1133,潦河头村志,735.2,毫米 millimeter,469.7,没有相关数据 No Available Data,n/a
1134,城隍村志,n/a,毫米 millimeter,500,°C,9
1136,诸暨渔橹赵家村志(重修本),n/a,毫米 millimeter,1280,°C,16.2
1137,翠峰村志,n/a,毫米 millimeter,520,°C,9.9
1138,三元里村志,n/a,毫米 millimeter,1694.1,°C,21.8
1140,京水村志,n/a,毫米 millimeter,599.5,°C,14.4
1141,车耳营村志,n/a,毫米 millimeter,542.7,°C,11
1142,川底下村志,n/a,毫米 millimeter,400,°C,11.6
1143,陈坡村志,40,毫米 millimeter,634.6,°C,13.9
1145,城关村志,n/a,毫米 millimeter,500,°C,9
1146,良户村志,907,毫米 millimeter,567.1,°C,10.2
1148,陈庄村志,860,毫米 millimeter,624,°C,9.8
1151,段洼村志,n/a,毫米 millimeter,900,°C,15
1154,岗李村志,n/a,毫米 millimeter,636.7,°C,14.2
1155,官道口村志,n/a,毫米 millimeter,632.2,°C,10.61
1156,仁里村志,n/a,毫米 millimeter,1400,°C,20
1158,周村村志,n/a,没有相关数据 No Available Data,n/a,°C,11.6
1159,东富庄村志,640.9,毫米 millimeter,580,°C,12.5
1160,大里村志,n/a,毫米 millimeter,1600,°C,15.8
1161,大田村志,305,没有相关数据 No Available Data,n/a,没有相关数据 No Available Data,n/a
1163,大溪村志,n/a,没有相关数据 No Available Data,n/a,°C,13.4
1164,东岙顶村志,n/a,毫米 millimeter,1300,°C,17.6
1165,东冠村志,n/a,毫米 millimeter,1150,°C,16
1166,丰江周村志,n/a,毫米 millimeter,1346.7,°C,16.7
1167,六峰村志,n/a,没有相关数据 No Available Data,n/a,°C,16.6
1168,康桥村村志,n/a,毫米 millimeter,1480.6,°C,16
1169,岭口村志,n/a,毫米 millimeter,1655.3,°C,16.2
1170,林竹村志,245,没有相关数据 No Available Data,n/a,没有相关数据 No Available Data,n/a
1171,东关村志,n/a,毫米 millimeter,638.2,°C,12.10
1172,路西村志,n/a,毫米 millimeter,1398.6,°C,15.8
1173,兰墅桥村志,n/a,没有相关数据 No Available Data,n/a,°C,16.2
1175,绿景村志,n/a,毫米 millimeter,1150,°C,16
1176,东山王村志,n/a,毫米 millimeter,559.6,°C,11
1177,东良村志,n/a,毫米 millimeter,679.4,°C,12.7
1178,东坊北村志,60,毫米 millimeter,600,°C,13
1179,东鲁村志,9.30,没有相关数据 No Available Data,n/a,没有相关数据 No Available Data,n/a
1180,大崂村志,83.06,毫米 millimeter,687.4,°C,12
1181,董家下庄村志,n/a,没有相关数据 No Available Data,n/a,°C,13.3
1182,团结(碁南)村志,540,毫米 millimeter,553.2,°C,11.4
1183,高念文村志,900,毫米 millimeter,400,°C,9
1185,大濠村志,n/a,毫米 millimeter,555,°C,12
1187,大官庄村志,n/a,毫米 millimeter,698.6,°C,13.4
1188,董格庄村志,n/a,毫米 millimeter,583.2,°C,11.8
1191,怀珍坊村志,698,毫米 millimeter,n/a,°C,11.8
1192,杨柳塬志,700,毫米 millimeter,500,°C,13
1195,大山西村志,n/a,毫米 millimeter,1250,°C,16.5
1196,丰台区卢沟桥乡郭庄子村志,52,没有相关数据 No Available Data,n/a,没有相关数据 No Available Data,n/a
1197,沈家坟村志,n/a,毫米 millimeter,606.4,°C,11.8
1198,雷庄村志,30,毫米 millimeter,606.4,°C,11.8
1199,中滩村志,34.3,毫米 millimeter,644.2,°C,11.4
1200,丰台区卢沟桥乡郑常庄村志,52.2,毫米 millimeter,600,°C,11.8
