村志代码 Gazetteer Code,村志书名 Gazetteer Title,Category,Division1,Division2,Division3,Division4,Start Year,End Year,Data
0002,叶店村志,户数 Number of Households,,,,,1949,1953,282
0002,叶店村志,户数 Number of Households,,,,,1980,1983,729
0002,叶店村志,人口 Population,男性人口 Male Population,,,,1949,1953,578
0002,叶店村志,人口 Population,女性人口 Female Population,,,,1949,1953,667
0002,叶店村志,人口 Population,总人口 Total Population,,,,1949,1953,1245
0002,叶店村志,人口 Population,女性人口 Female Population,,,,1980,1983,1277
0002,叶店村志,人口 Population,总人口 Total Population,,,,1980,1983,2658
0002,叶店村志,人口 Population,男性人口 Male Population,,,,1980,1983,1381
0003,马鞭田村志,自然出生率 Birth Rate (‰),,,,,1961,1963,38
0003,马鞭田村志,自然出生率 Birth Rate (‰),,,,,1966,1976,35
0003,马鞭田村志,自然增长率 Natural Population Growth Rate (‰),,,,,1961,1970,33.1
0012,东侯坊村志,迁入 Migration In,,知识青年 Educated Youth,,,1970,1977,56
0014,桑耳庄村志,迁出 Migration Out,,知识青年 Educated Youth,,,1973,1974,15
0019,树园村志,流动人口/暂住人口 Migratory/Temporary Population,,,,,2000,2001,821
0022,张家圩子村志,出生人数 Number of Births,,,,,1980,1986,301
0022,张家圩子村志,自然出生率 Birth Rate (‰),,,,,1980,1986,17.8
0022,张家圩子村志,自然出生率 Birth Rate (‰),,,,,1993,1997,3.3
0022,张家圩子村志,自然出生率 Birth Rate (‰),,,,,2000,2008,9.8
0022,张家圩子村志,自然出生率 Birth Rate (‰),,,,,2009,2011,12.1
0031,南凤山村志,迁入 Migration In,,知识青年 Educated Youth,,,1974,1977,85
0032,井亭村志,迁入 Migration In,,知识青年 Educated Youth,,,1968,1977,59
0032,井亭村志,迁出 Migration Out,,知识青年 Educated Youth,,,1968,1982,43
0034,胡家村志,迁入 Migration In,,户数 number of households,,,1948,2008,19
0034,胡家村志,迁入 Migration In,,知识青年 Educated Youth,,,1948,2008,52
0034,胡家村志,迁出 Migration Out,,户数 number of households,,,1948,2008,210
0042,新桥村志,迁入 Migration In,,知识青年 Educated Youth,,,1957,1977,86
0042,新桥村志,农转非 Agricultural to Non-Agricultural Hukou / Change of Residency Status,,,人数 number of people,,1965,2006,1747
0042,新桥村志,迁出 Migration Out,,知识青年 Educated Youth,,,1972,1981,77
0048,小瓦窑村志,自然增长率 Natural Population Growth Rate (‰),,,,,1950,1960,35
0052,郭家沟村志,流动人口/暂住人口 Migratory/Temporary Population,,,,,1980,1989,365
0052,郭家沟村志,流动人口/暂住人口 Migratory/Temporary Population,,,,,1990,1999,1100
0052,郭家沟村志,流动人口/暂住人口 Migratory/Temporary Population,,,,,2000,2010,1420
0052,郭家沟村志,迁入 Migration In,,户数 number of households,,,1980,1989,21
0052,郭家沟村志,迁入 Migration In,,人数 number of people,,,1980,1989,57
0056,沐陂村志,人口 Population,总人口 Total Population,,,,1949,1952,300
0056,沐陂村志,人口 Population,总人口 Total Population,,,,1953,1961,422
0056,沐陂村志,流动人口/暂住人口 Migratory/Temporary Population,,,,,2000,2008,4000
0057,尧治河村志,出生人数 Number of Births,,,,,1950,1958,92
0057,尧治河村志,出生人数 Number of Births,,,,,1962,1971,131
0057,尧治河村志,出生人数 Number of Births,,,,,1980,1990,122
0057,尧治河村志,人口 Population,总人口 Total Population,,,,1949,1952,384
0064,三路居村志,自然增长率 Natural Population Growth Rate (‰),,,,,1950,1969,35
0064,三路居村志,流动人口/暂住人口 Migratory/Temporary Population,,,,,1949,2008,6000
0065,仙台村村志,户数 Number of Households,,,,,1949,1952,300
0065,仙台村村志,人口 Population,总人口 Total Population,,,,1949,1952,1200
0066,四马台村志,农转非 Agricultural to Non-Agricultural Hukou / Change of Residency Status,,,人数 number of people,,1955,1975,140
0067,西洞头村志,自然出生率 Birth Rate (‰),,,,,2001,2005,8.5
0072,浦联村志,农转非 Agricultural to Non-Agricultural Hukou / Change of Residency Status,,,人数 number of people,,1960,1969,2000
0083,柏沟村志,出生人数 Number of Births,,,,,1975,1994,205
0086,石䧱村志,迁出 Migration Out,,户数 number of households,,,1978,1998,74
0086,石䧱村志,迁出 Migration Out,,人数 number of people,,,1978,1998,223
0087,坦头村志,迁入 Migration In,,户数 number of households,,,1949,2000,1
0087,坦头村志,迁入 Migration In,,人数 number of people,,,1949,2000,10
0088,传字营村志,迁出 Migration Out,,户数 number of households,,,1970,1978,62
0088,传字营村志,迁出 Migration Out,,知识青年 Educated Youth,,,1973,1980,119
0088,传字营村志,农转非 Agricultural to Non-Agricultural Hukou / Change of Residency Status,,,人数 number of people,,1980,1982,325
0088,传字营村志,迁出 Migration Out,,人数 number of people,,,1970,1978,243
0089,新立村志,户数 Number of Households,,,,,1949,1952,300
0091,福保村志,迁入 Migration In,,知识青年 Educated Youth,,,1970,1973,4
0092,上南村志,出生人数 Number of Births,,,,,2006,2010,103
0092,上南村志,自然出生率 Birth Rate (‰),,,,,2006,2010,10.6
0092,上南村志,迁出 Migration Out,,人数 number of people,,,1953,1998,2000
0096,大蒋庄村志,迁入 Migration In,,人数 number of people,,,1949,1993,78
0096,大蒋庄村志,迁入 Migration In,,户数 number of households,,,1949,1993,21
0097,插旗山村志,迁入 Migration In,,知识青年 Educated Youth,,,1969,1972,21
0118,百子畈村志,户数 Number of Households,,,,,1949,1952,289
0118,百子畈村志,人口 Population,总人口 Total Population,,,,1949,1952,952
0118,百子畈村志,迁入 Migration In,,户数 number of households,,,1957,1997,42
0118,百子畈村志,迁入 Migration In,,人数 number of people,,,1957,1997,151
0118,百子畈村志,迁入 Migration In,,知识青年 Educated Youth,,,1949,2015,25
0118,百子畈村志,农转非 Agricultural to Non-Agricultural Hukou / Change of Residency Status,,,人数 number of people,,1949,2015,2085
0127,浪营村志,迁出 Migration Out,,户数 number of households,,,1990,1999,22
0127,浪营村志,迁出 Migration Out,,人数 number of people,,,1990,1999,130
0130,起台堡村志,迁出 Migration Out,,人数 number of people,,,1949,2009,103
0132,毕家上流村志,农转非 Agricultural to Non-Agricultural Hukou / Change of Residency Status,,,人数 number of people,,1967,1969,160
0133,天穆村志,自然增长率 Natural Population Growth Rate (‰),,,,,1977,1979,14.84
0134,梁堡村志,自然出生率 Birth Rate (‰),,,,,1962,1973,41.89
0134,梁堡村志,自然出生率 Birth Rate (‰),,,,,1989,1990,29.51
0134,梁堡村志,自然出生率 Birth Rate (‰),,,,,1991,2000,14.12
0134,梁堡村志,自然出生率 Birth Rate (‰),,,,,2001,2010,12.07
0134,梁堡村志,自然出生率 Birth Rate (‰),,,,,2011,2016,4.26
0134,梁堡村志,迁出 Migration Out,,户数 number of households,,,1990,1999,27
0134,梁堡村志,迁出 Migration Out,,人数 number of people,,,1990,1999,113
0134,梁堡村志,自然出生率 Birth Rate (‰),,,,,1974,1981,27.85
0135,苏波盖村志,迁入 Migration In,,知识青年 Educated Youth,,,1970,1979,186
0135,苏波盖村志,迁入 Migration In,,知识青年 Educated Youth,,,1964,1977,84
0136,丹村志,自然出生率 Birth Rate (‰),,,,,1980,1989,22
0139,魁胆村志(送审稿),出生人数 Number of Births,,,,,1963,1965,20
0139,魁胆村志(送审稿),出生人数 Number of Births,,,,,2000,2010,8
0139,魁胆村志(送审稿),出生人数 Number of Births,,,,,1959,1961,8
0139,魁胆村志(送审稿),死亡人数 Number of Deaths,,,,,1959,1961,30
0142,纳家户村志,自然出生率 Birth Rate (‰),,,,,1950,1958,40
0142,纳家户村志,自然出生率 Birth Rate (‰),,,,,1987,1996,17.95
0142,纳家户村志,自然增长率 Natural Population Growth Rate (‰),,,,,1950,1958,26
0142,纳家户村志,自然增长率 Natural Population Growth Rate (‰),,,,,1984,1995,12.93
0142,纳家户村志,迁入 Migration In,,人数 number of people,,,1987,2009,619
0142,纳家户村志,迁出 Migration Out,,人数 number of people,,,1987,2009,612
0145,宝狮村志,流动人口/暂住人口 Migratory/Temporary Population,,,,,2009,2010,529
0145,宝狮村志,迁入 Migration In,,知识青年 Educated Youth,,,1969,1976,64
0148,西厂圪洞村志,流动人口/暂住人口 Migratory/Temporary Population,,,,,1949,2011,333
0149,严小村村志,出生人数 Number of Births,,,,,1988,1993,96
0149,严小村村志,死亡人数 Number of Deaths,,,,,1988,1993,23
0149,严小村村志,出生人数 Number of Births,,,,,1994,1996,59
0149,严小村村志,死亡人数 Number of Deaths,,,,,1994,1996,12
0149,严小村村志,出生人数 Number of Births,,,,,1997,2001,61
0149,严小村村志,死亡人数 Number of Deaths,,,,,1997,2001,29
0149,严小村村志,迁出 Migration Out,,户数 number of households,,,1957,1959,5
0154,马路村志,迁出 Migration Out,,户数 number of households,,,1968,2011,518
0154,马路村志,迁出 Migration Out,,人数 number of people,,,1968,2011,1862
0156,百花村志,迁入 Migration In,,户数 number of households,,,1989,1992,52
0156,百花村志,迁入 Migration In,,人数 number of people,,,1989,1992,126
0156,百花村志,农转非 Agricultural to Non-Agricultural Hukou / Change of Residency Status,,,人数 number of people,,1982,2010,1821
0156,百花村志,农转非 Agricultural to Non-Agricultural Hukou / Change of Residency Status,,,户数 number of households,,1982,2010,556
0158,茅草村志,出生人数 Number of Births,,,,,2000,2007,281
0158,茅草村志,死亡人数 Number of Deaths,,,,,2000,2007,163
0158,茅草村志,自然增长率 Natural Population Growth Rate (‰),,,,,1950,1978,15.8
0158,茅草村志,残疾人数 Disabled Population,,,,智力残疾 Intellectual Disabilities,1997,1999,3
0158,茅草村志,残疾人数 Disabled Population,,,,精神残疾 Mental Disabilities,1997,1999,1
0158,茅草村志,残疾人数 Disabled Population,,,,听力语言残疾 Hearing and Speech Disabilities,1997,1999,2
0160,逯家寨志,迁出 Migration Out,,户数 number of households,,,1957,1962,12
0160,逯家寨志,迁出 Migration Out,,户数 number of households,,,1955,1960,5
0162,丁达村志,迁出 Migration Out,,人数 number of people,,,1949,2008,300
0163,莲麻坑村志,户数 Number of Households,,,,,1960,1969,300
0163,莲麻坑村志,人口 Population,总人口 Total Population,,,,1960,1969,1800
0168,杨树林子村志,人口 Population,总人口 Total Population,,,,2000,2010,1200
0168,杨树林子村志,人口 Population,总人口 Total Population,,,,1949,1952,1100
0168,杨树林子村志,人口 Population,男性人口 Male Population,,,,1949,1952,600
0168,杨树林子村志,人口 Population,女性人口 Female Population,,,,1949,1952,500
0169,永庆村志,迁出 Migration Out,,知识青年 Educated Youth,,,1968,1973,89
0171,青林寺村志,迁出 Migration Out,,人数 number of people,,,1996,2002,1028
0171,青林寺村志,迁出 Migration Out,,人数 number of people,,,2003,2006,202
0172,定平村志,迁入 Migration In,,知识青年 Educated Youth,,,1969,1977,70
0173,果山村志,流动人口/暂住人口 Migratory/Temporary Population,,,,,1980,2008,300
0176,汪家塬村志,自然出生率 Birth Rate (‰),,,,,1960,1980,64.8
0176,汪家塬村志,自然出生率 Birth Rate (‰),,,,,1981,2014,13.45
0176,汪家塬村志,死亡率 Death Rate (‰),,,,,1981,2014,3.11
0176,汪家塬村志,自然增长率 Natural Population Growth Rate (‰),,,,,1981,2014,14.13
0176,汪家塬村志,迁入 Migration In,,人数 number of people,,,1950,1959,15
0176,汪家塬村志,迁出 Migration Out,,人数 number of people,,,1950,1959,36
0176,汪家塬村志,迁入 Migration In,,人数 number of people,,,1960,1969,21
0176,汪家塬村志,迁入 Migration In,,户数 number of households,,,1960,1969,5
0176,汪家塬村志,迁入 Migration In,,人数 number of people,,,1970,1979,37
0176,汪家塬村志,迁入 Migration In,,户数 number of households,,,1970,1979,6
0176,汪家塬村志,迁出 Migration Out,,人数 number of people,,,1980,1989,36
0176,汪家塬村志,农转非 Agricultural to Non-Agricultural Hukou / Change of Residency Status,,,人数 number of people,,1980,1989,36
0180,红城村志,迁入 Migration In,,知识青年 Educated Youth,,,1969,1970,11
0181,弼唐村志,人口 Population,总人口 Total Population,,,,1990,1992,1815
0184,横西村志,迁入 Migration In,,知识青年 Educated Youth,,,1970,1979,149
0189,苑口村志,出生人数 Number of Births,,,,,1996,2005,91
0189,苑口村志,死亡人数 Number of Deaths,,,,,1996,2005,78
0189,苑口村志,迁入 Migration In,,知识青年 Educated Youth,,,1969,1970,80
0191,塘尾村志,迁入 Migration In,,知识青年 Educated Youth,,,1968,1976,24
0201,永联村志,出生人数 Number of Births,,,,,1985,1994,136
0201,永联村志,死亡人数 Number of Deaths,,,,,1985,1994,41
0201,永联村志,死亡率 Death Rate (‰),,,,,1985,1994,4.85
0201,永联村志,自然出生率 Birth Rate (‰),,,,,1985,1994,15.91
0201,永联村志,自然增长率 Natural Population Growth Rate (‰),,,,,1985,1994,11.06
0201,永联村志,迁入 Migration In,,户数 number of households,,,1995,2008,3498
0201,永联村志,户数 Number of Households,,,,,1949,1973,192
0201,永联村志,迁入 Migration In,,人数 number of people,,,1995,2008,8882
0201,永联村志,迁入 Migration In,,人数 number of people,,,1949,1973,766
0205,黄土村志,自然出生率 Birth Rate (‰),,,,,1949,1972,26
0205,黄土村志,自然增长率 Natural Population Growth Rate (‰),,,,,1949,1972,12
0205,黄土村志,迁入 Migration In,,人数 number of people,,,1992,1994,51
0213,群安村志,迁入 Migration In,,知识青年 Educated Youth,,,1976,1981,28
0218,九星村志,死亡率 Death Rate (‰),,,,,1949,1952,6.5
0218,九星村志,死亡率 Death Rate (‰),,,,,1978,1979,3.8
0218,九星村志,死亡率 Death Rate (‰),,,,,2006,2008,2.4
0218,九星村志,迁入 Migration In,,知识青年 Educated Youth,,,1968,1977,79
0218,九星村志,农转非 Agricultural to Non-Agricultural Hukou / Change of Residency Status,,,人数 number of people,,1958,1985,80
0218,九星村志,农转非 Agricultural to Non-Agricultural Hukou / Change of Residency Status,,,人数 number of people,,1985,2010,2363
0220,董棕河村志,自然增长率 Natural Population Growth Rate (‰),,,,,1987,1988,15
0222,唐家岭村志,户数 Number of Households,,,,,1949,1952,300
0222,唐家岭村志,人口 Population,总人口 Total Population,,,,1949,1952,1000
0222,唐家岭村志,流动人口/暂住人口 Migratory/Temporary Population,,,,,1992,1995,1000
0222,唐家岭村志,迁入 Migration In,,知识青年 Educated Youth,,,1973,1977,400
0223,水闸口村志,自然出生率 Birth Rate (%),,,,,1963,1965,2.2
0223,水闸口村志,自然增长率 Natural Population Growth Rate (%),,,,,1966,1976,12.5
0227,后辛庄村志,迁出 Migration Out,,知识青年 Educated Youth,,,1969,1977,76
0230,果园村志,流动人口/暂住人口 Migratory/Temporary Population,,,,,1985,1995,200
0230,果园村志,流动人口/暂住人口 Migratory/Temporary Population,,,,,1998,2010,3291
0230,果园村志,迁入 Migration In,,知识青年 Educated Youth,,,1968,1975,56
0230,果园村志,农转非 Agricultural to Non-Agricultural Hukou / Change of Residency Status,,,人数 number of people,,1950,2012,200
0231,众安村志,流动人口/暂住人口 Migratory/Temporary Population,,,,,2007,2015,503
0231,众安村志,迁入 Migration In,,知识青年 Educated Youth,,,1968,1975,44
0231,众安村志,农转非 Agricultural to Non-Agricultural Hukou / Change of Residency Status,,,人数 number of people,,1970,1972,10
0232,马连道村志,人口 Population,总人口 Total Population,,,,1950,1960,1500
0233,棠东村志,自然出生率 Birth Rate (%),,,,,1995,2004,13.34
0236,榆林村志,出生人数 Number of Births,,,,,1949,1958,309
0236,榆林村志,出生人数 Number of Births,,,,,1959,1968,406
0236,榆林村志,出生人数 Number of Births,,,,,1969,1978,380
0236,榆林村志,出生人数 Number of Births,,,,,1979,1988,484
0236,榆林村志,出生人数 Number of Births,,,,,1989,1998,292
0236,榆林村志,出生人数 Number of Births,,,,,1999,2008,144
0236,榆林村志,出生人数 Number of Births,,,,,2009,2012,99
0236,榆林村志,迁入 Migration In,,知识青年 Educated Youth,,,1966,1976,50
0238,界龙村志,迁入 Migration In,,知识青年 Educated Youth,,,1968,1977,85
0238,界龙村志,农转非 Agricultural to Non-Agricultural Hukou / Change of Residency Status,,,人数 number of people,,1950,2010,445
0238,界龙村志,农转非 Agricultural to Non-Agricultural Hukou / Change of Residency Status,,,人数 number of people,,1992,2004,358
0246,卫通村志,迁入 Migration In,,知识青年 Educated Youth,,,1968,1977,26
0249,北桥村志,流动人口/暂住人口 Migratory/Temporary Population,,,,,2000,2004,6153
0249,北桥村志,迁入 Migration In,,知识青年 Educated Youth,,,1968,1977,76
0250,慧农村志,迁入 Migration In,,知识青年 Educated Youth,,,1968,1977,97
0254,亭东村志,迁出 Migration Out,,知识青年 Educated Youth,,,1971,1980,71
0255,民主村志,迁入 Migration In,,知识青年 Educated Youth,,,1966,1968,96
0255,民主村志,迁入 Migration In,,知识青年 Educated Youth,,,1968,1977,96
0257,华一村志,迁入 Migration In,,知识青年 Educated Youth,,,1968,1977,88
0260,钱桥村志,迁入 Migration In,,知识青年 Educated Youth,,,1966,1978,26
0262,新维村志,迁入 Migration In,,知识青年 Educated Youth,,,1965,1979,20
0263,东张口村志,自然增长率 Natural Population Growth Rate (‰),,,,,1975,1977,12.1
0263,东张口村志,自然增长率 Natural Population Growth Rate (‰),,,,,1980,1990,8.7
0263,东张口村志,自然增长率 Natural Population Growth Rate (‰),,,,,1990,1994,8
0276,大潘家村志,流动人口/暂住人口 Migratory/Temporary Population,,,,,1980,1990,200
0278,国际村志,迁入 Migration In,,知识青年 Educated Youth,,,1964,1978,92
0278,国际村志,农转非 Agricultural to Non-Agricultural Hukou / Change of Residency Status,,,人数 number of people,,2000,2003,1571
0278,国际村志,农转非 Agricultural to Non-Agricultural Hukou / Change of Residency Status,,,户数 number of households,,2000,2003,511
0278,国际村志,农转非 Agricultural to Non-Agricultural Hukou / Change of Residency Status,,,人数 number of people,,2000,2009,2172
0281,碑登村志,自然增长率 Natural Population Growth Rate (‰),,,,,1960,1990,5.7
0281,碑登村志,自然增长率 Natural Population Growth Rate (‰),,,,,1965,1980,13.2
0281,碑登村志,自然增长率 Natural Population Growth Rate (‰),,,,,1990,2000,-5.7
0281,碑登村志,迁入 Migration In,,知识青年 Educated Youth,,,1971,1975,138
0282,何麻车村志,自然出生率 Birth Rate (‰),,,,,1950,1953,30
0282,何麻车村志,自然增长率 Natural Population Growth Rate (‰),,,,,1959,1961,7.77
0282,何麻车村志,自然出生率 Birth Rate (‰),,,,,1985,1997,10
0282,何麻车村志,自然增长率 Natural Population Growth Rate (‰),,,,,1985,1997,7
0291,官曲村志,自然出生率 Birth Rate (‰),,,,,1976,1990,15
0294,北沙坡村志,自然增长率 Natural Population Growth Rate (‰),,,,,1974,1985,4.9
0303,陈屯村志,户数 Number of Households,,,,,1949,1952,128
0303,陈屯村志,人口 Population,总人口 Total Population,,,,1949,1952,832
0303,陈屯村志,人口 Population,总人口 Total Population,,,,1985,1986,9168
0309,开弦弓村志,残疾人数 Disabled Population,,,,听力语言残疾 Hearing and Speech Disabilities,2001,2010,5
0309,开弦弓村志,残疾人数 Disabled Population,,,,肢体残疾 Amputation and/or Paralysis,2001,2010,23
0309,开弦弓村志,残疾人数 Disabled Population,,,,精神残疾 Mental Disabilities,2001,2010,1
0309,开弦弓村志,残疾人数 Disabled Population,,,,智力残疾 Intellectual Disabilities,2001,2010,9
0309,开弦弓村志,残疾人数 Disabled Population,,,,残疾人总数 Total Disabled Population,2001,2010,82
0314,凌塘村志,迁出 Migration Out,,人数 number of people,,,1977,2002,99
0318,柳林屯村志,迁出 Migration Out,,人数 number of people,,,1953,1958,300
0318,柳林屯村志,迁出 Migration Out,,人数 number of people,,,1949,1993,1030
0322,后楼村志,迁入 Migration In,,知识青年 Educated Youth,,,1966,1976,50
0322,后楼村志,迁出 Migration Out,,人数 number of people,,,1949,2014,3000
0322,后楼村志,迁出 Migration Out,,知识青年 Educated Youth,,,1976,1979,50
0326,江桃村志,迁入 Migration In,,知识青年 Educated Youth,,,1967,1970,32
0334,灵岩村志,出生人数 Number of Births,,,,,2004,2008,123
0334,灵岩村志,自然出生率 Birth Rate (‰),,,,,2004,2008,5.3
0337,李巷村志,户数 Number of Households,,,,,1947,1952,745
0347,北甸西村志,残疾人数 Disabled Population,,,,残疾人总数 Total Disabled Population,2006,2009,51
0351,雷家崄村志,迁入 Migration In,,知识青年 Educated Youth,,,1969,1970,12
0352,合兴村志,迁入 Migration In,,知识青年 Educated Youth,,,1961,1975,73
0353,西街志,出生人数 Number of Births,,,,,1960,1976,841
0353,西街志,死亡人数 Number of Deaths,,,,,1960,1976,188
0353,西街志,出生人数 Number of Births,,,,,1977,1996,860
0353,西街志,死亡人数 Number of Deaths,,,,,1977,1996,205
0353,西街志,自然增长率 Natural Population Growth Rate (‰),,,,,1977,1996,15.87
0357,义东沟村志,迁入 Migration In,,知识青年 Educated Youth,,,1968,1978,20
0364,官井头村志,迁出 Migration Out,,知识青年 Educated Youth,,,1976,1980,50
0368,油甘埔村志,迁入 Migration In,,知识青年 Educated Youth,,,1966,1976,100
0369,尚介村志,迁入 Migration In,,知识青年 Educated Youth,,,1968,1971,108
0378,马店村志,迁入 Migration In,,知识青年 Educated Youth,,,1969,1978,70
0391,卢家巷村志,流动人口/暂住人口 Migratory/Temporary Population,,,,,1978,2013,2132
0391,卢家巷村志,迁入 Migration In,,人数 number of people,,,1978,2013,26
0391,卢家巷村志,迁入 Migration In,,户数 number of households,,,1978,2013,8
0391,卢家巷村志,迁入 Migration In,,知识青年 Educated Youth,,,1968,1971,75
0393,北皋村志,流动人口/暂住人口 Migratory/Temporary Population,,,,,1990,2005,11000
0411,施厚村志,户数 Number of Households,,,,,1969,1981,1008
0416,潘山村志,迁入 Migration In,,知识青年 Educated Youth,,,1968,1978,23
0422,看丹村志,迁入 Migration In,,知识青年 Educated Youth,,,1968,1973,110
0423,奶东村志,户数 Number of Households,,,,,1949,1952,112
0423,奶东村志,人口 Population,总人口 Total Population,,,,1949,1952,858
0425,夏雷村志,迁入 Migration In,,知识青年 Educated Youth,,,1968,1978,47
0428,兴隆村志,迁入 Migration In,,知识青年 Educated Youth,,,1968,1974,21
0430,石桥鲁道村志,户数 Number of Households,,,,,1949,1952,90
0430,石桥鲁道村志,人口 Population,总人口 Total Population,,,,1949,1952,400
0434,下栅村志,户数 Number of Households,,,,,1949,1953,305
0434,下栅村志,户数 Number of Households,,,,,1954,1958,323
0434,下栅村志,户数 Number of Households,,,,,1959,1963,375
0434,下栅村志,户数 Number of Households,,,,,1964,1968,402
0434,下栅村志,户数 Number of Households,,,,,1969,1973,461
0434,下栅村志,户数 Number of Households,,,,,1974,1978,474
0434,下栅村志,户数 Number of Households,,,,,1979,1983,463
0434,下栅村志,户数 Number of Households,,,,,1984,1988,456
0434,下栅村志,户数 Number of Households,,,,,1989,1993,501
0434,下栅村志,户数 Number of Households,,,,,1994,2005,559
0434,下栅村志,人口 Population,总人口 Total Population,,,,1949,1953,1188
0434,下栅村志,人口 Population,总人口 Total Population,,,,1954,1958,1212
0434,下栅村志,人口 Population,总人口 Total Population,,,,1959,1963,1286
0434,下栅村志,人口 Population,总人口 Total Population,,,,1964,1968,1517
0434,下栅村志,人口 Population,总人口 Total Population,,,,1969,1973,1680
0434,下栅村志,人口 Population,总人口 Total Population,,,,1974,1978,1862
0434,下栅村志,人口 Population,总人口 Total Population,,,,1979,1983,1845
0434,下栅村志,人口 Population,总人口 Total Population,,,,1984,1988,1931
0434,下栅村志,人口 Population,总人口 Total Population,,,,1989,1993,2061
0434,下栅村志,人口 Population,总人口 Total Population,,,,1994,2005,2248
0434,下栅村志,人口 Population,男性人口 Male Population,,,,1949,1953,654
0434,下栅村志,人口 Population,男性人口 Male Population,,,,1954,1958,667
0434,下栅村志,人口 Population,男性人口 Male Population,,,,1959,1963,644
0434,下栅村志,人口 Population,男性人口 Male Population,,,,1964,1968,774
0434,下栅村志,人口 Population,男性人口 Male Population,,,,1969,1973,856
0434,下栅村志,人口 Population,男性人口 Male Population,,,,1974,1978,939
0434,下栅村志,人口 Population,男性人口 Male Population,,,,1979,1983,927
0434,下栅村志,人口 Population,男性人口 Male Population,,,,1984,1988,971
0434,下栅村志,人口 Population,男性人口 Male Population,,,,1989,1993,1065
0434,下栅村志,人口 Population,男性人口 Male Population,,,,1994,2005,1152
0434,下栅村志,人口 Population,女性人口 Female Population,,,,1949,1953,534
0434,下栅村志,人口 Population,女性人口 Female Population,,,,1954,1958,545
0434,下栅村志,人口 Population,女性人口 Female Population,,,,1959,1963,642
0434,下栅村志,人口 Population,女性人口 Female Population,,,,1964,1968,743
0434,下栅村志,人口 Population,女性人口 Female Population,,,,1969,1973,824
0434,下栅村志,人口 Population,女性人口 Female Population,,,,1974,1978,923
0434,下栅村志,人口 Population,女性人口 Female Population,,,,1979,1983,918
0434,下栅村志,人口 Population,女性人口 Female Population,,,,1984,1988,960
0434,下栅村志,人口 Population,女性人口 Female Population,,,,1989,1993,998
0434,下栅村志,人口 Population,女性人口 Female Population,,,,1994,2005,1096
0434,下栅村志,出生人数 Number of Births,,,,,1949,1953,177
0434,下栅村志,出生人数 Number of Births,,,,,1954,1958,242
0434,下栅村志,出生人数 Number of Births,,,,,1959,1963,207
0434,下栅村志,出生人数 Number of Births,,,,,1964,1968,256
0434,下栅村志,出生人数 Number of Births,,,,,1969,1973,251
0434,下栅村志,出生人数 Number of Births,,,,,1974,1978,203
0434,下栅村志,出生人数 Number of Births,,,,,1979,1983,142
0434,下栅村志,出生人数 Number of Births,,,,,1984,1988,162
0434,下栅村志,出生人数 Number of Births,,,,,1989,1993,145
0434,下栅村志,出生人数 Number of Births,,,,,1994,1998,169
0434,下栅村志,出生人数 Number of Births,,,,,1999,2005,227
0434,下栅村志,死亡人数 Number of Deaths,,,,,1949,1953,85
0434,下栅村志,死亡人数 Number of Deaths,,,,,1954,1958,76
0434,下栅村志,死亡人数 Number of Deaths,,,,,1959,1963,82
0434,下栅村志,死亡人数 Number of Deaths,,,,,1964,1968,66
0434,下栅村志,死亡人数 Number of Deaths,,,,,1969,1973,54
0434,下栅村志,死亡人数 Number of Deaths,,,,,1974,1978,51
0434,下栅村志,死亡人数 Number of Deaths,,,,,1979,1983,60
0434,下栅村志,死亡人数 Number of Deaths,,,,,1984,1988,62
0434,下栅村志,死亡人数 Number of Deaths,,,,,1989,1993,54
0434,下栅村志,死亡人数 Number of Deaths,,,,,1994,1998,68
0434,下栅村志,死亡人数 Number of Deaths,,,,,1999,2005,86
0434,下栅村志,迁入 Migration In,,知识青年 Educated Youth,,,1968,1973,30
0434,下栅村志,迁出 Migration Out,,人数 number of people,,,1954,1958,15
0434,下栅村志,迁出 Migration Out,,人数 number of people,,,1964,1968,9
0434,下栅村志,迁出 Migration Out,,人数 number of people,,,1969,1973,11
0434,下栅村志,迁出 Migration Out,,人数 number of people,,,1974,1978,14
0434,下栅村志,迁出 Migration Out,,人数 number of people,,,1979,1983,8
0434,下栅村志,迁出 Migration Out,,人数 number of people,,,1984,1988,12
0434,下栅村志,迁出 Migration Out,,人数 number of people,,,1989,1993,21
0434,下栅村志,迁出 Migration Out,,人数 number of people,,,1994,1998,15
0434,下栅村志,迁出 Migration Out,,人数 number of people,,,1999,2005,9
0437,五坝村志,迁入 Migration In,,知识青年 Educated Youth,,,1973,1975,95
0437,五坝村志,迁出 Migration Out,,人数 number of people,,,1950,2000,50
0437,五坝村志,迁出 Migration Out,,户数 number of households,,,1950,2000,23
0440,新房村志,户数 Number of Households,,,,,1949,1952,120
0440,新房村志,户数 Number of Households,,,,,1970,1979,170
0440,新房村志,户数 Number of Households,,,,,1980,1989,510
0440,新房村志,户数 Number of Households,,,,,1990,1999,740
0440,新房村志,人口 Population,总人口 Total Population,,,,1949,1952,900
0440,新房村志,人口 Population,总人口 Total Population,,,,1970,1979,1450
0440,新房村志,人口 Population,总人口 Total Population,,,,1980,1989,2200
0440,新房村志,人口 Population,总人口 Total Population,,,,1990,1999,2780
0442,西沟村志,迁入 Migration In,,知识青年 Educated Youth,,,1964,1979,58
0451,万丰村志,流动人口/暂住人口 Migratory/Temporary Population,,,,,1996,1999,35000
0457,太各庄村志,迁入 Migration In,,知识青年 Educated Youth,,,1968,1969,7
0457,太各庄村志,迁出 Migration Out,,人数 number of people,,,2000,2009,46
0457,太各庄村志,迁入 Migration In,,人数 number of people,,,2000,2009,44
0457,太各庄村志,出生人数 Number of Births,,,,,2000,2009,63
0457,太各庄村志,死亡人数 Number of Deaths,,,,,2000,2009,56
0459,孙家小庄村志,自然增长率 Natural Population Growth Rate (‰),,,,,1998,2006,4.3
0459,孙家小庄村志,农转非 Agricultural to Non-Agricultural Hukou / Change of Residency Status,,,人数 number of people,,1949,1969,122
0459,孙家小庄村志,农转非 Agricultural to Non-Agricultural Hukou / Change of Residency Status,,,人数 number of people,,1970,1979,89
0459,孙家小庄村志,农转非 Agricultural to Non-Agricultural Hukou / Change of Residency Status,,,人数 number of people,,1980,1989,76
0459,孙家小庄村志,农转非 Agricultural to Non-Agricultural Hukou / Change of Residency Status,,,人数 number of people,,1990,1999,326
0459,孙家小庄村志,农转非 Agricultural to Non-Agricultural Hukou / Change of Residency Status,,,人数 number of people,,2000,2006,92
0460,大营村志,迁入 Migration In,,知识青年 Educated Youth,,,1969,1978,41
0463,小溪村志,迁入 Migration In,,知识青年 Educated Youth,,,1968,1976,80
0470,友爱村志,农转非 Agricultural to Non-Agricultural Hukou / Change of Residency Status,,,人数 number of people,,1976,1994,1109
0474,徐马村志,迁出 Migration Out,,人数 number of people,,,1967,2000,844
0474,徐马村志,迁出 Migration Out,,户数 number of households,,,1967,2000,165
0476,园中村志,迁入 Migration In,,知识青年 Educated Youth,,,1963,1970,25
0478,羊家冲村志,户数 Number of Households,,,,,1950,1959,264
0478,羊家冲村志,户数 Number of Households,,,,,1960,1969,219
0478,羊家冲村志,户数 Number of Households,,,,,1970,1979,336
0478,羊家冲村志,户数 Number of Households,,,,,1980,1989,384
0478,羊家冲村志,户数 Number of Households,,,,,1990,1999,423
0478,羊家冲村志,人口 Population,男性人口 Male Population,,,,1990,1999,800
0478,羊家冲村志,人口 Population,男性人口 Male Population,,,,1980,1989,757
0478,羊家冲村志,人口 Population,男性人口 Male Population,,,,1970,1979,734
0478,羊家冲村志,人口 Population,男性人口 Male Population,,,,1960,1969,597
0478,羊家冲村志,人口 Population,男性人口 Male Population,,,,1950,1959,519
0478,羊家冲村志,人口 Population,女性人口 Female Population,,,,1950,1959,502
0478,羊家冲村志,人口 Population,女性人口 Female Population,,,,1960,1969,523
0478,羊家冲村志,人口 Population,女性人口 Female Population,,,,1970,1979,643
0478,羊家冲村志,人口 Population,女性人口 Female Population,,,,1980,1989,677
0478,羊家冲村志,人口 Population,女性人口 Female Population,,,,1990,1999,713
0478,羊家冲村志,人口 Population,总人口 Total Population,,,,1990,1999,1513
0478,羊家冲村志,人口 Population,总人口 Total Population,,,,1980,1989,1434
0478,羊家冲村志,人口 Population,总人口 Total Population,,,,1970,1979,1377
0478,羊家冲村志,人口 Population,总人口 Total Population,,,,1960,1969,1120
0478,羊家冲村志,人口 Population,总人口 Total Population,,,,1950,1959,1021
0478,羊家冲村志,出生人数 Number of Births,,,,,1950,1959,269
0478,羊家冲村志,出生人数 Number of Births,,,,,1960,1969,276
0478,羊家冲村志,出生人数 Number of Births,,,,,1970,1979,346
0478,羊家冲村志,出生人数 Number of Births,,,,,1980,1989,254
0478,羊家冲村志,出生人数 Number of Births,,,,,1990,1999,282
0478,羊家冲村志,死亡人数 Number of Deaths,,,,,1990,1999,120
0478,羊家冲村志,死亡人数 Number of Deaths,,,,,1980,1989,102
0478,羊家冲村志,死亡人数 Number of Deaths,,,,,1970,1979,74
0478,羊家冲村志,死亡人数 Number of Deaths,,,,,1960,1969,102
0478,羊家冲村志,死亡人数 Number of Deaths,,,,,1950,1959,95
0478,羊家冲村志,迁入 Migration In,,人数 number of people,,,1950,1959,66
0478,羊家冲村志,迁入 Migration In,,人数 number of people,,,1960,1969,79
0478,羊家冲村志,迁入 Migration In,,人数 number of people,,,1970,1979,110
0478,羊家冲村志,迁入 Migration In,,人数 number of people,,,1980,1989,133
0478,羊家冲村志,迁入 Migration In,,人数 number of people,,,1990,1999,172
0478,羊家冲村志,迁出 Migration Out,,人数 number of people,,,1990,1999,213
0478,羊家冲村志,迁出 Migration Out,,人数 number of people,,,1980,1989,182
0478,羊家冲村志,迁出 Migration Out,,人数 number of people,,,1970,1979,156
0478,羊家冲村志,迁出 Migration Out,,人数 number of people,,,1960,1969,137
0478,羊家冲村志,迁出 Migration Out,,人数 number of people,,,1950,1959,140
0482,新建村志,流动人口/暂住人口 Migratory/Temporary Population,,,,,1992,1999,729
0487,堡上村志,自然增长率 Natural Population Growth Rate (‰),,,,,1980,1984,10
0487,堡上村志,自然增长率 Natural Population Growth Rate (‰),,,,,1993,1995,0
0492,油坊村志,迁入 Migration In,,知识青年 Educated Youth,,,1968,1977,117
0492,油坊村志,自然增长率 Natural Population Growth Rate (‰),,,,,1960,1990,5.7
0492,油坊村志,自然增长率 Natural Population Growth Rate (‰),,,,,1965,1980,13.2
0497,新中村志,自然增长率 Natural Population Growth Rate (‰),,,,,1980,2009,5
0499,走马塘村志,迁入 Migration In,,知识青年 Educated Youth,,,1965,1979,20
0511,西解甲庄村志,出生人数 Number of Births,,,,,1963,1972,373
0511,西解甲庄村志,自然出生率 Birth Rate (‰),,,,,1963,1972,29.3
0511,西解甲庄村志,自然增长率 Natural Population Growth Rate (‰),,,,,1963,1972,19
0511,西解甲庄村志,迁入 Migration In,,人数 number of people,,,1963,1983,428
0511,西解甲庄村志,迁入 Migration In,,人数 number of people,,,1993,2007,173
0511,西解甲庄村志,迁出 Migration Out,,人数 number of people,,,1963,1983,563
0511,西解甲庄村志,迁出 Migration Out,,人数 number of people,,,1993,2007,375
0520,盐厂新村志,迁入 Migration In,,知识青年 Educated Youth,,,1968,1974,68
0520,盐厂新村志,迁入 Migration In,,知识青年 Educated Youth,,,1974,1976,51
0530,上棒村志,自然出生率 Birth Rate (‰),,,,,2009,2015,11.6
0530,上棒村志,自然增长率 Natural Population Growth Rate (‰),,,,,1961,1962,2
0530,上棒村志,自然增长率 Natural Population Growth Rate (‰),,,,,2009,2015,8.21
0531,草陂村志,迁出 Migration Out,,人数 number of people,,,1949,2017,1481
0531,草陂村志,迁出 Migration Out,,户数 number of households,,,1949,2017,330
0538,魁胆村志,出生人数 Number of Births,,,,,1959,1961,8
0538,魁胆村志,死亡人数 Number of Deaths,,,,,1959,1961,30
0548,城畈村志,农转非 Agricultural to Non-Agricultural Hukou / Change of Residency Status,,,人数 number of people,,1984,1996,200
0551,双湖村志,户数 Number of Households,,,,,1949,1952,270
0551,双湖村志,人口 Population,总人口 Total Population,,,,1949,1952,1000
0551,双湖村志,自然增长率 Natural Population Growth Rate (‰),,,,,1992,1997,7.46
0551,双湖村志,迁入 Migration In,,户数 number of households,,,1960,1969,2
0551,双湖村志,迁入 Migration In,,知识青年 Educated Youth,,,1967,1976,11
0561,代州营村志,迁入 Migration In,,知识青年 Educated Youth,,,1966,1976,64
0563,中桥村志,迁入 Migration In,,知识青年 Educated Youth,,,1968,1978,31
0564,菜园头村志,自然增长率 Natural Population Growth Rate (%),,,,,1961,1977,2.17
0564,菜园头村志,自然增长率 Natural Population Growth Rate (%),,,,,1978,2000,1.98
0564,菜园头村志,自然增长率 Natural Population Growth Rate (%),,,,,2001,2015,2.1
0566,马郡村志,自然出生率 Birth Rate (‰),,,,,1963,1972,43
0569,方村志,出生人数 Number of Births,,,,,1950,1959,218
0569,方村志,出生人数 Number of Births,,,,,1958,1960,38
0569,方村志,出生人数 Number of Births,,,,,1962,1964,119
0570,拱市村志,人口 Population,总人口 Total Population,,,,1949,1952,700
0571,护城村志,出生人数 Number of Births,,,,,1960,1963,41
0571,护城村志,死亡人数 Number of Deaths,,,,,1960,1963,60
0589,锁口村志,自然出生率 Birth Rate (%),,,,,1950,1957,30
0598,四合村志,人口 Population,总人口 Total Population,,,,1959,1961,607
0598,四合村志,人口 Population,总人口 Total Population,,,,1966,1976,989
0605,八角村志,农转非 Agricultural to Non-Agricultural Hukou / Change of Residency Status,,,人数 number of people,,2007,2008,1223
0608,大王村志,迁入 Migration In,,人数 number of people,,,1966,1969,23
0608,大王村志,迁入 Migration In,,户数 number of households,,,1966,1969,5
0608,大王村志,迁入 Migration In,,户数 number of households,,,1966,1976,7
0608,大王村志,迁入 Migration In,,知识青年 Educated Youth,,,1964,1979,710
0609,长浜村志,迁入 Migration In,,知识青年 Educated Youth,,,1968,1997,86
0611,沉香村志,迁入 Migration In,,知识青年 Educated Youth,,,1968,1975,100
0611,沉香村志,农转非 Agricultural to Non-Agricultural Hukou / Change of Residency Status,,,人数 number of people,,2005,2015,3000
0611,沉香村志,农转非 Agricultural to Non-Agricultural Hukou / Change of Residency Status,,,户数 number of households,,2005,2015,1400
0612,东华村志,迁入 Migration In,,知识青年 Educated Youth,,,1967,1968,30
0613,大星村志,迁入 Migration In,,知识青年 Educated Youth,,,1967,1969,15
0614,成日村志,迁入 Migration In,,知识青年 Educated Youth,,,1967,1969,24
0618,崔堡村志,迁入 Migration In,,知识青年 Educated Youth,,,1969,1978,30
0619,仓场村志,迁入 Migration In,,户数 number of households,,,1961,1963,88
0619,仓场村志,迁入 Migration In,,知识青年 Educated Youth,,,1968,1972,53
0622,下岗村志,自然增长率 Natural Population Growth Rate (%),,,,,1953,1958,30
0625,邓一村志,户数 Number of Households,,,,,1949,1952,254
0625,邓一村志,人口 Population,男性人口 Male Population,,,,1949,1952,469
0625,邓一村志,人口 Population,女性人口 Female Population,,,,1949,1952,553
0625,邓一村志,人口 Population,总人口 Total Population,,,,1949,1952,1022
0625,邓一村志,迁入 Migration In,,知识青年 Educated Youth,,,1969,1976,12
0625,邓一村志,迁出 Migration Out,,人数 number of people,,,1996,2005,920
0625,邓一村志,迁出 Migration Out,,户数 number of households,,,1996,2005,342
0629,磅石村志,户数 Number of Households,,,,,1949,1952,46
0629,磅石村志,人口 Population,总人口 Total Population,,,,1949,1952,256
0633,陈胡村志,迁出 Migration Out,,知识青年 Educated Youth,,,1967,1969,10
0633,陈胡村志,迁入 Migration In,,知识青年 Educated Youth,,,1967,1969,21
0641,保卫村志,出生人数 Number of Births,,,,,1990,2010,228
0641,保卫村志,死亡人数 Number of Deaths,,,,,1990,2010,299
0641,保卫村志,迁入 Migration In,,人数 number of people,,,1960,1962,4
0641,保卫村志,迁入 Migration In,,知识青年 Educated Youth,,,1968,1976,62
0641,保卫村志,迁出 Migration Out,,人数 number of people,,,2005,2010,249
0641,保卫村志,迁出 Migration Out,,户数 number of households,,,2005,2010,83
0643,北金召村志,自然出生率 Birth Rate (‰),,,,,1950,1957,32
0643,北金召村志,自然出生率 Birth Rate (‰),,,,,1959,1961,15
0643,北金召村志,自然出生率 Birth Rate (‰),,,,,1962,1970,39
0643,北金召村志,死亡率 Death Rate (‰),,,,,1950,1957,8
0643,北金召村志,死亡率 Death Rate (‰),,,,,1959,1961,25
0643,北金召村志,死亡率 Death Rate (‰),,,,,1962,1970,10
0643,北金召村志,自然增长率 Natural Population Growth Rate (‰),,,,,1950,1957,24
0643,北金召村志,自然增长率 Natural Population Growth Rate (‰),,,,,1959,1961,-11
0643,北金召村志,自然增长率 Natural Population Growth Rate (‰),,,,,1962,1970,29
0644,度城村志,迁入 Migration In,,知识青年 Educated Youth,,,1964,1968,46
0653,高镇村志,出生人数 Number of Births,,,,,2005,2014,356
0653,高镇村志,死亡人数 Number of Deaths,,,,,2005,2014,109
0653,高镇村志,迁入 Migration In,,人数 number of people,,,2005,2014,177
0653,高镇村志,迁入 Migration In,,知识青年 Educated Youth,,,1969,1977,7
0653,高镇村志,迁出 Migration Out,,人数 number of people,,,2005,2014,36
0658,义路村志,迁入 Migration In,,知识青年 Educated Youth,,,1973,1977,159
0660,羊甫村志,迁入 Migration In,,知识青年 Educated Youth,,,1974,1975,76
0660,羊甫村志,迁入 Migration In,,知识青年 Educated Youth,,,1973,1975,96
0663,边院村志,迁入 Migration In,,人数 number of people,,,1986,1996,9
0663,边院村志,迁入 Migration In,,户数 number of households,,,1986,1996,2
0663,边院村志,农转非 Agricultural to Non-Agricultural Hukou / Change of Residency Status,,,人数 number of people,,1980,1996,196
0663,边院村志,农转非 Agricultural to Non-Agricultural Hukou / Change of Residency Status,,,户数 number of households,,1980,1996,130
0666,可建村志,迁入 Migration In,,知识青年 Educated Youth,,,1969,1971,186
0668,八仙庄村志,户数 Number of Households,,,,,1950,1959,300
0668,八仙庄村志,户数 Number of Households,,,,,1949,1952,280
0668,八仙庄村志,人口 Population,总人口 Total Population,,,,1949,1952,700
0668,八仙庄村志,人口 Population,总人口 Total Population,,,,1950,1959,1000
0671,顾家村志,人口 Population,总人口 Total Population,,,,1950,1959,1400
0671,顾家村志,人口 Population,总人口 Total Population,,,,1967,1969,2000
0671,顾家村志,自然出生率 Birth Rate (‰),,,,,1967,1969,33
0671,顾家村志,自然增长率 Natural Population Growth Rate (‰),,,,,1966,1969,20
0675,大京村志,户数 Number of Households,,,,,1960,1969,1186
0675,大京村志,户数 Number of Households,,,,,1970,1979,1250
0675,大京村志,人口 Population,总人口 Total Population,,,,1960,1969,5930
0675,大京村志,人口 Population,总人口 Total Population,,,,1970,1979,6100
0681,白盆窑村志,迁入 Migration In,,知识青年 Educated Youth,,,1966,1976,100
0683,杜家堡村志,流动人口/暂住人口 Migratory/Temporary Population,,,,,1950,1959,5
0683,杜家堡村志,流动人口/暂住人口 Migratory/Temporary Population,,,,,1990,2010,200
0684,杜山村志,迁入 Migration In,,知识青年 Educated Youth,,,1968,1976,120
0689,北冯村志,迁入 Migration In,,知识青年 Educated Youth,,,1966,1976,30
0695,东石村志,迁入 Migration In,,知识青年 Educated Youth,,,1970,1976,40
0699,罗口村志,自然增长率 Natural Population Growth Rate (‰),,,,,1964,1977,20
0699,罗口村志,自然增长率 Natural Population Growth Rate (‰),,,,,1982,2015,8
0707,古方村志,迁入 Migration In,,知识青年 Educated Youth,,,1967,1979,39
0709,工农村志,迁入 Migration In,,知识青年 Educated Youth,,,1968,1980,61
0710,国庆村志,迁入 Migration In,,知识青年 Educated Youth,,,1968,1976,5
0712,北庄村志,流动人口/暂住人口 Migratory/Temporary Population,,,,,1988,2010,333
0713,东二旗村志,迁入 Migration In,,知识青年 Educated Youth,,,1966,1976,100
0720,段家寨村志,迁入 Migration In,,知识青年 Educated Youth,,,1969,1976,69
0720,段家寨村志,迁入 Migration In,,知识青年 Educated Youth,,,1971,1975,49
0720,段家寨村志,迁入 Migration In,,知识青年 Educated Youth,,,1976,1980,12
0722,安仁村志,迁入 Migration In,,知识青年 Educated Youth,,,1968,1978,50
0725,长岭村志,迁出 Migration Out,,人数 number of people,,,1980,2008,178
0727,大王岭村志,自然出生率 Birth Rate (‰),,,,,1977,1979,20.32
0727,大王岭村志,死亡率 Death Rate (‰),,,,,1977,1979,6.97
0727,大王岭村志,自然增长率 Natural Population Growth Rate (‰),,,,,1977,1979,14.02
0730,五龙村志,迁入 Migration In,,知识青年 Educated Youth,,,1968,1980,84
0733,森林村志,迁入 Migration In,,知识青年 Educated Youth,,,1968,1975,21
0736,北邵洼村志,残疾人数 Disabled Population,,,,残疾人总数 Total Disabled Population,2008,2011,12
0736,北邵洼村志,户数 Number of Households,,,,,1960,1963,80
0736,北邵洼村志,人口 Population,总人口 Total Population,,,,1960,1963,400
0736,北邵洼村志,户数 Number of Households,,,,,1970,1986,124
0739,红星村志,迁出 Migration Out,,知识青年 Educated Youth,,,1963,1968,82
0742,文义村志,人口 Population,总人口 Total Population,,,,1949,1952,539
0745,韩圩村志,出生人数 Number of Births,,,,,1949,1953,242
0745,韩圩村志,出生人数 Number of Births,,,,,1954,1960,440
0745,韩圩村志,出生人数 Number of Births,,,,,1961,1982,240
0745,韩圩村志,出生人数 Number of Births,,,,,1983,1990,265
0745,韩圩村志,出生人数 Number of Births,,,,,1991,2000,166
0745,韩圩村志,出生人数 Number of Births,,,,,2001,2015,341
0745,韩圩村志,自然出生率 Birth Rate (‰),,,,,1949,1953,25
0745,韩圩村志,自然出生率 Birth Rate (‰),,,,,1954,1960,25.1
0745,韩圩村志,自然出生率 Birth Rate (‰),,,,,1961,1982,14.6
0745,韩圩村志,自然出生率 Birth Rate (‰),,,,,1983,1990,13.3
0745,韩圩村志,自然出生率 Birth Rate (‰),,,,,1991,2000,7.8
0745,韩圩村志,自然出生率 Birth Rate (‰),,,,,2001,2015,10.6
0745,韩圩村志,死亡人数 Number of Deaths,,,,,1949,1953,13
0745,韩圩村志,死亡人数 Number of Deaths,,,,,1954,1960,17
0745,韩圩村志,死亡人数 Number of Deaths,,,,,1961,1982,16
0745,韩圩村志,死亡人数 Number of Deaths,,,,,1983,1990,19
0745,韩圩村志,死亡人数 Number of Deaths,,,,,1991,2000,20
0745,韩圩村志,死亡人数 Number of Deaths,,,,,2001,2015,28
0745,韩圩村志,死亡率 Death Rate (‰),,,,,1949,1953,1.3
0745,韩圩村志,死亡率 Death Rate (‰),,,,,1954,1960,1.9
0745,韩圩村志,死亡率 Death Rate (‰),,,,,1961,1982,0.9
0745,韩圩村志,死亡率 Death Rate (‰),,,,,1983,1990,0.95
0745,韩圩村志,死亡率 Death Rate (‰),,,,,1991,2000,0.94
0745,韩圩村志,死亡率 Death Rate (‰),,,,,2001,2015,1.1
0745,韩圩村志,自然增长率 Natural Population Growth Rate (‰),,,,,1949,1953,23.6
0745,韩圩村志,自然增长率 Natural Population Growth Rate (‰),,,,,1954,1960,24.1
0745,韩圩村志,自然增长率 Natural Population Growth Rate (‰),,,,,1961,1982,13.7
0745,韩圩村志,自然增长率 Natural Population Growth Rate (‰),,,,,1983,1990,12.3
0745,韩圩村志,自然增长率 Natural Population Growth Rate (‰),,,,,1991,2000,6.8
0745,韩圩村志,自然增长率 Natural Population Growth Rate (‰),,,,,2001,2015,9.3
0745,韩圩村志,迁入 Migration In,,人数 number of people,,,1949,1953,55
0745,韩圩村志,迁入 Migration In,,人数 number of people,,,1954,1960,371
0745,韩圩村志,迁入 Migration In,,人数 number of people,,,1961,1982,48
0745,韩圩村志,迁入 Migration In,,人数 number of people,,,1983,1990,96
0745,韩圩村志,迁入 Migration In,,人数 number of people,,,2001,2015,11
0745,韩圩村志,迁出 Migration Out,,人数 number of people,,,1949,1953,2
0745,韩圩村志,迁出 Migration Out,,人数 number of people,,,1954,1960,8
0745,韩圩村志,迁出 Migration Out,,人数 number of people,,,1961,1982,343
0745,韩圩村志,迁出 Migration Out,,人数 number of people,,,1983,1990,342
0745,韩圩村志,迁出 Migration Out,,人数 number of people,,,1991,2000,15
0745,韩圩村志,迁出 Migration Out,,人数 number of people,,,2001,2015,17
0756,姜城村志,出生人数 Number of Births,,,,,1949,1994,3800
0756,姜城村志,死亡人数 Number of Deaths,,,,,1949,1994,593
0763,新卫村志,流动人口/暂住人口 Migratory/Temporary Population,,,,,1990,2010,1000
0763,新卫村志,迁入 Migration In,,知识青年 Educated Youth,,,1968,1977,37
0765,贺北村志,迁入 Migration In,,知识青年 Educated Youth,,,1969,1970,51
0769,桑园村志,迁入 Migration In,,户数 number of households,,,1950,2010,15
0769,桑园村志,迁入 Migration In,,知识青年 Educated Youth,,,1966,1976,63
0769,桑园村志,迁出 Migration Out,,户数 number of households,,,1950,2010,9
0769,桑园村志,出生人数 Number of Births,,,,,1950,1959,437
0769,桑园村志,出生人数 Number of Births,,,,,1960,1969,373
0769,桑园村志,出生人数 Number of Births,,,,,1970,1979,298
0769,桑园村志,出生人数 Number of Births,,,,,1980,1989,238
0769,桑园村志,出生人数 Number of Births,,,,,1990,1999,128
0769,桑园村志,出生人数 Number of Births,,,,,2000,2009,139
0769,桑园村志,死亡人数 Number of Deaths,,,,,1950,1959,58
0769,桑园村志,死亡人数 Number of Deaths,,,,,1960,1969,85
0769,桑园村志,死亡人数 Number of Deaths,,,,,1970,1979,126
0769,桑园村志,死亡人数 Number of Deaths,,,,,1980,1989,144
0769,桑园村志,死亡人数 Number of Deaths,,,,,1990,1999,180
0769,桑园村志,死亡人数 Number of Deaths,,,,,2000,2009,293
0769,桑园村志,自然增长率 Natural Population Growth Rate (‰),,,,,1950,1959,24.44
0769,桑园村志,自然增长率 Natural Population Growth Rate (‰),,,,,1960,1969,15.22
0769,桑园村志,自然增长率 Natural Population Growth Rate (‰),,,,,1970,1979,7.43
0769,桑园村志,自然增长率 Natural Population Growth Rate (‰),,,,,1980,1989,4.14
0769,桑园村志,自然增长率 Natural Population Growth Rate (‰),,,,,1990,1999,-2.26
0769,桑园村志,自然增长率 Natural Population Growth Rate (‰),,,,,2000,2009,-5.98
0784,车陂村志,流动人口/暂住人口 Migratory/Temporary Population,,,,,1979,1985,2000
0784,车陂村志,流动人口/暂住人口 Migratory/Temporary Population,,,,,1986,1995,10000
0784,车陂村志,农转非 Agricultural to Non-Agricultural Hukou / Change of Residency Status,,,人数 number of people,,1990,2000,3000
0787,路口村志,人口 Population,总人口 Total Population,,,,1958,1960,1200
0787,路口村志,人口 Population,总人口 Total Population,,,,1966,1976,1450
0787,路口村志,人口 Population,总人口 Total Population,,,,1978,1991,1630
0790,新盛村志,自然增长率 Natural Population Growth Rate (‰),,,,,1950,1965,3
0790,新盛村志,自然增长率 Natural Population Growth Rate (‰),,,,,1965,1982,8.33
0790,新盛村志,自然出生率 Birth Rate (‰),,,,,1982,1999,1.04
0790,新盛村志,流动人口/暂住人口 Migratory/Temporary Population,,,,,1980,1983,100
0790,新盛村志,流动人口/暂住人口 Migratory/Temporary Population,,,,,1987,1989,400
0790,新盛村志,流动人口/暂住人口 Migratory/Temporary Population,,,,,1994,1996,800
0790,新盛村志,流动人口/暂住人口 Migratory/Temporary Population,,,,,1997,1999,1200
0790,新盛村志,迁入 Migration In,,知识青年 Educated Youth,,,1968,1981,46
0790,新盛村志,农转非 Agricultural to Non-Agricultural Hukou / Change of Residency Status,,,户数 number of households,,2001,2002,687
0790,新盛村志,农转非 Agricultural to Non-Agricultural Hukou / Change of Residency Status,,,人数 number of people,,2001,2002,1644
0790,新盛村志,农转非 Agricultural to Non-Agricultural Hukou / Change of Residency Status,,,人数 number of people,,2000,2003,2120
0790,新盛村志,农转非 Agricultural to Non-Agricultural Hukou / Change of Residency Status,,,户数 number of households,,2000,2003,934
0792,北固碾村志,迁入 Migration In,,知识青年 Educated Youth,,,1969,1975,170
0793,曹各庄村志,迁入 Migration In,,知识青年 Educated Youth,,,1972,1976,200
0794,北马房村志,流动人口/暂住人口 Migratory/Temporary Population,,,,,2002,2003,2000
0794,北马房村志,流动人口/暂住人口 Migratory/Temporary Population,,,,,2004,2005,3000
0794,北马房村志,流动人口/暂住人口 Migratory/Temporary Population,,,,,2006,2008,5000
0795,西小营村志,迁入 Migration In,,知识青年 Educated Youth,,,1971,1976,60
0798,旧飞鹅村村志,户数 Number of Households,,,,,1947,1952,87
0798,旧飞鹅村村志,人口 Population,总人口 Total Population,,,,1947,1952,480
0804,北岭头村志,出生人数 Number of Births,,,,,1950,1959,250
0804,北岭头村志,出生人数 Number of Births,,,,,1960,1969,280
0804,北岭头村志,出生人数 Number of Births,,,,,1970,1979,250
0804,北岭头村志,出生人数 Number of Births,,,,,1980,1989,130
0804,北岭头村志,出生人数 Number of Births,,,,,1990,1999,110
0804,北岭头村志,出生人数 Number of Births,,,,,2000,2009,50
0809,沙坪寺村志,迁入 Migration In,,知识青年 Educated Youth,,,1970,1975,20
0814,鳌头村志,迁入 Migration In,,知识青年 Educated Youth,,,1975,1977,18
0820,白洋村志,迁入 Migration In,,知识青年 Educated Youth,,,1968,1976,57
0827,营前村志,迁入 Migration In,,知识青年 Educated Youth,,,1968,1973,22
0829,鸡翅岭村志,迁入 Migration In,,知识青年 Educated Youth,,,1968,1975,19
0834,张桥村志,迁入 Migration In,,知识青年 Educated Youth,,,1968,1977,112
0853,坂田村志,迁入 Migration In,,知识青年 Educated Youth,,,1969,1977,4
0857,下邽志村志,户数 Number of Households,,,,,1950,1959,70
0857,下邽志村志,户数 Number of Households,,,,,1960,1969,200
0857,下邽志村志,户数 Number of Households,,,,,1970,1979,210
0857,下邽志村志,户数 Number of Households,,,,,1980,1989,240
0857,下邽志村志,户数 Number of Households,,,,,1990,1999,300
0857,下邽志村志,人口 Population,总人口 Total Population,,,,1950,1959,300
0857,下邽志村志,人口 Population,总人口 Total Population,,,,1960,1969,800
0857,下邽志村志,人口 Population,总人口 Total Population,,,,1970,1979,900
0857,下邽志村志,人口 Population,总人口 Total Population,,,,1980,1989,1000
0857,下邽志村志,人口 Population,总人口 Total Population,,,,1990,1999,1200
0875,海口里仁村志,迁入 Migration In,,知识青年 Educated Youth,,,1974,1979,107
0879,恬庄村志,出生人数 Number of Births,,,,,1992,2004,365
0879,恬庄村志,自然增长率 Natural Population Growth Rate (‰),,,,,1992,2004,-1.83
0886,大峡谷村志,迁入 Migration In,,知识青年 Educated Youth,,,1969,1977,29
0887,胡家坟村志,迁入 Migration In,,知识青年 Educated Youth,,,1966,1976,44
0887,胡家坟村志,迁出 Migration Out,,知识青年 Educated Youth,,,1966,1976,16
0889,杓袁村志,死亡率 Death Rate (%),,,,,1949,1958,12
0889,杓袁村志,死亡率 Death Rate (%),,,,,1959,1968,11
0889,杓袁村志,死亡率 Death Rate (%),,,,,2004,2015,2.5
0889,杓袁村志,流动人口/暂住人口 Migratory/Temporary Population,,,,,2011,2014,50000
0889,杓袁村志,迁入 Migration In,,知识青年 Educated Youth,,,1966,1976,7
0890,西河村志,出生人数 Number of Births,,,,,1988,2010,334
0890,西河村志,死亡人数 Number of Deaths,,,,,1988,2010,181
0890,西河村志,迁入 Migration In,,人数 number of people,,,1985,2010,420
0890,西河村志,迁出 Migration Out,,人数 number of people,,,1985,2010,362
0893,东桃村志,迁入 Migration In,,知识青年 Educated Youth,,,1969,1976,89
0900,欧桥村志,出生人数 Number of Births,,,,,2004,2015,487
0900,欧桥村志,死亡人数 Number of Deaths,,,,,2004,2015,476
0900,欧桥村志,自然出生率 Birth Rate (‰),,,,,2004,2015,7.12
0900,欧桥村志,死亡率 Death Rate (‰),,,,,2004,2015,6.85
0900,欧桥村志,迁入 Migration In,,人数 number of people,,,2010,2015,405
0900,欧桥村志,迁出 Migration Out,,人数 number of people,,,2010,2015,116
0906,龙泉村志,迁入 Migration In,,知识青年 Educated Youth,,,1966,1980,63
0908,黄岭村志,农转非 Agricultural to Non-Agricultural Hukou / Change of Residency Status,,,人数 number of people,,1990,1993,50
0908,黄岭村志,农转非 Agricultural to Non-Agricultural Hukou / Change of Residency Status,,,人数 number of people,,1984,1989,200
0909,西水磨村志,迁出 Migration Out,,人数 number of people,,,1959,1960,8
0909,西水磨村志,迁出 Migration Out,,户数 number of households,,,1949,2008,24
0914,吴兴村志,迁入 Migration In,,知识青年 Educated Youth,,,1973,1976,64
0919,劳动村志,迁入 Migration In,,知识青年 Educated Youth,,,1968,1977,66
0920,和平村志,迁入 Migration In,,知识青年 Educated Youth,,,1968,1978,100
0920,和平村志,迁出 Migration Out,,人数 number of people,,,1989,2010,428
0922,建农村志,迁入 Migration In,,知识青年 Educated Youth,,,1966,1977,59
0922,建农村志,农转非 Agricultural to Non-Agricultural Hukou / Change of Residency Status,,,人数 number of people,,1949,1969,21
0922,建农村志,农转非 Agricultural to Non-Agricultural Hukou / Change of Residency Status,,,人数 number of people,,1970,1999,17
0926,东六合村志,户数 Number of Households,,,,,1960,1969,67
0926,东六合村志,人口 Population,总人口 Total Population,,,,1960,1969,200
0926,东六合村志,迁出 Migration Out,,户数 number of households,,,1955,1958,52
0926,东六合村志,迁出 Migration Out,,人数 number of people,,,1955,1958,200
0927,光明村志,迁入 Migration In,,知识青年 Educated Youth,,,1968,1977,44
0930,兴朱村志,出生人数 Number of Births,,,,,1958,1961,6
0930,兴朱村志,死亡人数 Number of Deaths,,,,,1958,1961,70
0931,小许庄村志,户数 Number of Households,,,,,1949,1952,168
0931,小许庄村志,人口 Population,总人口 Total Population,,,,1949,1952,800
0932,邢庄村志,出生人数 Number of Births,,,,,1949,1980,118
0932,邢庄村志,出生人数 Number of Births,,,,,1980,2014,90
0934,微水村志,迁入 Migration In,,知识青年 Educated Youth,,,1968,1978,36
0934,微水村志,农转非 Agricultural to Non-Agricultural Hukou / Change of Residency Status,,,户数 number of households,,1951,1958,11
0934,微水村志,迁出 Migration Out,,人数 number of people,,,1951,1958,37
0936,蒋庄村志,迁入 Migration In,,知识青年 Educated Youth,,,1968,1975,87
0939,邢寨村志,迁出 Migration Out,,人数 number of people,,,1949,1995,298
0939,邢寨村志,迁入 Migration In,,人数 number of people,,,1949,1995,36
0939,邢寨村志,迁入 Migration In,,知识青年 Educated Youth,,,1968,1976,57
0941,金红村志,迁入 Migration In,,人数 number of people,,,1961,1962,80
0941,金红村志,迁入 Migration In,,知识青年 Educated Youth,,,1968,1977,66
0945,大北村志,迁入 Migration In,,户数 number of households,,,1990,2012,38
0945,大北村志,迁入 Migration In,,人数 number of people,,,1990,2012,105
0945,大北村志,迁出 Migration Out,,户数 number of households,,,1990,2012,80
0946,金建村志,迁入 Migration In,,知识青年 Educated Youth,,,1968,1977,52
0949,西王村志,户数 Number of Households,,,,,1949,1952,130
0949,西王村志,人口 Population,总人口 Total Population,,,,1949,1952,370
0953,后郭村志,迁入 Migration In,,知识青年 Educated Youth,,,1966,1976,18
0955,和平村志,迁入 Migration In,,知识青年 Educated Youth,,,1962,1978,310
0957,城东村志,死亡人数 Number of Deaths,,,,,1955,1964,179
0957,城东村志,死亡人数 Number of Deaths,,,,,1975,1985,89
0957,城东村志,死亡人数 Number of Deaths,,,,,1986,1995,90
0965,崔楼村志,迁入 Migration In,,人数 number of people,,,1971,1972,1013
0969,南窑头村,迁入 Migration In,,知识青年 Educated Youth,,,1975,1978,74
0974,箭泾村志,迁入 Migration In,,知识青年 Educated Youth,,,1966,1976,58
0982,车厂村志,户数 Number of Households,,,,,1949,1952,170
0982,车厂村志,人口 Population,总人口 Total Population,,,,1949,1952,500
0982,车厂村志,迁入 Migration In,,知识青年 Educated Youth,,,1966,1976,21
0987,华新村志,自然出生率 Birth Rate (‰),,,,,2001,2007,12
0992,故城村志,迁入 Migration In,,知识青年 Educated Youth,,,1969,1975,16
0994,廖家林村志,户数 Number of Households,,,,,2000,2002,1361
0994,廖家林村志,户数 Number of Households,,,,,2003,2005,1360
0994,廖家林村志,户数 Number of Households,,,,,2005,2011,1504
0994,廖家林村志,人口 Population,总人口 Total Population,,,,2000,2002,4280
0994,廖家林村志,人口 Population,总人口 Total Population,,,,2003,2005,4278
0994,廖家林村志,人口 Population,总人口 Total Population,,,,2005,2011,4458
0994,廖家林村志,迁入 Migration In,,知识青年 Educated Youth,,,1975,1976,89
1008,古贤村志,迁出 Migration Out,,户数 number of households,,,1958,1959,31
1011,葛家岭村志,迁入 Migration In,,知识青年 Educated Youth,,,1970,1977,189
1012,旺山村志,迁入 Migration In,,知识青年 Educated Youth,,,1968,1969,80
1015,康庄村志,户数 Number of Households,,,,,1949,1953,115
1015,康庄村志,户数 Number of Households,,,,,1953,1963,135
1015,康庄村志,户数 Number of Households,,,,,1963,1973,207
1015,康庄村志,户数 Number of Households,,,,,1973,1983,286
1015,康庄村志,户数 Number of Households,,,,,1983,1993,307
1015,康庄村志,户数 Number of Households,,,,,1993,2003,486
1015,康庄村志,户数 Number of Households,,,,,2003,2010,510
1015,康庄村志,户数 Number of Households,,,,,2010,2016,610
1015,康庄村志,人口 Population,总人口 Total Population,,,,1949,1953,760
1015,康庄村志,人口 Population,总人口 Total Population,,,,1953,1963,982
1015,康庄村志,人口 Population,总人口 Total Population,,,,1963,1973,1121
1015,康庄村志,人口 Population,总人口 Total Population,,,,1973,1983,1320
1015,康庄村志,人口 Population,总人口 Total Population,,,,1983,1993,1587
1015,康庄村志,人口 Population,总人口 Total Population,,,,1993,2003,2196
1015,康庄村志,人口 Population,总人口 Total Population,,,,2003,2010,2718
1015,康庄村志,人口 Population,总人口 Total Population,,,,2010,2016,3080
1018,继志村志,出生人数 Number of Births,,,,,1954,1957,120
1020,大伯集村志,出生人数 Number of Births,,,,,1958,1961,85
1020,大伯集村志,出生人数 Number of Births,,,,,1962,1972,324
1020,大伯集村志,死亡人数 Number of Deaths,,,,,1962,1972,252
1020,大伯集村志,出生人数 Number of Births,,,,,1978,1985,45
1020,大伯集村志,出生人数 Number of Births,,,,,1985,1991,133
1020,大伯集村志,出生人数 Number of Births,,,,,1992,1996,48
1020,大伯集村志,出生人数 Number of Births,,,,,1997,2007,251
1032,斜桥村志,迁出 Migration Out,,知识青年 Educated Youth,,,1960,1969,17
1036,秀州村志,迁入 Migration In,,知识青年 Educated Youth,,,1968,1977,45
1037,塔密村志,迁入 Migration In,,知识青年 Educated Youth,,,1976,1978,79
1039,耿庄村志,迁入 Migration In,,知识青年 Educated Youth,,,1970,1979,26
1041,东辛店村志,迁入 Migration In,,知识青年 Educated Youth,,,1971,1978,100
1042,北冶村志,自然增长率 Natural Population Growth Rate (%),,,,,1949,1964,33
1043,东窑村志,户数 Number of Households,,,,,1949,1952,148
1043,东窑村志,人口 Population,总人口 Total Population,,,,1949,1952,594
1043,东窑村志,迁入 Migration In,,知识青年 Educated Youth,,,1969,1979,36
1044,南栅村志,迁入 Migration In,,知识青年 Educated Youth,,,1965,1972,101
1046,牡丹村志,迁入 Migration In,,知识青年 Educated Youth,,,1968,1977,137
1049,南塘村志,迁入 Migration In,,知识青年 Educated Youth,,,1966,1977,76
1050,大中富乐村村志,迁入 Migration In,,知识青年 Educated Youth,,,1968,1976,150
1053,东营村志,户数 Number of Households,,,,,1949,1952,70
1053,东营村志,人口 Population,总人口 Total Population,,,,1949,1952,400
1054,彭庙村志,迁入 Migration In,,人数 number of people,,,1959,1961,12
1054,彭庙村志,农转非 Agricultural to Non-Agricultural Hukou / Change of Residency Status,,,人数 number of people,,1950,2014,22
1054,彭庙村志,农转非 Agricultural to Non-Agricultural Hukou / Change of Residency Status,,,人数 number of people,,1970,1973,43
1055,祝桥村志,迁入 Migration In,,知识青年 Educated Youth,,,1968,1977,31
1056,龙跃村志,迁入 Migration In,,户数 number of households,,,1960,1979,5
1056,龙跃村志,迁入 Migration In,,人数 number of people,,,1960,1979,17
1056,龙跃村志,迁入 Migration In,,人数 number of people,,,1980,1989,82
1056,龙跃村志,迁入 Migration In,,知识青年 Educated Youth,,,1968,1977,156
1056,龙跃村志,迁入 Migration In,,人数 number of people,,,1988,2010,695
1056,龙跃村志,迁出 Migration Out,,人数 number of people,,,1984,2010,308
1058,东阜村村志,流动人口/暂住人口 Migratory/Temporary Population,,,,,1990,2009,6000
1066,村尾村志,人口 Population,总人口 Total Population,,,,1949,1952,700
1068,东柴家营村志,迁出 Migration Out,,户数 number of households,,,1985,2006,100
1068,东柴家营村志,迁出 Migration Out,,人数 number of people,,,1985,2006,500
1078,新齐村志,迁入 Migration In,,知识青年 Educated Youth,,,1963,1968,27
1088,雕龙嘴村志,死亡人数 Number of Deaths,,,,,2000,2012,140
1088,雕龙嘴村志,自然增长率 Natural Population Growth Rate (%),,,,,2006,2012,0.53
1096,袁家桥村志,迁入 Migration In,,人数 number of people,,,1984,2016,179
1096,袁家桥村志,迁入 Migration In,,人数 number of people,,,1984,1989,18
1096,袁家桥村志,迁入 Migration In,,人数 number of people,,,1990,1999,63
1096,袁家桥村志,迁入 Migration In,,人数 number of people,,,2000,2015,88
1098,大辛家村志,户数 Number of Households,,,,,1949,1952,456
1098,大辛家村志,人口 Population,总人口 Total Population,,,,1949,1952,2594
1101,大枣园村志,迁出 Migration Out,,人数 number of people,,,1950,1959,30
1101,大枣园村志,迁出 Migration Out,,人数 number of people,,,1976,1986,200
1102,元荡村志,迁入 Migration In,,知识青年 Educated Youth,,,1964,1976,77
1104,杨湘泾村志,迁入 Migration In,,知识青年 Educated Youth,,,1966,1976,84
1106,大寨村志,出生人数 Number of Births,,,,,1949,1959,71
1106,大寨村志,出生人数 Number of Births,,,,,1960,1970,119
1106,大寨村志,出生人数 Number of Births,,,,,1971,1980,39
1106,大寨村志,出生人数 Number of Births,,,,,1981,1989,30
1106,大寨村志,出生人数 Number of Births,,,,,1990,1998,11
1106,大寨村志,自然出生率 Birth Rate (‰),,,,,1949,1959,10.23
1106,大寨村志,自然出生率 Birth Rate (‰),,,,,1960,1970,15.3
1106,大寨村志,自然出生率 Birth Rate (%),,,,,1971,1980,13.1
1106,大寨村志,自然出生率 Birth Rate (‰),,,,,1981,1989,12.75
1106,大寨村志,自然出生率 Birth Rate (‰),,,,,1990,1998,11.63
1106,大寨村志,死亡率 Death Rate (‰),,,,,1949,1959,8.68
1106,大寨村志,死亡率 Death Rate (‰),,,,,1960,1970,11.19
1106,大寨村志,死亡率 Death Rate (‰),,,,,1971,1980,7.23
1106,大寨村志,死亡率 Death Rate (‰),,,,,1981,1989,5.66
1106,大寨村志,死亡率 Death Rate (‰),,,,,1990,1998,6.53
1106,大寨村志,自然增长率 Natural Population Growth Rate (‰),,,,,1949,1959,2.53
1106,大寨村志,自然增长率 Natural Population Growth Rate (‰),,,,,1960,1970,14.11
1106,大寨村志,自然增长率 Natural Population Growth Rate (‰),,,,,1971,1980,5.87
1106,大寨村志,自然增长率 Natural Population Growth Rate (‰),,,,,1981,1989,7.09
1106,大寨村志,自然增长率 Natural Population Growth Rate (‰),,,,,1990,1998,10.11
1119,东小口村志,迁入 Migration In,,知识青年 Educated Youth,,,1974,1976,6
1131,杨家村志,迁入 Migration In,,知识青年 Educated Youth,,,1966,1976,46
1155,官道口村志,自然出生率 Birth Rate (%),,,,,1950,1953,80
1160,大里村志,迁入 Migration In,,知识青年 Educated Youth,,,1964,1978,7
1165,东冠村志,迁入 Migration In,,知识青年 Educated Youth,,,1969,1977,28
1167,六峰村志,迁入 Migration In,,知识青年 Educated Youth,,,1970,1973,6
1167,六峰村志,迁入 Migration In,,知识青年 Educated Youth,,,1969,1976,29
1168,康桥村村志,迁入 Migration In,,知识青年 Educated Youth,,,1969,1976,36
1171,东关村志,出生人数 Number of Births,,,,,1954,1957,99
1171,东关村志,出生人数 Number of Births,,,,,1962,1966,196
1171,东关村志,死亡率 Death Rate (‰),,,,,1972,1979,8
1171,东关村志,死亡率 Death Rate (‰),,,,,1980,1989,6
1171,东关村志,死亡率 Death Rate (‰),,,,,1990,1997,5
1171,东关村志,死亡率 Death Rate (‰),,,,,1998,2002,6
1171,东关村志,死亡率 Death Rate (‰),,,,,2003,2006,6
1172,路西村志,迁入 Migration In,,知识青年 Educated Youth,,,1968,1976,13
1174,励江岸村志,迁入 Migration In,,知识青年 Educated Youth,,,1965,1976,35
1178,东坊北村志,迁入 Migration In,,户数 number of households,,,2000,2014,27
1178,东坊北村志,迁入 Migration In,,人数 number of people,,,2000,2014,81
1179,东鲁村志,人口 Population,男性人口 Male Population,,,,1957,1959,1450
1179,东鲁村志,人口 Population,女性人口 Female Population,,,,1957,1959,1350
1179,东鲁村志,人口 Population,总人口 Total Population,,,,1957,1959,2800
1181,董家下庄村志,迁入 Migration In,,人数 number of people,,,2000,2008,120
1184,宝陵村志,迁入 Migration In,,知识青年 Educated Youth,,,1976,1977,60
1193,杨家村志,迁入 Migration In,,知识青年 Educated Youth,,,1969,1978,18
1195,大山西村志,迁入 Migration In,,知识青年 Educated Youth,,,1969,1976,49
1196,丰台区卢沟桥乡郭庄子村志,迁入 Migration In,,知识青年 Educated Youth,,,1972,1977,128
1198,雷庄村志,迁入 Migration In,,知识青年 Educated Youth,,,1968,1976,200
1200,丰台区卢沟桥乡郑常庄村志,迁入 Migration In,,知识青年 Educated Youth,,,1973,1976,50
