村志代码 Gazetteer Code,村志书名 Gazetteer Title,液化气 Liquefied Gas,管道燃气 Pipeline Gas,天然气 Natural Gas,自来水 Tap Water,供电 Electricity Service,电视机 Television Set,电话机 Telephone,有线广播 Wired-line Broadcasting
0001,太平店村志,n/a,n/a,n/a,n/a,n/a,1969,n/a,1956
0002,叶店村志,n/a,n/a,n/a,n/a,1962,1966,n/a,n/a
0003,马鞭田村志,n/a,n/a,n/a,n/a,1979,n/a,n/a,n/a
0004,万秀村志,n/a,n/a,n/a,n/a,1955,n/a,1955,n/a
0005,光淀村志,n/a,n/a,n/a,1979,1972,n/a,1999,n/a
0006,方等村志,n/a,n/a,n/a,n/a,1966,1972,1957,1965
0007,渔津洼村志,n/a,n/a,n/a,n/a,1961,n/a,n/a,n/a
0008,板板桥村志,n/a,n/a,n/a,n/a,n/a,1987,n/a,1968
0009,仓上村志,n/a,n/a,n/a,1980,n/a,1981,n/a,n/a
0010,草场地村志,n/a,n/a,n/a,n/a,n/a,n/a,n/a,1958
0012,东侯坊村志,n/a,n/a,n/a,1983,n/a,1971,1958,n/a
0013,黄土岗村志,n/a,n/a,n/a,n/a,n/a,1979,n/a,1958
0014,桑耳庄村志,n/a,n/a,n/a,n/a,n/a,1984,1952,1957
0015,三合村志,n/a,n/a,n/a,n/a,n/a,1976,n/a,n/a
0017,单家村村志,n/a,n/a,n/a,1986,n/a,n/a,1956,n/a
0018,生产村志,n/a,n/a,n/a,n/a,1968,n/a,n/a,n/a
0019,树园村志,n/a,n/a,n/a,1981,1965,n/a,n/a,1958
0020,西黄村村志,n/a,n/a,n/a,1989,1957,n/a,1958,n/a
0021,张坊村志,n/a,n/a,n/a,1986,1962,n/a,n/a,n/a
0022,张家圩子村志,n/a,n/a,n/a,2005,1977,1980,n/a,1968
0023,凤池村志,n/a,n/a,n/a,1992,1958,n/a,n/a,n/a
0024,楼村志,n/a,n/a,n/a,1986,1972,n/a,n/a,n/a
0025,马头村志,n/a,n/a,n/a,n/a,1957,1977,n/a,1958
0026,孟莲村志,n/a,n/a,n/a,1995,1963,n/a,n/a,n/a
0027,马岭村志,n/a,n/a,n/a,2004,n/a,n/a,n/a,n/a
0028,莲塘村志,n/a,n/a,n/a,2000,1974,n/a,n/a,n/a
0029,刘国忠村志,n/a,n/a,n/a,2000,1998,1998,n/a,n/a
0031,南凤山村志,n/a,n/a,n/a,1950,1950,1974,n/a,n/a
0032,井亭村志,1991,2002,2005,1987,1959,n/a,1981,1956
0034,胡家村志,n/a,n/a,n/a,n/a,1968,n/a,n/a,n/a
0035,洪塘头村志,n/a,n/a,n/a,2000,n/a,2002,1992,n/a
0036,周家巷村志,n/a,n/a,n/a,2004,1962,n/a,n/a,n/a
0037,联盟村志,n/a,n/a,n/a,1967,1953,n/a,1970,n/a
0038,梁口村志,n/a,n/a,n/a,n/a,1968,n/a,n/a,n/a
0040,金家坪村志,n/a,n/a,n/a,n/a,n/a,2003,n/a,n/a
0041,博潭村志,n/a,n/a,n/a,n/a,1966,1981,n/a,1984
0042,新桥村志,1995,n/a,n/a,1986,1958,n/a,n/a,1956
0043,草厂村志,n/a,n/a,n/a,1971,1959,n/a,n/a,n/a
0044,大吕庄村志,n/a,n/a,n/a,n/a,1970,1981,1986,1956
0045,定安村志,n/a,n/a,n/a,n/a,n/a,1987,n/a,1957
0046,方家村志,n/a,n/a,n/a,1985,n/a,n/a,n/a,n/a
0047,冯桥村志,n/a,n/a,n/a,1985,1963,n/a,n/a,1961
0048,小瓦窑村志,n/a,n/a,n/a,1990,1958,1975,n/a,1958
0049,富强村志,n/a,n/a,n/a,1979,1964,n/a,1957,n/a
0051,潭前王村志,n/a,n/a,n/a,n/a,n/a,n/a,1950,n/a
0052,郭家沟村,n/a,n/a,n/a,1987,1968,n/a,n/a,n/a
0053,牟家村志,n/a,n/a,2006,1988,1967,n/a,n/a,n/a
0054,西官庄村志,n/a,n/a,n/a,n/a,1964,n/a,1960,1959
0055,西园村志,n/a,n/a,n/a,1982,1966,n/a,n/a,n/a
0056,沐陂村志,n/a,n/a,n/a,2004,1958,n/a,n/a,n/a
0057,尧治河村志,n/a,n/a,n/a,2002,1990,1991,1998,1970
0058,袁家沟村志,n/a,n/a,n/a,1985,1960,n/a,1992,n/a
0059,云水村志,n/a,n/a,n/a,2000,1969,1979,2001,n/a
0060,平地村志,n/a,n/a,n/a,n/a,n/a,n/a,n/a,1955
0061,西高庄村志,n/a,n/a,n/a,1958,1988,1994,n/a,n/a
0062,新华村志,n/a,n/a,n/a,n/a,1961,n/a,1984,n/a
0063,盘山村志,n/a,n/a,n/a,1995,1971,1984,1956,1957
0064,三路居村志,n/a,n/a,n/a,n/a,1957,1995,1958,1971
0065,仙台村村志,n/a,n/a,n/a,n/a,1961,1980,1961,1964
0066,四马台村志,n/a,n/a,n/a,1982,1969,n/a,n/a,1958
0067,西洞头村志,n/a,n/a,n/a,1977,1961,n/a,n/a,n/a
0071,前夹山村志,n/a,n/a,n/a,1983,1960,1980,1991,n/a
0072,浦联村志,n/a,n/a,n/a,n/a,1961,1980,1964,1964
0073,三元朱村志,n/a,n/a,n/a,1988,n/a,1978,1987,1958
0074,上东廓村志,n/a,n/a,n/a,1984,1961,1977,1994,1958
0076,沁水营村志,n/a,n/a,n/a,1987,1961,1972,1988,1970
0077,三洋村志,n/a,n/a,n/a,1985,1967,n/a,n/a,1956
0078,三八里村志,n/a,n/a,n/a,1984,n/a,1981,1984,1958
0080,新店村志,n/a,n/a,n/a,1979,n/a,n/a,n/a,n/a
0081,北仪仙村志,n/a,n/a,n/a,1994,1962,1975,1960,1961
0082,北良侯村志,n/a,n/a,n/a,n/a,1972,1985,n/a,n/a
0083,柏沟村志,n/a,n/a,n/a,1987,1974,1983,1958,1958
0084,三力村志,n/a,n/a,n/a,2003,n/a,n/a,n/a,n/a
0086,石䧱村志,n/a,n/a,n/a,n/a,1977,1995,n/a,n/a
0087,坦头村志,n/a,n/a,n/a,1999,1980,1981,1956,n/a
0088,传字营村志,n/a,n/a,n/a,1983,1961,1992,1958,1960
0089,新立村志,n/a,n/a,1987,1975,n/a,n/a,1953,1957
0090,高山村志,n/a,n/a,n/a,2002,1970,1981,n/a,n/a
0091,福保村志,n/a,n/a,n/a,1980,1958,n/a,n/a,n/a
0092,上南村志,n/a,n/a,n/a,2007,1977,n/a,n/a,n/a
0093,霍庄子村志,n/a,n/a,n/a,n/a,n/a,n/a,1958,n/a
0094,长畛村志,n/a,2006,n/a,2005,n/a,n/a,n/a,n/a
0095,大河村志,n/a,n/a,n/a,n/a,n/a,n/a,1958,n/a
0096,大蒋庄村志,n/a,n/a,n/a,1975,1956,n/a,n/a,1965
0097,插旗山村志,n/a,n/a,n/a,2001,1983,1983,1952,1967
0098,福德村志,n/a,n/a,n/a,1982,1965,1978,n/a,n/a
0100,崖堡村志,n/a,n/a,n/a,n/a,1989,n/a,n/a,n/a
0106,柳州·村志 : 柳城卷,n/a,n/a,n/a,n/a,n/a,2006,2006,n/a
0113,东古城村志,n/a,n/a,n/a,2009,1973,1981,n/a,1956
0114,涌泉村志,n/a,n/a,n/a,2006,1977,n/a,n/a,n/a
0115,荷湖村志,n/a,n/a,n/a,1987,1962,1982,1957,1957
0116,青峰村志,n/a,n/a,n/a,n/a,1982,n/a,n/a,n/a
0117,正蓝前二村志,n/a,n/a,n/a,n/a,1970,n/a,n/a,n/a
0118,百子畈村志,n/a,n/a,n/a,1967,1959,n/a,n/a,n/a
0119,三堰埫村志,n/a,n/a,n/a,n/a,n/a,n/a,n/a,1956
0120,小库木尔村志,n/a,n/a,n/a,2000,1983,n/a,n/a,n/a
0121,马村志,n/a,n/a,n/a,n/a,1987,1988,1955,1958
0123,小三家子村志,n/a,n/a,n/a,n/a,1957,n/a,1974,n/a
0124,复兴村志,n/a,n/a,n/a,n/a,1967,1980,1994,n/a
0125,长见村志,n/a,n/a,n/a,n/a,1977,n/a,n/a,1969
0126,文大村志,n/a,n/a,n/a,1985,1988,n/a,n/a,n/a
0127,浪营村志,n/a,n/a,n/a,n/a,1980,n/a,n/a,1956
0128,白沙村志,n/a,n/a,n/a,1981,1968,1987,n/a,1965
0129,高庙村志,n/a,n/a,n/a,n/a,1965,n/a,1952,1956
0131,双庄村村志,n/a,n/a,n/a,n/a,n/a,n/a,n/a,2014
0132,毕家上流村志,n/a,n/a,n/a,1990,1967,n/a,1958,1956
0133,天穆村志,n/a,1986,2006,1950,n/a,n/a,n/a,1958
0134,梁堡村志,n/a,n/a,n/a,n/a,1975,n/a,1996,n/a
0135,苏波盖村志,n/a,n/a,n/a,2003,1966,n/a,n/a,n/a
0136,丹村志,n/a,n/a,n/a,2012,n/a,n/a,n/a,n/a
0138,东颜村志,n/a,n/a,n/a,n/a,1974,1986,1995,n/a
0139,魁胆村志(送审稿),n/a,n/a,n/a,2002,1993,n/a,n/a,n/a
0140,隆里所村志,n/a,n/a,n/a,2004,n/a,n/a,n/a,n/a
0141,大三家村志,n/a,n/a,n/a,1985,1961,1976,2000,1961
0142,纳家户村志,n/a,n/a,n/a,2005,n/a,n/a,n/a,1956
0143,防川村志,n/a,n/a,n/a,1995,n/a,n/a,1965,n/a
0144,上庄村志,n/a,n/a,n/a,1998,1973,1980,1992,1963
0145,宝狮村志,n/a,n/a,n/a,1978,1971,n/a,1992,1970
0146,凤凰庙村志,n/a,n/a,n/a,n/a,1987,n/a,1999,1970
0147,卖花渔村志,n/a,n/a,n/a,1997,n/a,1998,1997,n/a
0148,西厂圪洞村志,n/a,n/a,n/a,2010,1966,n/a,n/a,n/a
0149,严小村村志,n/a,n/a,n/a,1978,1961,n/a,n/a,1970
0150,宝才村志,n/a,n/a,n/a,1997,1975,n/a,n/a,1970
0151,宜安村志,n/a,n/a,n/a,1976,1959,1977,1957,1967
0153,叶坪村志,n/a,n/a,n/a,n/a,1969,1984,1956,1956
0154,马路村志,n/a,n/a,n/a,1976,1971,1976,1958,1964
0156,百花村志,n/a,n/a,n/a,1976,n/a,1981,1958,1956
0157,上桥村志,n/a,n/a,1986,1992,n/a,1992,n/a,1956
0158,茅草村志,n/a,2006,n/a,1998,1963,1980,n/a,1965
0159,北山门口村志,n/a,n/a,n/a,n/a,1957,1976,1958,1956
0160,逯家寨志,n/a,n/a,n/a,1975,1960,n/a,n/a,1965
0161,鸡鸣村志,n/a,n/a,n/a,n/a,1972,n/a,n/a,n/a
0162,丁达村志,n/a,n/a,n/a,n/a,1992,1985,n/a,n/a
0164,八卦营村志,n/a,n/a,n/a,1993,1975,1987,1999,n/a
0165,大畈村志,n/a,n/a,n/a,2000,1965,1986,1968,1968
0166,赤土村志,n/a,n/a,n/a,1970,1959,n/a,n/a,n/a
0167,南店村志,n/a,n/a,n/a,1982,1960,n/a,n/a,n/a
0168,杨树林子村志,n/a,n/a,n/a,2002,n/a,n/a,n/a,n/a
0169,永庆村志,n/a,n/a,n/a,n/a,n/a,n/a,1962,n/a
0170,鲍家寨村志,n/a,n/a,n/a,1998,1959,1977,1956,1959
0171,青林寺村志,n/a,n/a,n/a,n/a,1984,1999,n/a,1978
0172,定平村志,n/a,n/a,n/a,n/a,1974,1982,1959,1957
0173,果山村志,n/a,n/a,n/a,n/a,1980,1985,1950,1959
0174,蔡宅村志,n/a,1992,n/a,n/a,1961,n/a,1955,1956
0176,汪家塬村志,n/a,n/a,n/a,2015,1986,n/a,1960,1965
0177,船房村志,n/a,n/a,n/a,1965,1966,n/a,1961,n/a
0178,双街村志,1983,n/a,2014,n/a,n/a,n/a,n/a,n/a
0179,木民村志,n/a,n/a,n/a,1978,1975,n/a,n/a,1966
0180,红城村志,n/a,n/a,n/a,1959,n/a,1975,1956,1969
0181,弼唐村志,n/a,n/a,n/a,n/a,1962,n/a,n/a,n/a
0183,旧城村志,n/a,n/a,n/a,n/a,1971,n/a,n/a,n/a
0185,镇海村志,n/a,n/a,n/a,n/a,n/a,1984,n/a,1967
0186,白岩洞村志,2000,n/a,n/a,n/a,1977,1990,2000,n/a
0187,百泉村志,n/a,n/a,n/a,1985,1962,n/a,n/a,n/a
0188,调塾村志,n/a,n/a,n/a,n/a,1974,1978,n/a,n/a
0189,苑口村志,n/a,n/a,n/a,n/a,1962,1971,n/a,n/a
0190,范家店村志,n/a,n/a,n/a,1997,1964,n/a,1970,1968
0191,塘尾村志,n/a,n/a,n/a,1995,1964,n/a,1957,n/a
0192,三桥村志,n/a,n/a,n/a,n/a,1958,n/a,n/a,n/a
0193,唐美村志,n/a,n/a,n/a,2000,n/a,n/a,n/a,n/a
0194,界首村志,n/a,n/a,n/a,1986,1965,1982,1987,1964
0196,吉镇村志,n/a,n/a,n/a,2003,1984,n/a,1956,n/a
0197,贤友村志,n/a,n/a,n/a,1993,1963,1981,1996,n/a
0198,徐家河村志,n/a,n/a,n/a,n/a,1991,n/a,1958,n/a
0199,勤丰村志,n/a,n/a,n/a,1995,n/a,n/a,1958,1958
0200,观音庙村史,n/a,n/a,n/a,1965,1959,n/a,n/a,1976
0201,永联村志,n/a,n/a,n/a,1997,n/a,1978,1959,1965
0203,石马峪村志,n/a,n/a,n/a,1970,1952,n/a,n/a,n/a
0204,者湾村志,n/a,n/a,n/a,n/a,n/a,1984,n/a,1967
0205,黄土村志,n/a,n/a,n/a,n/a,n/a,n/a,1958,1957
0206,上关村志,n/a,n/a,n/a,1987,1967,n/a,n/a,n/a
0207,兴堰村志,n/a,n/a,n/a,n/a,1968,n/a,1958,n/a
0208,人民塘村志,n/a,n/a,n/a,1987,1966,n/a,n/a,1971
0209,海东村志,n/a,n/a,n/a,1980,1965,1980,n/a,n/a
0210,三街村志,n/a,n/a,n/a,n/a,n/a,1977,n/a,1965
0211,山邑村志,n/a,n/a,n/a,1998,n/a,n/a,n/a,n/a
0212,石坝村志,n/a,n/a,n/a,n/a,1970,n/a,n/a,1975
0213,群安村志,n/a,n/a,n/a,n/a,1978,n/a,n/a,n/a
0216,金陵村志,n/a,n/a,2010,n/a,n/a,n/a,n/a,n/a
0217,瓦窑村志,n/a,n/a,n/a,n/a,n/a,1982,n/a,n/a
0218,九星村志,1989,n/a,2005,1985,1962,n/a,1958,n/a
0219,金凤村志,n/a,n/a,n/a,n/a,1974,n/a,n/a,n/a
0220,董棕河村,n/a,n/a,n/a,2005,2007,n/a,n/a,n/a
0221,南胜村志,n/a,n/a,n/a,1991,1960,n/a,n/a,1958
0222,唐家岭村志,n/a,n/a,n/a,1973,1961,1962,1962,1964
0223,水闸口村志,1997,n/a,n/a,n/a,n/a,n/a,n/a,n/a
0224,柏崖厂村志,n/a,n/a,n/a,n/a,1964,n/a,n/a,n/a
0226,天井村志,n/a,n/a,n/a,1992,n/a,n/a,n/a,n/a
0228,环东村志,n/a,n/a,n/a,1998,n/a,n/a,n/a,1958
0229,上马坊村志,n/a,n/a,n/a,n/a,1963,n/a,n/a,1973
0230,果园村志,n/a,n/a,n/a,n/a,1967,n/a,n/a,n/a
0231,众安村志,n/a,n/a,n/a,n/a,1967,n/a,n/a,1984
0233,棠东村志,n/a,n/a,n/a,1961,n/a,n/a,n/a,n/a
0234,小坑村志,n/a,n/a,n/a,1984,1965,n/a,n/a,n/a
0235,勐廷村志,n/a,n/a,n/a,n/a,n/a,n/a,n/a,1973
0236,榆林村志,n/a,n/a,n/a,1980,1964,1978,n/a,n/a
0238,界龙村志,n/a,n/a,n/a,1988,1959,n/a,1958,n/a
0239,北山村志,n/a,n/a,n/a,n/a,1969,n/a,n/a,n/a
0241,龙爪树村志,n/a,n/a,n/a,1979,1961,1966,1961,1967
0242,横浦村志,2000,n/a,n/a,n/a,1965,n/a,1958,1958
0243,南韩继村志,n/a,n/a,n/a,n/a,n/a,n/a,1959,n/a
0244,盐行村志,n/a,n/a,n/a,1992,1963,n/a,1955,n/a
0245,上园村志,n/a,n/a,n/a,n/a,1951,n/a,n/a,n/a
0246,卫通村志,1986,n/a,n/a,1984,n/a,n/a,1958,1958
0247,亭北村志,1986,n/a,n/a,n/a,n/a,n/a,n/a,n/a
0248,东夏园村志,n/a,n/a,n/a,1989,n/a,1976,1958,n/a
0249,北桥村志,n/a,n/a,n/a,1986,1964,1977,n/a,1957
0250,慧农村志,1985,n/a,n/a,1991,1960,n/a,n/a,1960
0251,双河村志,n/a,n/a,n/a,1985,1966,1988,n/a,n/a
0252,金鸡台村志,n/a,n/a,n/a,1983,1968,n/a,n/a,1968
0253,崧泽村志,n/a,n/a,n/a,1993,1966,1975,n/a,1957
0254,亭东村志,1990,n/a,n/a,1989,1966,n/a,n/a,n/a
0255,民主村志,1985,n/a,n/a,1982,1963,n/a,1956,n/a
0256,黄山店村志,n/a,n/a,n/a,1964,1964,n/a,n/a,1960
0257,华一村志,1992,1997,n/a,1987,1961,n/a,1985,n/a
0258,罗衙村志,n/a,n/a,n/a,1998,1964,n/a,n/a,n/a
0260,钱桥村志,1984,n/a,n/a,1990,1960,1972,1956,1956
0262,新维村志,n/a,n/a,n/a,1970,1961,n/a,n/a,n/a
0263,东张口村志,n/a,n/a,n/a,n/a,1966,1979,1958,n/a
0264,长安村志,n/a,n/a,n/a,1983,1964,1975,n/a,1978
0265,磁山村志,n/a,n/a,n/a,1978,n/a,n/a,n/a,n/a
0266,洞阳观村志,n/a,n/a,n/a,2008,1966,n/a,n/a,1966
0267,晨钟村志,n/a,n/a,n/a,1973,n/a,n/a,n/a,n/a
0268,北陈村志,n/a,n/a,n/a,1975,1969,1974,n/a,1958
0269,南坑村志,n/a,n/a,n/a,n/a,1985,n/a,n/a,n/a
0270,洞源村志,n/a,n/a,n/a,1983,1975,1979,1958,1953
0271,东街村志,n/a,n/a,n/a,1987,1974,n/a,n/a,n/a
0272,芙蓉村志,n/a,n/a,n/a,n/a,n/a,n/a,1958,n/a
0273,超墘村志,n/a,n/a,n/a,1987,1971,n/a,n/a,n/a
0275,高家村志,n/a,n/a,n/a,1990,n/a,n/a,n/a,n/a
0276,大潘家村志,n/a,n/a,n/a,1993,n/a,n/a,n/a,n/a
0277,东大寨村志,n/a,n/a,n/a,1999,1986,1978,1978,n/a
0278,国际村志,n/a,n/a,n/a,n/a,n/a,n/a,n/a,1959
0279,黑石头村志,n/a,n/a,n/a,n/a,1978,n/a,n/a,n/a
0280,北寨张村志,n/a,n/a,n/a,1982,1960,n/a,n/a,n/a
0281,碑登村志,n/a,n/a,n/a,1996,1959,1980,n/a,1972
0282,何麻车村志,n/a,n/a,n/a,1989,1971,n/a,n/a,1962
0283,固新村志,n/a,n/a,n/a,1985,1975,1984,n/a,n/a
0285,土塘村志,n/a,n/a,n/a,n/a,1961,n/a,n/a,n/a
0286,大井村志,n/a,n/a,n/a,1974,n/a,1975,n/a,n/a
0287,东方村志,1990,n/a,n/a,1988,1965,n/a,1956,n/a
0289,百胜村志,n/a,n/a,n/a,1984,1974,n/a,n/a,n/a
0292,凡村村志,1990,n/a,n/a,1991,1966,n/a,1956,1969
0293,碟子沟村志,n/a,n/a,n/a,n/a,1972,n/a,n/a,n/a
0294,北沙坡村志,n/a,n/a,n/a,1970,1958,n/a,n/a,n/a
0295,何家楼村志,n/a,n/a,n/a,1984,1969,1981,n/a,1957
0296,大省村志,n/a,n/a,n/a,1984,n/a,1979,n/a,1971
0297,册井村志,n/a,n/a,n/a,1991,1976,1979,n/a,n/a
0298,葛富村志,n/a,n/a,n/a,2002,n/a,n/a,1972,1963
0299,衙门村志,n/a,n/a,n/a,1981,n/a,n/a,n/a,n/a
0300,斗门村志,n/a,n/a,n/a,n/a,n/a,1979,n/a,1958
0301,长山村志,n/a,n/a,n/a,1987,n/a,n/a,n/a,n/a
0302,南关村志,n/a,n/a,n/a,n/a,1964,1981,1957,1962
0304,东岐村志,n/a,n/a,n/a,n/a,1966,1975,n/a,1958
0305,港西村志,n/a,n/a,n/a,n/a,1970,n/a,n/a,1970
0306,大英村志,n/a,n/a,n/a,n/a,1955,n/a,1952,1952
0307,方家岙村志,n/a,n/a,n/a,n/a,1976,n/a,n/a,n/a
0309,开弦弓村志,n/a,n/a,n/a,1994,1965,1977,n/a,1958
0313,刘集村志,n/a,n/a,n/a,2001,1971,1980,n/a,1972
0314,凌塘村志,n/a,n/a,1990,2006,1965,1975,n/a,n/a
0315,花沟王村志,1990,n/a,2012,2007,1968,n/a,n/a,n/a
0316,黄岗村志,n/a,n/a,n/a,1975,1962,1978,1960,1958
0318,柳林屯村志,n/a,n/a,n/a,n/a,1977,n/a,n/a,n/a
0319,花园关村志,n/a,n/a,n/a,n/a,1985,n/a,n/a,n/a
0320,金沙村志,n/a,n/a,n/a,1994,1990,n/a,n/a,n/a
0321,巨口铺村志,n/a,n/a,n/a,1979,1973,n/a,n/a,n/a
0322,后楼村志,n/a,n/a,n/a,1978,n/a,1970,n/a,1960
0323,荒里村志,n/a,n/a,n/a,1993,n/a,n/a,n/a,1976
0324,大张营村志,n/a,n/a,n/a,n/a,1985,n/a,n/a,1969
0325,河西村志,n/a,n/a,n/a,n/a,n/a,n/a,1963,n/a
0326,江桃村志,n/a,n/a,n/a,1991,1961,1980,1953,1958
0327,四台子村志,n/a,n/a,n/a,n/a,1961,n/a,n/a,n/a
0329,后三羊头村志,n/a,n/a,n/a,1990,1967,n/a,n/a,1973
0330,庙东村志,n/a,n/a,n/a,n/a,1961,1982,n/a,n/a
0331,茅岗村志,n/a,n/a,n/a,n/a,n/a,n/a,1950,n/a
0332,近江村志,n/a,n/a,n/a,n/a,n/a,1979,n/a,1956
0333,柳树林村村志,n/a,n/a,2005,1978,n/a,n/a,n/a,n/a
0334,灵岩村志,n/a,n/a,n/a,n/a,1958,n/a,1957,n/a
0335,吉安城村志,n/a,n/a,n/a,1994,1976,1980,n/a,n/a
0337,李巷村志,n/a,n/a,n/a,1992,1969,n/a,1958,1966
0338,麻扎村志,n/a,n/a,n/a,1994,n/a,n/a,n/a,n/a
0339,旧泉坊村志,n/a,n/a,n/a,n/a,n/a,1973,1960,1958
0340,建河村志,n/a,n/a,n/a,1982,1962,1978,1958,1958
0341,旧尉屯村志,n/a,n/a,n/a,n/a,n/a,1981,n/a,1964
0343,梁官村志,n/a,n/a,n/a,1984,1961,1979,1958,1959
0344,环湖村志,n/a,n/a,n/a,n/a,1976,n/a,n/a,1958
0347,北甸西村志,n/a,n/a,n/a,1976,n/a,n/a,n/a,n/a
0348,尖山下村志,n/a,n/a,n/a,n/a,1969,1980,n/a,1964
0349,后蚂虹嘴村志,n/a,n/a,n/a,1986,1969,n/a,n/a,n/a
0350,蒋家村志,n/a,n/a,n/a,1993,1986,n/a,n/a,1958
0351,雷家崄村志,n/a,n/a,n/a,2005,1973,n/a,n/a,n/a
0352,合兴村志,n/a,n/a,n/a,n/a,1970,1973,n/a,1958
0353,西街志,n/a,n/a,n/a,1981,1960,1975,n/a,1958
0354,花园岗村志,n/a,n/a,n/a,n/a,n/a,n/a,n/a,1965
0355,孟石岗村志,n/a,n/a,n/a,n/a,1971,n/a,n/a,n/a
0356,西水头村志,n/a,n/a,n/a,n/a,1963,n/a,n/a,n/a
0357,义东沟村志,n/a,n/a,n/a,1970,1959,1978,n/a,n/a
0358,丰盈村志,n/a,n/a,n/a,n/a,1966,n/a,1957,1965
0359,新塘村志,n/a,n/a,n/a,2001,1958,n/a,1958,n/a
0360,沙富村志,n/a,n/a,n/a,n/a,1964,n/a,n/a,n/a
0361,黄洞村志,n/a,n/a,n/a,1999,1965,n/a,1953,n/a
0362,元岗村志,n/a,n/a,n/a,1983,1957,1974,1958,n/a
0363,黄村村志,n/a,n/a,n/a,1984,1957,n/a,1952,n/a
0364,官井头村志,n/a,n/a,n/a,1984,1965,n/a,1958,1958
0365,珠村村志,n/a,n/a,n/a,1984,1962,1977,n/a,1958
0366,分将池村志,n/a,n/a,n/a,1977,1960,n/a,1958,n/a
0367,白石厦村志,n/a,n/a,n/a,1979,1963,n/a,1956,n/a
0368,油甘埔村志,n/a,n/a,n/a,1983,1965,1973,n/a,1958
0369,尚介村志,n/a,n/a,2005,n/a,n/a,n/a,1960,n/a
0370,关址村志,n/a,n/a,n/a,1998,1988,1978,1956,1956
0371,南程村志,n/a,n/a,n/a,1987,n/a,1981,n/a,n/a
0372,北洼村志,n/a,n/a,n/a,1987,n/a,1977,1958,1958
0373,李袁村志,n/a,n/a,n/a,1981,n/a,n/a,n/a,n/a
0374,李沟头村志,n/a,n/a,n/a,2001,n/a,n/a,1958,n/a
0375,三勤村志,n/a,n/a,n/a,2007,1958,1980,1981,1958
0376,林城村志,n/a,n/a,n/a,2003,1961,1971,1958,1961
0377,横山村志,n/a,n/a,n/a,n/a,1958,1979,n/a,1958
0378,马店村志,n/a,n/a,n/a,n/a,1965,1975,1957,1957
0379,群丰村志,n/a,n/a,n/a,n/a,1958,n/a,n/a,n/a
0381,马家疃村志,n/a,n/a,n/a,1982,1964,n/a,n/a,n/a
0382,盘石村志,n/a,n/a,n/a,n/a,1982,1981,n/a,1968
0383,清河村志,n/a,n/a,n/a,1958,1951,n/a,n/a,n/a
0385,七一村志,n/a,n/a,n/a,1967,n/a,n/a,n/a,1967
0386,乔家辿村志,n/a,n/a,n/a,1996,1988,n/a,n/a,n/a
0387,南山村志,n/a,n/a,n/a,n/a,1967,n/a,n/a,n/a
0389,乔李村志,n/a,n/a,2013,1985,1958,n/a,1969,n/a
0390,秦霸岭村志,n/a,n/a,n/a,n/a,n/a,n/a,n/a,1969
0391,卢家巷村志,n/a,n/a,n/a,n/a,1962,n/a,n/a,1964
0392,沙河岸村志,n/a,n/a,n/a,2009,1960,1978,n/a,1977
0393,北皋村志,n/a,n/a,n/a,1979,1961,n/a,n/a,n/a
0394,庆丰村志,n/a,n/a,n/a,1985,1958,n/a,1954,n/a
0396,毛俊村志,n/a,n/a,n/a,1994,1965,n/a,1956,n/a
0398,南崖村志,n/a,n/a,n/a,n/a,1986,1987,n/a,1969
0399,南湾村志,n/a,n/a,n/a,n/a,n/a,n/a,n/a,1956
0400,马头溪村志,n/a,n/a,n/a,n/a,1968,n/a,n/a,n/a
0401,南东坊村志,n/a,n/a,n/a,n/a,1962,n/a,n/a,1969
0402,商相村志,n/a,n/a,n/a,n/a,1965,n/a,n/a,1963
0405,南山村志,n/a,n/a,n/a,1992,n/a,n/a,n/a,n/a
0406,李庄村志,n/a,n/a,n/a,n/a,1969,n/a,1989,1970
0407,聂寨村志,n/a,n/a,n/a,1964,n/a,n/a,n/a,1981
0408,龙门村志,n/a,n/a,n/a,1984,n/a,1976,n/a,n/a
0409,桥塘村志,n/a,n/a,n/a,n/a,1957,1981,1956,1955
0411,施厚村志,n/a,n/a,n/a,2009,1971,n/a,n/a,n/a
0412,牛头镇村志,n/a,n/a,n/a,n/a,1969,n/a,1958,n/a
0413,三寨村志,n/a,n/a,n/a,1998,1987,1985,n/a,1975
0414,南坡湾村志,n/a,n/a,n/a,1970,1974,n/a,n/a,n/a
0416,潘山村志,n/a,n/a,n/a,1992,1969,n/a,1962,1958
0417,罗岗村志,n/a,n/a,n/a,2003,1963,n/a,n/a,n/a
0418,平羌村志,n/a,n/a,n/a,1985,n/a,n/a,1956,n/a
0419,南五里堡村志,n/a,n/a,n/a,1984,n/a,1967,1968,1959
0420,荃步村志,n/a,n/a,n/a,1988,1967,n/a,1957,n/a
0421,牛宅村志,n/a,n/a,n/a,1990,n/a,1975,n/a,1957
0422,看丹村志,1981,n/a,n/a,1975,1958,1976,1964,1958
0423,奶东村志,n/a,n/a,n/a,1978,1962,n/a,n/a,n/a
0424,新集村志,n/a,n/a,n/a,1982,1962,n/a,n/a,n/a
0427,宋京村志,n/a,n/a,n/a,2002,1970,n/a,1958,n/a
0428,兴隆村志,n/a,n/a,n/a,1999,1975,1978,1958,1960
0429,苏卢村志,n/a,n/a,n/a,1963,1963,1972,n/a,1964
0430,石桥鲁道村志,n/a,n/a,n/a,1995,1973,n/a,n/a,n/a
0431,水师营村志,n/a,n/a,n/a,1984,n/a,n/a,n/a,1971
0432,申家村志,2014,n/a,n/a,2014,1982,1984,n/a,1960
0433,吴家村志,n/a,n/a,n/a,2000,1980,n/a,n/a,1957
0434,下栅村志,n/a,n/a,n/a,n/a,1962,1979,n/a,1957
0435,土城子村志,n/a,n/a,n/a,1983,n/a,1979,1958,n/a
0437,五坝村志,n/a,n/a,n/a,1996,1985,n/a,1958,n/a
0438,湾底村志,n/a,n/a,n/a,1988,1966,1972,1968,n/a
0439,史山村志,n/a,n/a,n/a,n/a,n/a,1984,n/a,1977
0440,新房村志,n/a,n/a,n/a,2000,n/a,n/a,n/a,1958
0441,土山寺村志,n/a,n/a,n/a,n/a,n/a,1983,n/a,1970
0442,西沟村志,n/a,n/a,n/a,1991,n/a,n/a,1957,n/a
0444,同心村志,n/a,n/a,n/a,1987,1975,n/a,n/a,1966
0445,文岙村志,n/a,n/a,n/a,n/a,n/a,1984,1960,1958
0446,王寮村志,n/a,n/a,n/a,1986,1970,1976,n/a,1958
0447,水磨湾村志,n/a,n/a,n/a,1986,1978,n/a,n/a,n/a
0448,铜井村志,n/a,n/a,n/a,1990,n/a,n/a,1960,1959
0449,渭二村志,n/a,n/a,n/a,1956,1962,n/a,1959,n/a
0450,古城营村志,n/a,n/a,n/a,n/a,1958,1972,1957,n/a
0451,万丰村志,n/a,n/a,n/a,1983,1968,n/a,n/a,n/a
0453,王道村志,n/a,n/a,n/a,1988,1978,1978,1956,1958
0454,水集二村志,n/a,n/a,n/a,1994,n/a,n/a,n/a,1956
0455,西关一村志,n/a,n/a,n/a,1984,n/a,n/a,1961,1963
0456,唐林村志,n/a,n/a,n/a,n/a,1977,1977,1974,1969
0457,太各庄村志,n/a,n/a,n/a,2004,1979,1985,n/a,n/a
0458,鹿窝村志,n/a,n/a,n/a,n/a,1985,n/a,n/a,n/a
0459,孙家小庄村志,n/a,n/a,n/a,1980,1973,n/a,1959,1959
0460,大营村志,n/a,n/a,n/a,n/a,1963,1979,n/a,1956
0461,马溪村志,n/a,n/a,n/a,1996,1959,n/a,n/a,n/a
0462,棠下村志,n/a,n/a,n/a,1958,1959,n/a,n/a,n/a
0463,小溪村志,n/a,n/a,n/a,2001,1975,n/a,n/a,1972
0464,沈岙村志,n/a,n/a,n/a,1984,1958,n/a,n/a,n/a
0465,象塘村志,n/a,n/a,n/a,1985,n/a,n/a,1958,1958
0466,石鼓村志,n/a,n/a,n/a,1984,1964,n/a,n/a,n/a
0467,中曹村志,n/a,n/a,n/a,1984,n/a,n/a,n/a,n/a
0468,树掌村志,n/a,n/a,n/a,1996,1971,n/a,n/a,1967
0471,义安村志,n/a,n/a,n/a,n/a,1961,n/a,1957,n/a
0475,祝甸村志,1994,n/a,n/a,1984,1958,1972,n/a,n/a
0476,园中村志,n/a,n/a,n/a,n/a,1957,1978,1957,1958
0477,鱼山村志,n/a,n/a,n/a,n/a,1982,n/a,n/a,n/a
0478,羊家冲村志,n/a,n/a,n/a,n/a,n/a,1984,1966,1973
0479,营城子村志,n/a,n/a,n/a,2001,n/a,n/a,1959,n/a
0480,新路村志,n/a,n/a,n/a,2004,1964,n/a,1958,n/a
0481,玉岩村志,n/a,n/a,n/a,1986,1959,n/a,1992,1972
0482,新建村志,n/a,n/a,n/a,1984,1963,n/a,1967,n/a
0483,雄龙村志,n/a,n/a,n/a,2015,2016,n/a,n/a,n/a
0484,薛家会村志,n/a,n/a,n/a,2000,1995,n/a,n/a,n/a
0485,浔龙村志,n/a,n/a,n/a,2013,1978,1982,1958,n/a
0486,西跃村志,n/a,n/a,n/a,1987,1968,n/a,n/a,n/a
0487,堡上村志,n/a,n/a,n/a,1978,1962,n/a,n/a,n/a
0488,西中黄村志,n/a,n/a,n/a,1993,1968,1980,1958,1964
0489,杲村村志,n/a,n/a,n/a,1989,n/a,n/a,n/a,n/a
0490,洋埭村志,n/a,n/a,n/a,1983,n/a,1977,n/a,n/a
0492,油坊村志,n/a,n/a,n/a,1991,1962,1975,1974,1969
0493,友好村志,n/a,n/a,n/a,2002,1982,n/a,n/a,n/a
0494,枣牌刘村志,n/a,n/a,n/a,n/a,n/a,1980,n/a,1957
0495,西齐永村志,n/a,n/a,n/a,n/a,1974,n/a,n/a,n/a
0496,龙塘村志,n/a,n/a,n/a,1987,1966,n/a,n/a,1966
0498,枣烟村志,n/a,n/a,n/a,2004,1971,1984,1953,1971
0499,走马塘村志,n/a,n/a,n/a,n/a,1971,n/a,1962,n/a
0500,西原村志,n/a,n/a,n/a,2011,1971,1974,1959,1959
0501,元峰村志,n/a,n/a,n/a,1987,1973,n/a,n/a,1969
0502,窑坡村志,n/a,n/a,n/a,n/a,1958,n/a,1956,1956
0503,张家井村,n/a,n/a,n/a,1985,1960,1984,n/a,1961
0504,南关村志,n/a,n/a,n/a,n/a,1957,n/a,n/a,n/a
0505,新塘下村志,1990,n/a,n/a,2005,1970,1981,n/a,1958
0506,竹尾田村志,n/a,n/a,n/a,1988,n/a,n/a,n/a,n/a
0507,永丰村志,n/a,n/a,n/a,1984,1964,n/a,1956,1956
0508,寨子村志,n/a,n/a,n/a,1993,1966,1982,1976,1968
0509,新堰村志,n/a,n/a,n/a,1975,1970,n/a,1956,1958
0511,西解甲庄村志,n/a,n/a,n/a,1990,1972,n/a,1978,n/a
0512,薛肇村志,n/a,n/a,n/a,1982,n/a,n/a,n/a,n/a
0513,洋澜村志,n/a,n/a,n/a,1994,1964,1985,n/a,1965
0514,千秋村志,n/a,n/a,n/a,2005,1954,n/a,n/a,1960
0516,诸葛村志,n/a,n/a,n/a,1990,1962,1975,1966,n/a
0517,杨槐村志,n/a,n/a,n/a,n/a,1965,n/a,n/a,1956
0519,清水村志,n/a,n/a,n/a,1994,1963,1977,1958,1957
0520,盐厂新村志,n/a,n/a,n/a,1984,n/a,n/a,n/a,n/a
0521,后溪村志,n/a,n/a,n/a,1987,n/a,n/a,n/a,1958
0522,唐庄村志,n/a,n/a,n/a,2004,1966,n/a,1977,n/a
0523,新生村志,n/a,n/a,n/a,1992,n/a,n/a,n/a,n/a
0524,荷花村志,n/a,n/a,n/a,n/a,1981,1978,n/a,n/a
0525,库勒村志,n/a,n/a,n/a,1996,1959,n/a,1960,n/a
0527,关里村志,n/a,n/a,n/a,2004,n/a,n/a,1958,n/a
0529,黄家门村志,n/a,n/a,n/a,2009,1965,n/a,n/a,n/a
0530,上棒村志,n/a,n/a,n/a,n/a,1978,1988,n/a,1966
0531,草陂村志,n/a,n/a,n/a,2005,1970,n/a,1958,n/a
0532,兰英村志,n/a,n/a,n/a,2002,1978,n/a,n/a,n/a
0533,老观村志,n/a,n/a,n/a,n/a,1978,n/a,n/a,n/a
0534,黄里村志,n/a,n/a,n/a,n/a,1968,1984,n/a,1958
0535,保冲村志,n/a,n/a,n/a,n/a,1974,1986,n/a,n/a
0536,海河湾村志,n/a,n/a,n/a,1985,1959,n/a,n/a,n/a
0538,魁胆村志,n/a,n/a,n/a,1980,1973,n/a,n/a,n/a
0539,莲花村志,n/a,n/a,n/a,n/a,1960,n/a,n/a,1966
0541,建设村志,n/a,n/a,n/a,n/a,1981,n/a,n/a,n/a
0542,庙坪村志,n/a,n/a,n/a,n/a,1994,1994,n/a,n/a
0543,小湾村志,n/a,n/a,n/a,1996,1965,n/a,n/a,1965
0544,新堤村志,n/a,n/a,n/a,2013,1972,n/a,1969,n/a
0545,刘庄村志,n/a,n/a,n/a,1994,1958,1968,1970,1958
0546,王兰庄村志,n/a,n/a,n/a,n/a,1956,n/a,n/a,n/a
0547,临江村志,n/a,n/a,2013,2015,1984,n/a,1997,1974
0549,柳树垭村志,n/a,n/a,2014,n/a,1986,n/a,1998,n/a
0551,双湖村志,n/a,n/a,n/a,n/a,1967,n/a,n/a,n/a
0552,二龙村志,n/a,n/a,n/a,1997,1980,1983,n/a,1978
0553,旧居村志,n/a,n/a,n/a,n/a,1979,n/a,1989,1980
0554,左洼村志,n/a,n/a,n/a,n/a,1976,n/a,n/a,n/a
0555,中石村志,n/a,n/a,n/a,n/a,1977,n/a,n/a,n/a
0556,郑村志,n/a,n/a,n/a,2003,n/a,n/a,n/a,n/a
0558,稠泉村志,n/a,n/a,n/a,n/a,n/a,n/a,1962,n/a
0559,朱家港村志,n/a,n/a,n/a,2011,1973,1976,1953,1954
0561,代州营村志,n/a,n/a,n/a,n/a,1958,n/a,n/a,n/a
0562,北陶村志,n/a,n/a,n/a,n/a,n/a,n/a,n/a,1956
0563,中桥村志,n/a,n/a,n/a,1996,n/a,n/a,1953,n/a
0565,凌庄子村志,n/a,n/a,n/a,1957,1951,n/a,n/a,n/a
0566,马郡村志,n/a,n/a,n/a,2002,1984,1984,1958,n/a
0567,虎牙滩村志,n/a,n/a,n/a,1986,1975,1975,1958,1959
0568,土艳村志,n/a,n/a,n/a,1983,n/a,n/a,n/a,n/a
0569,方村志,n/a,n/a,n/a,1988,n/a,1984,n/a,1958
0572,冯村志,n/a,n/a,n/a,1989,n/a,n/a,n/a,n/a
0573,塘井村志,n/a,n/a,n/a,n/a,1987,n/a,n/a,n/a
0574,白杨源志,n/a,n/a,n/a,1996,1983,n/a,1961,1958
0575,邢泉村志,n/a,n/a,n/a,n/a,1976,1983,n/a,n/a
0577,青羊岗土家族村志,n/a,n/a,n/a,n/a,1976,1970,1958,1957
0578,三山村志,n/a,n/a,n/a,1979,1969,n/a,1969,1969
0579,殷山村村志,n/a,n/a,n/a,2009,n/a,n/a,n/a,n/a
0580,西南庄村志,n/a,n/a,n/a,1985,1961,n/a,n/a,n/a
0581,瓦子坪村志,n/a,n/a,n/a,2015,1980,n/a,2000,n/a
0582,岔河村志,n/a,n/a,n/a,n/a,n/a,1980,n/a,1969
0583,三里亭村志,n/a,n/a,n/a,n/a,n/a,1983,n/a,1971
0584,唐家坪村志,n/a,n/a,2012,2014,1991,n/a,1992,1989
0586,膏田村志,n/a,n/a,n/a,n/a,1968,n/a,n/a,n/a
0587,新屋咀村志,n/a,n/a,n/a,n/a,1983,n/a,n/a,n/a
0588,石牌坊村志,n/a,n/a,n/a,n/a,1979,n/a,2002,1975
0590,惠农村志,n/a,n/a,n/a,2013,n/a,n/a,n/a,n/a
0591,大板桥村志,n/a,n/a,n/a,1986,n/a,n/a,n/a,1954
0592,大坝村志,n/a,n/a,n/a,1982,1979,n/a,n/a,n/a
0593,大波那村志,n/a,n/a,n/a,n/a,1965,n/a,n/a,n/a
0594,天马村志,n/a,n/a,n/a,1981,1965,n/a,n/a,n/a
0596,新河村志,n/a,n/a,n/a,1983,1965,n/a,1961,n/a
0597,万沟村志,n/a,n/a,n/a,n/a,1972,n/a,n/a,n/a
0598,四合村志,n/a,n/a,n/a,n/a,1981,1979,n/a,1966
0599,石河村志,n/a,n/a,n/a,n/a,1981,n/a,n/a,1974
0602,竹坪村志,n/a,n/a,n/a,n/a,1973,1986,n/a,n/a
0603,竹山湾村志,n/a,n/a,n/a,2014,1975,1983,n/a,1971
0604,石下村村志,n/a,n/a,n/a,2015,n/a,n/a,n/a,n/a
0605,八角村志,n/a,n/a,n/a,n/a,1977,n/a,1956,n/a
0606,北阁村志,n/a,n/a,n/a,1971,1965,n/a,n/a,1964
0607,白杜村村志,n/a,n/a,n/a,2010,1985,n/a,n/a,n/a
0608,大王村志,n/a,n/a,n/a,n/a,1958,n/a,1958,1970
0609,长浜村志,1985,n/a,n/a,n/a,1960,1976,1957,n/a
0610,大茫村志,1980,n/a,n/a,n/a,1965,n/a,1958,n/a
0613,大星村志,n/a,n/a,n/a,1986,n/a,n/a,1955,1957
0614,成日村志,n/a,n/a,n/a,1986,1970,n/a,n/a,1956
0615,谙正村志,n/a,n/a,n/a,n/a,1972,1980,n/a,1956
0616,安家皂村志,n/a,n/a,n/a,1992,1966,n/a,n/a,n/a
0617,安昌村志,n/a,n/a,n/a,1985,1960,1971,n/a,n/a
0618,崔堡村志,n/a,n/a,n/a,1992,1978,1979,1958,1958
0619,仓场村志,1984,n/a,n/a,1978,1966,1976,n/a,1959
0620,程墩村志,n/a,n/a,n/a,n/a,1970,n/a,1958,n/a
0621,仁里村志,n/a,n/a,n/a,n/a,1975,1983,n/a,n/a
0622,下岗村志,n/a,n/a,n/a,2013,1962,n/a,n/a,n/a
0623,北车营村志,n/a,n/a,n/a,n/a,1961,1974,n/a,n/a
0624,獐岛村志,n/a,n/a,n/a,2010,1955,n/a,n/a,n/a
0625,邓一村志,n/a,n/a,n/a,1991,1968,n/a,n/a,1961
0626,竹元村志,n/a,n/a,2011,n/a,1982,1984,n/a,1969
0627,长春村志,n/a,n/a,n/a,n/a,1965,n/a,n/a,n/a
0629,磅石村志,n/a,n/a,n/a,1994,1968,1985,n/a,n/a
0631,溪尾村志,n/a,n/a,n/a,1964,1970,n/a,n/a,n/a
0633,陈胡村志,n/a,n/a,n/a,1990,n/a,n/a,n/a,1959
0634,上薛村志,n/a,n/a,n/a,n/a,1960,n/a,n/a,1960
0636,南宵村志,n/a,n/a,n/a,n/a,1976,1985,n/a,1976
0638,港中村志,n/a,n/a,n/a,n/a,1970,n/a,n/a,1959
0639,阳山村志,n/a,n/a,n/a,1985,n/a,n/a,n/a,n/a
0640,榜山村志,n/a,n/a,n/a,1985,1964,n/a,1966,n/a
0641,保卫村志,1990,n/a,n/a,1992,1968,1970,1957,1959
0642,后黄村志,n/a,n/a,n/a,1987,1971,n/a,n/a,n/a
0643,北金召村志,n/a,n/a,n/a,1990,1963,n/a,n/a,1971
0644,度城村志,n/a,n/a,n/a,1990,n/a,n/a,n/a,n/a
0645,洞山村志,n/a,n/a,n/a,1993,n/a,n/a,n/a,n/a
0647,可邑彝族村志,n/a,n/a,n/a,n/a,1974,1985,n/a,n/a
0650,云溪永丰村志,n/a,n/a,n/a,1977,1965,n/a,n/a,n/a
0651,周家村志,n/a,n/a,n/a,1982,1964,n/a,1961,n/a
0652,小围埂村志,n/a,n/a,n/a,1999,1972,1978,1958,n/a
0653,高镇村志,n/a,n/a,n/a,1994,1968,1979,1980,1956
0655,海星村志,n/a,n/a,n/a,2005,1972,1978,1960,1956
0656,北关村志,n/a,n/a,n/a,1983,1962,n/a,n/a,1969
0658,义路村志,n/a,n/a,n/a,1985,n/a,n/a,1965,1965
0659,邑等村志,n/a,n/a,n/a,n/a,1974,1977,n/a,n/a
0660,羊甫村志,n/a,n/a,n/a,1973,1964,n/a,1965,n/a
0663,边院村志,n/a,n/a,n/a,1993,1985,1981,1992,1963
0664,北安河村志,n/a,n/a,n/a,n/a,n/a,1972,n/a,1964
0665,佰王刘村志,n/a,n/a,n/a,n/a,1964,1983,n/a,n/a
0666,可建村志,n/a,n/a,n/a,1993,1969,1981,1955,n/a
0668,八仙庄村志,n/a,n/a,n/a,1980,1965,1974,n/a,n/a
0671,顾家村志,n/a,n/a,n/a,n/a,1971,1984,n/a,1957
0674,歌山村志,n/a,n/a,n/a,1983,1959,n/a,n/a,1955
0677,北关村志,n/a,n/a,n/a,1989,1970,1978,n/a,1955
0679,西王曲村志,n/a,n/a,n/a,n/a,1966,1985,n/a,1962
0680,城北村志,n/a,n/a,n/a,1971,n/a,1971,n/a,n/a
0681,白盆窑村志,n/a,n/a,n/a,n/a,1959,1975,n/a,1958
0682,白和村志,n/a,n/a,n/a,n/a,1971,1979,1958,1958
0683,杜家堡村志,n/a,n/a,n/a,1985,1957,n/a,n/a,n/a
0684,杜山村志,n/a,n/a,2010,2002,1962,n/a,n/a,1957
0685,花胡庄村志,n/a,n/a,n/a,2000,1970,n/a,n/a,1956
0686,小蒲水村志,n/a,n/a,2012,1985,1962,1977,1956,n/a
0687,杜羊圈村志,n/a,n/a,n/a,2006,1970,1978,1964,1965
0689,北冯村志,n/a,n/a,n/a,1990,1968,1983,n/a,n/a
0690,巴洲村志,n/a,n/a,n/a,1986,1965,1971,1956,1957
0691,东马各庄村志,n/a,n/a,n/a,1979,n/a,1978,n/a,n/a
0692,八间房村志,n/a,n/a,n/a,2010,1958,n/a,n/a,1955
0693,北万山村志,n/a,n/a,n/a,1987,1963,n/a,1958,n/a
0694,东岭村志,n/a,n/a,n/a,2009,1958,n/a,1970,n/a
0695,东石村志,n/a,n/a,n/a,n/a,1962,n/a,1958,1965
0696,北堆村志,n/a,n/a,n/a,1996,1963,1982,n/a,1961
0697,白庙村志,n/a,n/a,n/a,1984,1962,1977,n/a,1958
0698,涧东村志,n/a,n/a,n/a,1962,1962,1983,1957,1964
0699,罗口村志,n/a,n/a,n/a,1983,n/a,n/a,1993,1969
0700,古城村志,n/a,n/a,n/a,n/a,1968,n/a,n/a,1955
0702,半峪村志,n/a,n/a,n/a,n/a,1973,n/a,n/a,n/a
0703,东庄村志,n/a,n/a,n/a,1990,1962,n/a,1963,1958
0704,贾岗村志,n/a,n/a,n/a,2004,1972,n/a,n/a,1956
0705,曹家馆村志,n/a,n/a,n/a,1984,1965,n/a,n/a,1971
0706,北龙口村志,n/a,n/a,n/a,1991,1960,n/a,1962,1957
0707,古方村志,n/a,n/a,2006,2000,n/a,n/a,n/a,n/a
0708,观山村志,n/a,n/a,n/a,2002,1974,n/a,1958,1958
0709,工农村志,n/a,n/a,n/a,1997,1965,1980,1958,1959
0710,国庆村志,n/a,n/a,n/a,n/a,1961,1977,n/a,1956
0711,北陈庄村志,n/a,n/a,n/a,n/a,1962,n/a,n/a,1965
0712,北庄村志,n/a,n/a,n/a,1998,n/a,n/a,n/a,1956
0713,东二旗村志,n/a,n/a,n/a,1985,1962,1967,n/a,1958
0714,黄山村志,n/a,n/a,n/a,1986,n/a,n/a,n/a,1956
0715,北甸东村志,n/a,n/a,n/a,1976,n/a,n/a,n/a,n/a
0716,[Bing]洲村志,n/a,n/a,n/a,2007,1980,n/a,n/a,n/a
0719,蓝田村志,n/a,n/a,n/a,1986,1975,n/a,1949,n/a
0721,温家川村志,n/a,n/a,n/a,1999,1979,n/a,n/a,1971
0722,安仁村志,n/a,n/a,n/a,1984,1965,1977,1956,1958
0723,查王村志,n/a,n/a,2006,2004,1965,1978,1958,1958
0724,燃灯寺村志,n/a,n/a,n/a,n/a,1968,n/a,1959,1971
0725,长岭村志,n/a,n/a,n/a,1987,1970,1979,n/a,1958
0726,草山岭村志,n/a,n/a,2013,1986,1969,1982,n/a,n/a
0728,安家庄村志,n/a,n/a,n/a,1976,1961,n/a,n/a,n/a
0729,人民村志,1989,n/a,n/a,1982,n/a,n/a,n/a,n/a
0730,五龙村志,1985,n/a,n/a,n/a,n/a,n/a,n/a,n/a
0731,中角村志,n/a,n/a,n/a,1995,1986,1987,n/a,1965
0733,森林村志,n/a,n/a,n/a,1992,1967,n/a,n/a,1959
0734,白河村志,n/a,n/a,n/a,1993,1993,n/a,1978,n/a
0735,凤凰村志,1986,n/a,n/a,1986,1971,n/a,1985,1966
0736,北邵洼村志,1985,n/a,n/a,1978,1963,1970,1964,1963
0738,北关村志,n/a,n/a,n/a,1987,1963,1982,n/a,1964
0739,红星村志,n/a,n/a,n/a,1988,n/a,n/a,n/a,1956
0740,民和村志,n/a,n/a,n/a,1985,1959,n/a,n/a,n/a
0741,北方平村志,n/a,n/a,n/a,1983,1982,1975,n/a,n/a
0742,文义村志,n/a,n/a,n/a,2009,1960,1978,n/a,n/a
0743,北齐村志,n/a,n/a,n/a,1982,1960,1979,1959,1963
0745,韩圩村志,n/a,n/a,n/a,2008,1983,n/a,1950,n/a
0746,大陵村志,n/a,n/a,n/a,1996,n/a,n/a,n/a,n/a
0747,北桑鲁村志,n/a,n/a,n/a,1991,1971,n/a,n/a,n/a
0749,梨花村志,n/a,n/a,n/a,n/a,1961,n/a,n/a,n/a
0750,金鸭村志,n/a,n/a,n/a,n/a,1986,n/a,1968,1968
0751,江东村志,n/a,n/a,n/a,1992,1972,1990,n/a,1966
0752,铁门村志,n/a,n/a,n/a,n/a,1988,n/a,1997,1997
0753,黄柳村志,n/a,n/a,n/a,n/a,1978,n/a,1989,1972
0754,乐乌村志,n/a,n/a,n/a,n/a,1968,1984,n/a,n/a
0757,井溢村志,n/a,n/a,n/a,1999,1984,1984,1962,1957
0758,王梁村志,n/a,n/a,n/a,n/a,1994,n/a,1964,n/a
0759,王家村志,n/a,n/a,n/a,n/a,1958,n/a,n/a,1956
0760,梁家河村志,n/a,n/a,n/a,1980,1968,n/a,n/a,1968
0763,新卫村志,n/a,n/a,n/a,n/a,1967,n/a,n/a,1960
0764,小圩村志,n/a,n/a,n/a,n/a,n/a,n/a,n/a,1956
0765,贺北村志,n/a,n/a,2004,2001,n/a,n/a,1962,1973
0766,横沟村志,n/a,n/a,n/a,2007,1975,n/a,n/a,1970
0767,群楼村志,n/a,n/a,n/a,1984,1967,n/a,1958,1967
0768,温河村志,n/a,n/a,n/a,1991,1964,1974,1996,1956
0769,桑园村志,1984,n/a,n/a,1986,1961,1959,1958,1959
0770,长命水村志,n/a,n/a,n/a,1983,1964,1976,1958,1958
0771,长湴村志,n/a,n/a,n/a,1984,1956,n/a,1959,n/a
0772,新塘村志,1988,n/a,n/a,1991,1970,n/a,n/a,1956
0773,富达畲村志,n/a,n/a,n/a,n/a,1973,n/a,1958,1958
0774,北年丰村志,n/a,n/a,n/a,n/a,1962,1974,1958,1965
0775,崔各庄村志,n/a,n/a,n/a,n/a,1960,1975,n/a,n/a
0776,城西吕家村志,1984,n/a,n/a,1994,1965,1981,1959,1958
0777,城里村志,n/a,n/a,2008,n/a,1965,n/a,n/a,1957
0778,马镇村志,n/a,n/a,n/a,1990,1972,1983,n/a,n/a
0779,岑村村志,n/a,n/a,n/a,1992,1957,n/a,1958,1957
0780,北谷丰村志,n/a,n/a,n/a,1980,1959,n/a,n/a,1958
0781,曹口村志,n/a,n/a,n/a,2008,n/a,n/a,n/a,1969
0782,车家下庄村志,n/a,n/a,n/a,1997,1958,n/a,1959,1959
0783,城北村志,n/a,n/a,n/a,n/a,1973,1979,n/a,n/a
0785,北坡村志,n/a,n/a,n/a,n/a,1969,n/a,1955,n/a
0786,双生村志,n/a,n/a,n/a,1993,1985,n/a,1978,n/a
0787,路口村志,n/a,n/a,n/a,n/a,1960,n/a,n/a,n/a
0788,茶塘村志,n/a,n/a,n/a,2004,1964,1974,1952,n/a
0789,东埔村志,1991,n/a,n/a,n/a,n/a,n/a,n/a,n/a
0790,新盛村志,n/a,n/a,n/a,1986,1965,1983,1958,1956
0791,鞍山村志,n/a,n/a,n/a,1988,1953,n/a,n/a,n/a
0792,北固碾村志,n/a,n/a,n/a,1984,n/a,n/a,n/a,n/a
0793,曹各庄村志,n/a,n/a,n/a,1967,1960,n/a,n/a,n/a
0794,北马房村志,n/a,n/a,n/a,1978,1964,1977,1984,1956
0795,西小营村志,n/a,n/a,n/a,1974,1958,1979,1958,1958
0797,东小景村志,n/a,n/a,n/a,n/a,1967,1979,1960,n/a
0798,旧飞鹅村村志,n/a,n/a,n/a,1991,n/a,1976,1967,n/a
0799,门头村志,n/a,n/a,n/a,1978,1956,1976,n/a,1958
0800,水朗村志,n/a,n/a,n/a,n/a,1965,1974,n/a,1957
0802,北平村志,n/a,n/a,n/a,1996,1974,n/a,n/a,1964
0803,北七家庄村志,n/a,n/a,n/a,1986,n/a,1974,n/a,1958
0804,北岭头村志,n/a,n/a,n/a,1990,n/a,n/a,n/a,n/a
0805,北台上村志,n/a,n/a,n/a,n/a,1963,n/a,n/a,n/a
0807,水库村志,n/a,n/a,n/a,1992,1965,n/a,n/a,n/a
0808,阮巷村志,1992,n/a,n/a,1994,1962,n/a,n/a,1968
0809,沙坪寺村志,n/a,n/a,n/a,1997,1992,n/a,n/a,n/a
0810,讲武殿村志,n/a,n/a,n/a,1997,1957,n/a,n/a,n/a
0811,党家庄村志,n/a,n/a,n/a,n/a,1960,n/a,n/a,1966
0812,沙坝村志,n/a,n/a,n/a,1984,1965,n/a,1970,n/a
0813,八方村志,n/a,n/a,n/a,2007,1976,n/a,n/a,n/a
0814,鳌头村志,n/a,n/a,n/a,2011,1980,1983,n/a,n/a
0815,龙泉村志,n/a,n/a,n/a,1995,n/a,n/a,n/a,1964
0816,土堆村志,n/a,n/a,n/a,1977,n/a,n/a,n/a,n/a
0819,北胡庄村志,n/a,n/a,n/a,2009,1960,1976,1956,1965
0820,白洋村志,n/a,n/a,n/a,1990,n/a,n/a,n/a,1959
0821,慈峪村志,n/a,n/a,n/a,n/a,1963,n/a,n/a,n/a
0822,东白仓村志,n/a,n/a,n/a,1984,n/a,n/a,n/a,n/a
0823,福永村志,n/a,n/a,n/a,n/a,1965,n/a,1956,n/a
0824,东八村村志,n/a,n/a,n/a,1982,n/a,n/a,n/a,n/a
0826,东皇墓村志,n/a,n/a,n/a,1985,1966,n/a,n/a,n/a
0827,营前村志,n/a,n/a,n/a,n/a,1958,n/a,n/a,1959
0828,大谈村志,n/a,n/a,n/a,n/a,1960,1968,n/a,1967
0829,鸡翅岭村志,n/a,n/a,n/a,1996,1964,1974,1961,1969
0830,袁山贝村志,n/a,n/a,n/a,n/a,1968,n/a,n/a,n/a
0831,沿南村志,n/a,n/a,n/a,n/a,1968,n/a,n/a,1957
0832,白坟村志,n/a,n/a,n/a,2011,1965,n/a,1958,n/a
0833,营房村志,n/a,n/a,n/a,1979,n/a,n/a,n/a,1958
0834,张桥村志,1985,n/a,n/a,n/a,1965,1974,n/a,1963
0835,岸上村志,n/a,n/a,n/a,1985,1969,n/a,1959,1968
0836,枫深村志,n/a,n/a,n/a,1996,1976,n/a,n/a,n/a
0839,赤水垟志,n/a,n/a,n/a,n/a,n/a,n/a,n/a,1954
0840,侨乡村志,n/a,n/a,n/a,2000,1964,n/a,n/a,n/a
0841,北薛庄村志,n/a,n/a,n/a,1957,1961,n/a,n/a,n/a
0843,蔡和村志,n/a,n/a,n/a,n/a,1965,1987,n/a,1956
0845,峒峪村志,n/a,n/a,n/a,n/a,1979,n/a,n/a,n/a
0846,葭芦都三甲李氏村志,n/a,n/a,n/a,n/a,n/a,n/a,n/a,1970
0847,牛薛沟村志,n/a,n/a,n/a,2008,1988,1986,n/a,1970
0848,邓村村志,n/a,n/a,n/a,1982,1966,n/a,1957,1957
0849,碧龙村志,n/a,n/a,n/a,1995,1992,1995,1958,1958
0850,永联村志,n/a,n/a,n/a,1986,1967,n/a,1958,n/a
0851,北焦村志,n/a,n/a,n/a,1974,n/a,n/a,n/a,1970
0852,北海山村志,n/a,n/a,n/a,n/a,1958,1980,1958,n/a
0853,坂田村志,n/a,n/a,n/a,1983,1973,1978,1957,1955
0854,塘头村志,n/a,n/a,n/a,n/a,1962,n/a,n/a,n/a
0855,梨川村志,n/a,n/a,n/a,1969,1964,n/a,1962,n/a
0856,南皋村志,n/a,n/a,n/a,1966,1962,1975,n/a,1957
0857,下邽志村志,n/a,n/a,n/a,2007,1975,1975,1966,1966
0858,安善坊村志,n/a,n/a,n/a,1999,1958,1983,1960,n/a
0860,二十里铺村志,n/a,n/a,n/a,n/a,1964,n/a,n/a,n/a
0861,东山村志,n/a,n/a,n/a,2001,1969,n/a,n/a,1965
0862,王官屯村志,n/a,n/a,n/a,1970,n/a,n/a,n/a,n/a
0863,戴湾村志,n/a,n/a,n/a,n/a,1984,n/a,1956,1975
0864,柳子圪旦村志,n/a,n/a,n/a,2011,1986,2008,n/a,n/a
0865,理家庄村志,n/a,n/a,n/a,n/a,1970,1972,1957,1962
0866,小车村志,1989,n/a,n/a,1983,1957,n/a,n/a,n/a
0867,同阁村志,n/a,n/a,n/a,1981,1961,1976,n/a,n/a
0868,上柳源村志,n/a,n/a,n/a,2008,1961,n/a,1958,n/a
0869,库城村志,n/a,n/a,n/a,1977,1972,1973,1957,1958
0870,崔家沟村志,n/a,n/a,n/a,1956,n/a,n/a,n/a,n/a
0871,堆谷山村志,n/a,n/a,n/a,n/a,n/a,1983,n/a,n/a
0872,三房巷村志,n/a,n/a,2013,1997,n/a,n/a,1958,n/a
0873,余川村志,n/a,n/a,n/a,1997,n/a,n/a,1958,n/a
0874,大打白狐村志,n/a,n/a,n/a,1982,1958,n/a,1958,n/a
0875,海口里仁村志,n/a,n/a,n/a,1988,1955,n/a,n/a,n/a
0876,永清村志,n/a,n/a,n/a,1982,1968,n/a,n/a,n/a
0877,杨沟湾村志,n/a,n/a,n/a,1976,1967,1975,n/a,1958
0878,姜湾村志,n/a,n/a,n/a,1990,1964,1987,n/a,n/a
0879,恬庄村志,1985,n/a,n/a,1985,1972,n/a,1963,1966
0880,新海坝村志,1998,n/a,2010,1994,1982,n/a,n/a,1963
0881,后山村志,n/a,n/a,n/a,1983,1992,n/a,n/a,1956
0883,栗子坪村志,n/a,n/a,n/a,n/a,1972,n/a,1956,1967
0884,栗林河村志,n/a,n/a,n/a,n/a,1977,n/a,1958,1958
0885,歙县三阳村志,n/a,n/a,n/a,1992,1990,n/a,n/a,n/a
0886,大峡谷村志,n/a,n/a,n/a,2010,1971,n/a,1961,n/a
0887,胡家坟村志,n/a,n/a,n/a,1984,1968,1969,n/a,1956
0889,杓袁村志,n/a,n/a,n/a,2006,1959,n/a,n/a,n/a
0890,西河村志,n/a,n/a,n/a,n/a,1965,1978,n/a,1958
0891,昝村志,n/a,n/a,n/a,1997,1964,1974,1959,1956
0892,良陌村志,n/a,n/a,n/a,1979,1973,1978,1962,1963
0893,东桃村志,n/a,n/a,n/a,1986,1968,n/a,n/a,1958
0894,小㘵村志,n/a,n/a,n/a,1996,1956,n/a,n/a,1967
0895,祝陵村志,1985,n/a,n/a,n/a,1964,n/a,n/a,1958
0896,西九水村志,n/a,n/a,n/a,1992,1970,n/a,1956,n/a
0897,高拱桥村志,n/a,n/a,n/a,n/a,n/a,n/a,n/a,1956
0898,大白登村志,n/a,n/a,n/a,1986,n/a,1977,n/a,1956
0899,放羊坪村志,n/a,n/a,n/a,2005,1956,1983,1962,1962
0900,欧桥村志,1986,n/a,n/a,1982,n/a,n/a,n/a,n/a
0901,钱家山村志,n/a,n/a,n/a,1991,1977,n/a,n/a,n/a
0902,陈家墕村志,n/a,n/a,n/a,1997,1987,1987,n/a,n/a
0903,木头峪村志,n/a,n/a,n/a,n/a,1984,n/a,1958,n/a
0904,大胜村志,n/a,n/a,n/a,n/a,1984,1985,n/a,1952
0905,西上庄村志,n/a,n/a,n/a,n/a,1970,1979,1958,1958
0906,龙泉村志,n/a,n/a,n/a,n/a,1964,n/a,n/a,n/a
0908,黄岭村志,n/a,n/a,n/a,n/a,1977,n/a,1957,1957
0909,西水磨村志,n/a,n/a,n/a,1982,1975,1975,n/a,1958
0911,张家塔村志,n/a,n/a,n/a,n/a,1979,n/a,n/a,1968
0912,渡桥村志,n/a,n/a,n/a,1983,1958,1979,n/a,n/a
0913,西台村志,n/a,n/a,n/a,n/a,1969,n/a,n/a,n/a
0914,吴兴村志,n/a,n/a,n/a,1978,1962,1976,1960,1962
0915,桃王庄村志,n/a,n/a,n/a,1994,1969,1973,1958,1969
0917,安乐村志,1985,n/a,n/a,1988,n/a,n/a,n/a,n/a
0919,劳动村志,n/a,n/a,n/a,n/a,1964,n/a,n/a,n/a
0920,和平村志,n/a,n/a,n/a,1982,1967,2000,n/a,1962
0921,桂南村志,n/a,n/a,n/a,1984,1958,n/a,n/a,n/a
0922,建农村志,n/a,n/a,n/a,1991,1968,n/a,n/a,1959
0923,王安堡村志,n/a,n/a,n/a,2003,1965,n/a,n/a,1965
0925,上官村志,n/a,n/a,n/a,2014,1958,n/a,n/a,n/a
0926,东六合村志,n/a,n/a,n/a,2005,1988,1988,n/a,n/a
0927,光明村志,n/a,n/a,n/a,1991,n/a,n/a,n/a,n/a
0929,赵村村志,n/a,n/a,n/a,1986,n/a,1978,1960,n/a
0930,兴朱村志,n/a,n/a,n/a,n/a,1983,1982,1992,1957
0931,小许庄村志,n/a,n/a,n/a,1987,1972,n/a,n/a,n/a
0932,邢庄村志,n/a,n/a,n/a,2010,1984,1985,1997,1970
0933,无为庄村志,n/a,n/a,n/a,1983,1962,n/a,n/a,1969
0934,微水村志,1990,n/a,n/a,1975,1944,n/a,1959,n/a
0935,拦车村志,n/a,n/a,n/a,2001,1969,1977,1957,n/a
0936,蒋庄村志,n/a,n/a,n/a,1995,1964,1976,1958,n/a
0937,赤社村志,n/a,n/a,n/a,1985,1964,n/a,n/a,1969
0938,交丙坛村志,n/a,n/a,n/a,1994,1965,n/a,1957,n/a
0939,邢寨村志,n/a,n/a,n/a,1994,n/a,n/a,1958,1958
0940,西林西村志,n/a,n/a,n/a,1990,n/a,n/a,1956,1962
0941,金红村志,n/a,n/a,n/a,n/a,n/a,n/a,n/a,1958
0942,西古现村志,n/a,n/a,n/a,n/a,n/a,1981,n/a,1957
0943,崔家庄村志,n/a,n/a,n/a,1991,1962,1976,n/a,1959
0944,聪子峪村志,n/a,n/a,n/a,1989,1958,1981,n/a,n/a
0945,大北村志,n/a,n/a,n/a,n/a,1958,n/a,n/a,n/a
0946,金建村志,n/a,n/a,n/a,1984,1960,n/a,n/a,n/a
0947,大望京村志,n/a,n/a,n/a,1976,1959,n/a,n/a,n/a
0949,西王村志,n/a,n/a,n/a,1990,1971,1975,1961,1960
0950,西马村志,n/a,n/a,n/a,1986,1964,1984,1958,1971
0951,两坂村志,n/a,n/a,n/a,n/a,1971,n/a,n/a,1958
0952,李堡村志,n/a,n/a,n/a,1989,n/a,n/a,n/a,n/a
0953,后郭村志,n/a,n/a,n/a,n/a,n/a,n/a,n/a,1956
0954,辛庄村志,n/a,n/a,n/a,1982,1960,1976,n/a,n/a
0955,和平村志,n/a,n/a,n/a,1962,1961,1966,1956,n/a
0957,城东村志,n/a,n/a,n/a,1971,1961,1979,1957,n/a
0958,城内村志,n/a,n/a,n/a,1982,1956,1975,1953,1964
0959,潢涌村志,n/a,n/a,n/a,1983,n/a,1968,1952,n/a
0960,环山村志,n/a,n/a,n/a,2003,1967,n/a,1952,n/a
0961,西董铺村志,n/a,n/a,n/a,1977,1960,1970,1959,1972
0962,冼村村志,n/a,n/a,n/a,1972,1947,1976,1956,1956
0963,楚寨村志,n/a,n/a,n/a,2014,1965,1975,n/a,1958
0964,鱼河湾村志,n/a,n/a,n/a,1988,1988,n/a,1959,1966
0966,酒务村志,n/a,n/a,n/a,n/a,1968,1978,n/a,1958
0967,卜居头村志,n/a,n/a,n/a,1995,1964,n/a,1957,n/a
0968,保宁村志,n/a,n/a,n/a,n/a,1985,n/a,n/a,n/a
0969,南窑头村,n/a,n/a,n/a,1989,1956,1996,n/a,n/a
0970,涧塘村志,n/a,n/a,n/a,2007,n/a,n/a,1989,1957
0971,朱麻硷村志,n/a,n/a,n/a,n/a,1979,n/a,n/a,n/a
0972,李街村志,n/a,n/a,n/a,n/a,n/a,1983,1956,1956
0974,箭泾村志,n/a,n/a,n/a,1997,1965,n/a,n/a,n/a
0975,崔庄村志,n/a,n/a,n/a,1994,1962,n/a,n/a,1956
0976,陈堡村志,n/a,n/a,n/a,2005,1958,n/a,n/a,n/a
0977,郑各庄村志,n/a,n/a,n/a,1985,1958,1977,1958,1958
0978,驼房营村志,n/a,n/a,n/a,n/a,1960,n/a,n/a,1958
0979,四合庄村志,n/a,n/a,n/a,1976,n/a,n/a,n/a,n/a
0980,卢沟桥村志,n/a,n/a,n/a,2004,n/a,n/a,n/a,1958
0981,广川街村志,n/a,n/a,n/a,n/a,1976,1974,n/a,n/a
0982,车厂村志,n/a,n/a,n/a,n/a,n/a,1965,1957,n/a
0983,兴复村志,n/a,n/a,n/a,n/a,1958,n/a,n/a,n/a
0986,大楚留村志,n/a,n/a,n/a,n/a,1975,n/a,n/a,1957
0987,华新村志,n/a,n/a,n/a,1987,1958,n/a,n/a,n/a
0988,老道井村志,n/a,n/a,n/a,1981,1964,n/a,1975,n/a
0989,新新村志,n/a,n/a,n/a,1991,1968,n/a,1957,n/a
0990,城子村志,n/a,n/a,n/a,1956,1946,n/a,n/a,n/a
0991,花园村志,n/a,n/a,n/a,1983,1975,1976,n/a,1967
0992,故城村志,n/a,n/a,n/a,n/a,n/a,n/a,1995,n/a
0993,都康村志,n/a,n/a,n/a,1996,1969,n/a,n/a,n/a
0994,廖家林村志,n/a,n/a,n/a,2013,1981,n/a,1962,n/a
0995,关虎屯村志,1989,n/a,2000,1982,1959,n/a,n/a,n/a
0996,江姐村志,n/a,n/a,2013,2013,n/a,n/a,n/a,n/a
0997,葛寨村志,n/a,n/a,n/a,2008,n/a,1978,n/a,1968
0998,崔家村志,n/a,n/a,n/a,1993,1978,n/a,n/a,n/a
0999,篁墩村志,n/a,n/a,n/a,n/a,n/a,n/a,1956,1958
1000,兰寨村志,n/a,n/a,n/a,1985,1958,n/a,n/a,n/a
1002,工程村志,n/a,n/a,2015,1991,1962,n/a,1962,n/a
1003,金灯寺村志,n/a,n/a,n/a,n/a,1958,n/a,1965,n/a
1004,武家嘴村志,n/a,n/a,n/a,1986,n/a,n/a,n/a,n/a
1006,松田村志,n/a,n/a,n/a,n/a,1974,n/a,n/a,1952
1007,文山市大兴寨村志,n/a,n/a,n/a,n/a,1988,n/a,n/a,n/a
1008,古贤村志,n/a,n/a,n/a,1985,1961,n/a,1958,n/a
1009,吉利村志,n/a,n/a,n/a,n/a,1969,1995,1994,n/a
1010,耿庄村志,n/a,n/a,n/a,1994,1962,n/a,n/a,n/a
1011,葛家岭村志,n/a,n/a,n/a,1991,1963,n/a,1956,n/a
1012,旺山村志,n/a,n/a,n/a,1998,1967,1977,1959,1959
1013,高官屯村志,n/a,n/a,n/a,1991,1965,1978,n/a,1958
1014,独石村志,n/a,n/a,n/a,2013,1982,1984,n/a,n/a
1015,康庄村志,n/a,n/a,n/a,n/a,1965,1981,1957,n/a
1016,牛头冲村志,n/a,n/a,n/a,n/a,1999,n/a,n/a,n/a
1017,湖桥村志,n/a,n/a,n/a,1999,1958,n/a,1948,n/a
1018,继志村志,n/a,n/a,n/a,1991,1978,1977,n/a,1958
1019,城张村志,n/a,n/a,n/a,1974,1959,1970,1958,1956
1020,大伯集村志,n/a,n/a,n/a,1991,n/a,n/a,1961,1958
1022,符家庄村志,n/a,n/a,n/a,1983,1959,1979,n/a,n/a
1023,大关邑村志,n/a,n/a,n/a,2002,n/a,n/a,n/a,n/a
1024,小河坝村志,n/a,n/a,n/a,1987,1962,n/a,n/a,n/a
1025,长元村村志,n/a,n/a,n/a,1967,n/a,n/a,1961,n/a
1026,岗上村志,n/a,n/a,n/a,1983,1958,n/a,n/a,n/a
1027,霞水村志,n/a,n/a,n/a,1987,n/a,n/a,n/a,n/a
1028,沙步村志,n/a,n/a,n/a,1983,1960,n/a,n/a,n/a
1030,小明沙村志,n/a,n/a,2015,1995,1983,1977,n/a,1964
1031,高村村志,n/a,n/a,n/a,2004,1966,1973,1958,n/a
1032,斜桥村志,n/a,n/a,n/a,2001,1975,n/a,1964,1970
1033,群星村志,n/a,n/a,n/a,1976,n/a,n/a,n/a,n/a
1034,谷家峪村志,n/a,n/a,n/a,1989,1969,n/a,n/a,n/a
1035,大埠东村志,2001,n/a,2006,1987,1958,1979,1959,n/a
1036,秀州村志,1985,n/a,n/a,1991,1963,n/a,1958,n/a
1037,塔密村志,n/a,n/a,n/a,2003,n/a,n/a,n/a,n/a
1038,高于铺村村志,n/a,n/a,n/a,2007,1962,1979,n/a,n/a
1039,耿庄村志,n/a,n/a,n/a,2012,n/a,1984,n/a,1966
1040,席家湖村志,n/a,n/a,n/a,1995,n/a,n/a,n/a,n/a
1041,东辛店村志,n/a,n/a,n/a,1973,1960,1967,1971,1960
1042,北冶村志,n/a,n/a,n/a,n/a,1970,n/a,n/a,n/a
1043,东窑村志,n/a,n/a,n/a,1972,n/a,1978,1961,1958
1044,南栅村志,n/a,n/a,1986,1981,1965,n/a,n/a,1958
1046,牡丹村志,n/a,n/a,n/a,n/a,1960,n/a,1958,n/a
1047,北营村志,n/a,n/a,n/a,1982,1961,1976,1957,1957
1048,北王村志,n/a,n/a,n/a,1985,1968,n/a,n/a,1968
1049,南塘村志,1988,n/a,n/a,1991,1964,n/a,1957,1960
1050,大中富乐村村志,n/a,n/a,n/a,1995,1959,n/a,n/a,n/a
1051,蔡家沟村志,n/a,n/a,n/a,n/a,1973,1975,1958,n/a
1053,东营村志,n/a,n/a,n/a,1976,1962,n/a,n/a,n/a
1054,彭庙村志,n/a,n/a,n/a,1984,n/a,n/a,n/a,1958
1055,祝桥村志,n/a,n/a,n/a,1985,n/a,n/a,n/a,n/a
1056,龙跃村志,n/a,n/a,n/a,1981,1967,n/a,n/a,n/a
1057,北坞村志,n/a,n/a,n/a,1987,1965,1975,n/a,1959
1058,东阜村村志,n/a,n/a,n/a,n/a,1970,1980,n/a,1967
1059,揣骨疃村志,n/a,n/a,n/a,1995,1959,n/a,n/a,n/a
1060,吉山村志,n/a,n/a,n/a,n/a,1958,n/a,n/a,n/a
1061,猎德村志,n/a,n/a,n/a,1961,1961,n/a,n/a,n/a
1062,蔡家坡村志,n/a,n/a,n/a,n/a,n/a,n/a,n/a,1973
1063,常青村志,n/a,n/a,2008,1986,1962,n/a,1962,1964
1064,韩庄村志,n/a,n/a,n/a,1986,1960,1972,1964,1967
1065,长岗村志,n/a,n/a,n/a,1985,1961,1977,n/a,n/a
1066,村尾村志,n/a,n/a,n/a,n/a,1964,n/a,n/a,n/a
1067,北新城村志,n/a,n/a,n/a,1978,1958,n/a,1956,1962
1069,固营村志,n/a,n/a,n/a,1983,1958,1970,n/a,n/a
1070,柯木塱村志,n/a,n/a,n/a,1994,1972,n/a,1961,1956
1071,韩桥村志,n/a,n/a,n/a,1985,n/a,1980,n/a,n/a
1073,东董里村志,n/a,n/a,n/a,2002,1976,1980,n/a,n/a
1075,佃起村志,n/a,n/a,n/a,2010,n/a,n/a,n/a,n/a
1076,沧县干河村志,n/a,n/a,n/a,n/a,1973,1975,1998,n/a
1077,河沟王村志,n/a,n/a,n/a,n/a,1966,n/a,n/a,n/a
1078,新齐村志,n/a,n/a,n/a,2002,n/a,n/a,n/a,n/a
1079,关庄村志,n/a,n/a,n/a,n/a,1961,1979,n/a,1962
1080,杨湾村志,n/a,n/a,n/a,n/a,1974,n/a,n/a,n/a
1081,张庄村志,n/a,n/a,n/a,n/a,1971,1974,n/a,n/a
1083,郝寨村志,n/a,n/a,n/a,n/a,1969,n/a,n/a,1958
1084,大寺台村志,n/a,n/a,n/a,n/a,1962,n/a,1956,1956
1085,故县村志,n/a,n/a,n/a,1984,1959,1980,1967,1958
1086,地沟村志,n/a,n/a,n/a,2002,1987,n/a,1962,n/a
1087,狄村志,n/a,n/a,n/a,1968,1958,n/a,n/a,n/a
1088,雕龙嘴村志,n/a,n/a,n/a,1989,1971,n/a,n/a,n/a
1089,大申庄志,n/a,n/a,n/a,1986,n/a,n/a,n/a,n/a
1090,得利斯村志,n/a,n/a,n/a,n/a,1972,1980,1965,1956
1091,小务口村志,n/a,n/a,n/a,2012,1984,1984,n/a,n/a
1093,大宗村志,n/a,n/a,2011,n/a,1970,1979,1958,1958
1094,嶂青村志,n/a,n/a,n/a,1990,1972,1986,1968,1968
1095,占文村志,n/a,n/a,n/a,1993,1973,n/a,1956,n/a
1096,袁家桥村志,n/a,n/a,n/a,1993,1976,n/a,n/a,1958
1097,郭家咀村志,n/a,n/a,n/a,n/a,1970,n/a,n/a,n/a
1098,大辛家村志,n/a,n/a,n/a,1989,1979,n/a,1952,n/a
1099,章卿村志,1988,n/a,n/a,n/a,1975,n/a,1958,n/a
1101,大枣园村志,n/a,n/a,n/a,1974,1962,1979,1951,1956
1102,元荡村志,n/a,n/a,n/a,n/a,n/a,n/a,1958,1958
1103,查家村志,n/a,n/a,n/a,1987,n/a,n/a,n/a,1957
1104,杨湘泾村志,n/a,n/a,n/a,1985,1958,n/a,n/a,n/a
1105,大京村志,n/a,n/a,n/a,n/a,1966,n/a,n/a,n/a
1106,大寨村志,n/a,n/a,n/a,1967,n/a,n/a,n/a,1957
1107,大建安村志,n/a,n/a,n/a,1986,n/a,n/a,n/a,n/a
1108,大吉村志,n/a,n/a,n/a,1986,1970,1972,n/a,1957
1109,大泉山村志,n/a,n/a,n/a,n/a,n/a,1980,1958,n/a
1110,大峪村志,n/a,n/a,n/a,n/a,1961,n/a,1963,1956
1111,褚村村志,n/a,n/a,n/a,n/a,n/a,1977,1975,1958
1112,梁庄村志,n/a,n/a,n/a,n/a,1974,1977,n/a,1958
1113,大南庄村志,n/a,n/a,n/a,1986,1961,n/a,1957,1963
1114,大营村志,n/a,n/a,n/a,n/a,1974,1976,1956,1959
1115,邓曲村志,n/a,n/a,n/a,n/a,1963,n/a,n/a,n/a
1116,常营村村志,n/a,n/a,n/a,1991,n/a,n/a,n/a,n/a
1117,王屋村志,n/a,n/a,n/a,n/a,1966,n/a,1958,n/a
1118,固安县北罗垡村村志,n/a,n/a,n/a,n/a,1962,n/a,n/a,n/a
1119,东小口村志,n/a,n/a,n/a,1978,1964,n/a,n/a,1964
1120,大原村志,n/a,n/a,n/a,1998,1975,1978,n/a,1957
1124,崔指挥营村志,n/a,n/a,n/a,1968,1963,n/a,1963,1962
1125,崔庄屯村志,n/a,n/a,n/a,1994,1956,n/a,n/a,n/a
1126,涧南庄村志,n/a,n/a,n/a,2002,1964,1980,n/a,n/a
1127,老俩河村志,n/a,n/a,n/a,1982,n/a,n/a,n/a,n/a
1128,临南村志,n/a,n/a,n/a,n/a,1980,n/a,n/a,n/a
1129,万马村志,n/a,n/a,n/a,1986,n/a,n/a,n/a,n/a
1130,高家台村志,n/a,n/a,n/a,1971,n/a,n/a,n/a,n/a
1131,杨家村志,1992,n/a,n/a,1991,1965,n/a,1956,1958
1132,集义村志,n/a,n/a,n/a,1985,1958,n/a,n/a,n/a
1133,潦河头村志,n/a,n/a,n/a,1991,1969,n/a,n/a,n/a
1134,城隍村志,n/a,n/a,n/a,2003,1963,1980,n/a,1957
1136,诸暨渔橹赵家村志(重修本),n/a,n/a,n/a,n/a,n/a,1981,n/a,1964
1137,翠峰村志,n/a,n/a,n/a,n/a,1964,n/a,n/a,n/a
1138,三元里村志,n/a,n/a,n/a,1956,n/a,n/a,n/a,n/a
1140,京水村志,n/a,n/a,n/a,n/a,1967,n/a,n/a,n/a
1142,川底下村志,n/a,n/a,n/a,1975,1972,n/a,1958,1958
1143,陈坡村志,n/a,n/a,n/a,1982,n/a,n/a,n/a,n/a
1144,卜屯村志,n/a,n/a,n/a,1991,1978,n/a,n/a,n/a
1145,城关村志,n/a,n/a,n/a,n/a,1957,n/a,1958,1965
1146,良户村志,n/a,n/a,n/a,1986,n/a,1980,1955,1958
1148,陈庄村志,n/a,n/a,n/a,1990,1964,1978,1958,n/a
1149,下柏村志,n/a,n/a,n/a,n/a,1967,n/a,n/a,n/a
1150,红光村志,n/a,n/a,n/a,1994,1983,n/a,n/a,n/a
1151,段洼村志,n/a,n/a,n/a,n/a,1986,n/a,1956,1956
1152,金桥村志,n/a,n/a,n/a,1991,n/a,n/a,n/a,n/a
1154,岗李村志,n/a,n/a,n/a,2002,n/a,n/a,1957,n/a
1155,官道口村志,n/a,n/a,n/a,n/a,1977,n/a,n/a,n/a
1156,仁里村志,n/a,n/a,n/a,n/a,1967,n/a,n/a,1960
1157,荆彰村志,n/a,n/a,n/a,2012,1975,n/a,n/a,n/a
1158,周村村志,n/a,n/a,n/a,1982,n/a,n/a,n/a,n/a
1159,东富庄村志,n/a,n/a,n/a,n/a,1981,1982,n/a,n/a
1160,大里村志,n/a,n/a,n/a,1984,1969,1972,n/a,n/a
1161,大田村志,n/a,n/a,n/a,1984,1965,n/a,n/a,n/a
1162,东陈村志,n/a,n/a,n/a,1988,1970,1975,1974,n/a
1163,大溪村志,n/a,n/a,n/a,1988,1966,n/a,1958,n/a
1164,东岙顶村志,n/a,n/a,n/a,1989,1967,n/a,n/a,n/a
1165,东冠村志,n/a,n/a,n/a,1989,1960,n/a,1958,1957
1166,丰江周村志,1988,n/a,n/a,1985,1971,n/a,n/a,n/a
1167,六峰村志,n/a,n/a,n/a,1986,1969,n/a,1958,n/a
1168,康桥村村志,n/a,n/a,n/a,1971,1957,n/a,n/a,n/a
1169,岭口村志,n/a,n/a,n/a,1986,1971,n/a,1978,n/a
1171,东关村志,n/a,n/a,n/a,n/a,1981,n/a,n/a,n/a
1172,路西村志,n/a,n/a,n/a,1995,1974,n/a,1958,1958
1173,兰墅桥村志,n/a,n/a,n/a,n/a,1969,n/a,n/a,n/a
1174,励江岸村志,n/a,n/a,n/a,1984,1968,n/a,n/a,n/a
1175,绿景村志,n/a,n/a,n/a,1986,n/a,n/a,n/a,n/a
1176,东山王村志,n/a,n/a,n/a,1983,1961,n/a,n/a,n/a
1177,东良村志,n/a,n/a,n/a,1989,1961,n/a,n/a,1958
1178,东坊北村志,n/a,n/a,n/a,n/a,n/a,1978,n/a,1957
1179,东鲁村志,n/a,n/a,n/a,1988,1969,n/a,1958,n/a
1180,大崂村志,n/a,n/a,n/a,1996,1963,n/a,1962,1957
1181,董家下庄村志,n/a,n/a,n/a,1981,1958,1975,1956,1958
1182,团结(碁南)村志,n/a,n/a,n/a,1995,1982,n/a,n/a,n/a
1183,高念文村志,n/a,n/a,n/a,2003,1997,n/a,n/a,n/a
1184,宝陵村志,n/a,n/a,n/a,1983,1967,n/a,1958,n/a
1185,大濠村志,n/a,n/a,n/a,1982,n/a,1980,n/a,n/a
1186,太家沟村志,n/a,n/a,n/a,2007,n/a,n/a,n/a,n/a
1187,大官庄村志,n/a,n/a,n/a,1987,1959,n/a,n/a,n/a
1188,董格庄村志,n/a,n/a,n/a,2002,n/a,n/a,n/a,n/a
1190,西屯村志,n/a,n/a,n/a,n/a,1958,n/a,1960,1958
1191,怀珍坊村志,n/a,n/a,n/a,1996,1976,1979,n/a,1958
1192,杨柳塬志,n/a,n/a,n/a,n/a,2000,n/a,n/a,n/a
1193,杨家村志,n/a,n/a,n/a,2009,1965,n/a,n/a,n/a
1195,大山西村志,n/a,n/a,n/a,n/a,1961,n/a,n/a,1959
1196,丰台区卢沟桥乡郭庄子村志,n/a,n/a,n/a,1975,n/a,n/a,n/a,1957
1197,沈家坟村志,n/a,n/a,n/a,1975,1961,n/a,n/a,n/a
1198,雷庄村志,n/a,n/a,n/a,1974,1963,1974,n/a,n/a
1199,中滩村志,n/a,n/a,n/a,1985,1964,n/a,1956,n/a
1200,丰台区卢沟桥乡郑常庄村志,n/a,n/a,n/a,n/a,n/a,1979,n/a,n/a
